player_id,player_name,round,gw_date,total_points,goals_scored,assists,minutes,was_home,opponent,points_per_90,avg_sentiment,weighted_sentiment,n_comments,negative_share,positive_share,pre_sentiment,post_sentiment,n_comments_pre,n_comments_post,low_sample_flag,points_zscore,sentiment_zscore,divergence_zscore
310,Alisson Becker,1,2024-08-17 11:30:00+00:00,7.0,0.0,0.0,90.0,False,Ipswich,7.0,0.07965789473684211,0.12802245762711864,19.0,0.3684210526315789,0.3157894736842105,0.04907500000000001,0.1019,8.0,11.0,False,1.5614625851000428,-0.062456800757276276,-1.623919385857319
310,Alisson Becker,2,2024-08-25 15:30:00+00:00,6.0,0.0,0.0,90.0,True,Brentford,6.0,0.3305952380952381,0.45591623931623926,21.0,0.23809523809523808,0.5714285714285714,0.4294,0.32019473684210525,2.0,19.0,False,1.2596341547759395,1.0990330362005951,-0.16060111857534443
310,Alisson Becker,3,2024-09-01 15:00:00+00:00,8.0,0.0,0.0,90.0,False,Man Utd,8.0,0.27099999999999996,0.4326915254237288,17.0,0.058823529411764705,0.5294117647058824,0.2202,0.27777333333333337,2.0,15.0,False,1.8632910154241462,0.8231902204111463,-1.040100795013
310,Alisson Becker,4,2024-09-14 14:00:00+00:00,2.0,0.0,0.0,90.0,True,Nott'm Forest,2.0,0.062183333333333334,0.03107467248908298,18.0,0.2777777777777778,0.3333333333333333,-0.1468,0.10398,3.0,15.0,False,0.0523204334795266,-0.14333964268042373,-0.19566007615995035
310,Alisson Becker,5,2024-09-21 14:00:00+00:00,0.0,0.0,0.0,0.0,True,Bournemouth,0.0,,,,,,,,,,,-0.5513364271686799,,
310,Alisson Becker,6,2024-09-28 16:30:00+00:00,2.0,0.0,0.0,90.0,False,Wolves,2.0,-0.12703529411764705,-0.35421441048034935,17.0,0.5294117647058824,0.29411764705882354,0.0,-0.13497499999999998,1.0,16.0,False,0.0523204334795266,-1.019157923873995,-1.0714783573535216
310,Alisson Becker,7,2024-10-05 11:30:00+00:00,10.0,0.0,0.0,78.0,False,Crystal Palace,11.538461538461538,0.35415151515151516,0.4096183622828784,33.0,0.15151515151515152,0.6666666666666666,0.24109999999999998,0.3792740740740741,6.0,27.0,False,2.4669478760723527,1.208065737476757,-1.2588821385955957
310,Alisson Becker,8,2024-10-20 15:30:00+00:00,0.0,0.0,0.0,0.0,True,Chelsea,0.0,0.0,0.0,1.0,0.0,0.0,0.0,0.0,0.0,1.0,True,-0.5513364271686799,-0.43116172897579036,0.12017469819288956
310,Alisson Becker,9,2024-10-27 16:30:00+00:00,0.0,0.0,0.0,0.0,False,Arsenal,0.0,,,,,,,,,,,-0.5513364271686799,,
310,Alisson Becker,10,2024-11-02 15:00:00+00:00,0.0,0.0,0.0,0.0,True,Brighton,0.0,0.0,0.0,1.0,0.0,0.0,0.0,0.0,0.0,1.0,True,-0.5513364271686799,-0.43116172897579036,0.12017469819288956
310,Alisson Becker,11,2024-11-09 20:00:00+00:00,0.0,0.0,0.0,0.0,True,Aston Villa,0.0,,,,,,,,,,,-0.5513364271686799,,
310,Alisson Becker,12,2024-11-24 14:00:00+00:00,0.0,0.0,0.0,0.0,False,Southampton,0.0,-0.148,-0.26639999999999997,2.0,0.5,0.0,-0.148,-0.148,0.0,2.0,True,-0.5513364271686799,-1.1161952659103536,-0.5648588387416736
310,Alisson Becker,13,2024-12-01 16:00:00+00:00,0.0,0.0,0.0,0.0,True,Man City,0.0,,,,,,,,,,,-0.5513364271686799,,
310,Alisson Becker,14,2024-12-04 19:30:00+00:00,0.0,0.0,0.0,0.0,False,Newcastle,0.0,,,,,,,,,,,-0.5513364271686799,,
310,Alisson Becker,16,2024-12-14 15:00:00+00:00,1.0,0.0,0.0,90.0,True,Fulham,1.0,0.022058823529411766,0.011166500000000003,17.0,0.35294117647058826,0.35294117647058826,-0.035339999999999996,0.045974999999999995,5.0,12.0,False,-0.24950799684457664,-0.3290601485503288,-0.07955215170575214
310,Alisson Becker,17,2024-12-22 16:30:00+00:00,1.0,0.0,0.0,90.0,False,Spurs,1.0,-0.11945294117647058,-0.37331236559139785,17.0,0.47058823529411764,0.17647058823529413,-0.11945294117647058,-0.11945294117647058,0.0,17.0,False,-0.24950799684457664,-0.9840622072957497,-0.7345542104511731
310,Alisson Becker,18,2024-12-26 20:00:00+00:00,2.0,0.0,0.0,90.0,True,Leicester,2.0,-0.08052666666666668,-0.137626359832636,15.0,0.4666666666666667,0.26666666666666666,-0.11817499999999997,-0.06683636363636364,4.0,11.0,False,0.0523204334795266,-0.8038878592745556,-0.8562082927540823
310,Alisson Becker,19,2024-12-29 17:15:00+00:00,6.0,0.0,0.0,90.0,False,West Ham,6.0,0.3814181818181818,0.5229509174311927,11.0,0.18181818181818182,0.6363636363636364,0.30828,0.44236666666666663,5.0,6.0,False,1.2596341547759395,1.3342723665786653,0.07463821180272578
310,Alisson Becker,20,2025-01-05 16:30:00+00:00,1.0,0.0,0.0,90.0,True,Man Utd,1.0,0.045476470588235285,0.036217224880382794,17.0,0.35294117647058826,0.47058823529411764,0.07947499999999999,0.03501538461538461,4.0,13.0,False,-0.24950799684457664,-0.22066911077065887,0.02883888607391777
310,Alisson Becker,21,2025-01-14 20:00:00+00:00,2.0,0.0,0.0,90.0,False,Nott'm Forest,2.0,-0.13693,-0.30704347826086953,10.0,0.6,0.3,-0.1027,-0.1407333333333333,1.0,9.0,False,0.0523204334795266,-1.0649566087896398,-1.1172770422691665
310,Alisson Becker,22,2025-01-18 15:00:00+00:00,9.0,0.0,0.0,90.0,False,Brentford,9.0,0.3335555555555556,0.30825671641791047,18.0,0.16666666666666666,0.7222222222222222,0.4215,0.32838235294117646,1.0,17.0,False,2.165119445748249,1.1127351763376927,-1.0523842694105565
310,Alisson Becker,23,2025-01-25 15:00:00+00:00,2.0,0.0,0.0,90.0,True,Ipswich,2.0,-0.21711111111111114,-0.11153840579710146,9.0,0.5555555555555556,0.2222222222222222,-0.4404,-0.18920000000000003,1.0,8.0,False,0.0523204334795266,-1.4360832989233405,-1.4884037324028672
310,Alisson Becker,24,2025-02-01 15:00:00+00:00,10.0,0.0,0.0,180.0,False,Bournemouth,5.0,0.04482564102564103,0.01909021922428328,39.0,0.3333333333333333,0.358974358974359,-0.31901999999999997,0.09833235294117648,5.0,34.0,False,2.4669478760723527,-0.22368154372475021,-2.690629419797103
310,Alisson Becker,25,2025-02-16 14:00:00+00:00,4.0,0.0,0.0,180.0,True,Wolves,2.0,0.12621363636363636,0.047474603174603176,22.0,0.3181818181818182,0.45454545454545453,0.4215,0.11215238095238098,1.0,21.0,False,0.6559772941277332,0.1530313367509301,-0.5029459573768031
310,Alisson Becker,26,2025-02-23 16:30:00+00:00,8.0,0.0,0.0,90.0,False,Man City,8.0,0.309775,0.46396324503311265,16.0,0.25,0.6875,0.4294,0.29268571428571427,2.0,14.0,False,1.8632910154241462,1.002664378483023,-0.8606266369411233
310,Alisson Becker,27,2025-02-26 20:15:00+00:00,6.0,0.0,0.0,90.0,True,Newcastle,6.0,0.18761249999999996,0.2935050847457627,16.0,0.25,0.5625,0.44015,0.1515357142857143,2.0,14.0,False,1.2596341547759395,0.43722242270080236,-0.8224117320751372
310,Alisson Becker,28,2025-03-08 15:00:00+00:00,3.0,0.0,0.0,90.0,True,Southampton,3.0,0.1430111111111111,0.28854780219780224,9.0,0.2222222222222222,0.4444444444444444,0.1868,0.13049999999999998,2.0,7.0,False,0.35414886380362987,0.2307802120065492,-0.12336865179708068
310,Alisson Becker,30,2025-04-02 19:00:00+00:00,0.0,0.0,0.0,0.0,True,Everton,0.0,,,,,,,,,,,-0.5513364271686799,,
310,Alisson Becker,31,2025-04-06 13:00:00+00:00,0.0,0.0,0.0,0.0,False,Fulham,0.0,,,,,,,,,,,-0.5513364271686799,,
310,Alisson Becker,32,2025-04-13 13:00:00+00:00,3.0,0.0,0.0,90.0,True,West Ham,3.0,-0.3683555555555555,-0.47733200000000003,9.0,0.6666666666666666,0.1111111111111111,0.6249,-0.4925125,1.0,8.0,False,0.35414886380362987,-2.1361340875684807,-2.4902829513721105
310,Alisson Becker,33,2025-04-20 15:30:00+00:00,6.0,0.0,0.0,90.0,False,Leicester,6.0,0.21930833333333336,0.2509046052631579,12.0,0.3333333333333333,0.5,0.387625,0.13515,4.0,8.0,False,1.2596341547759395,0.5839299146901389,-0.6757042400858007
310,Alisson Becker,34,2025-04-27 15:30:00+00:00,2.0,0.0,0.0,90.0,True,Spurs,2.0,-0.015000000000000022,-0.14236678700361008,13.0,0.38461538461538464,0.3076923076923077,-0.41995,0.05862727272727271,2.0,11.0,False,0.0523204334795266,-0.5005908036651043,-0.552911237144631
310,Alisson Becker,35,2025-05-04 15:30:00+00:00,2.0,0.0,0.0,90.0,False,Chelsea,2.0,0.016953333333333327,0.0658645569620253,15.0,0.26666666666666666,0.26666666666666666,0.0073999999999999995,0.01934166666666666,3.0,12.0,False,0.0523204334795266,-0.3526914458936014,-0.405011879373128
310,Alisson Becker,36,2025-05-11 15:30:00+00:00,2.0,0.0,0.0,90.0,True,Arsenal,2.0,-0.04479333333333333,-0.23934541984732818,15.0,0.3333333333333333,0.26666666666666666,0.0,-0.047992857142857136,1.0,14.0,False,0.0523204334795266,-0.6384923746813458,-0.6908128081608724
310,Alisson Becker,37,2025-05-19 19:00:00+00:00,4.0,0.0,0.0,90.0,False,Brighton,4.0,0.26261875,0.40495752895752896,16.0,0.25,0.5,0.26261875,0.26261875,0.0,16.0,False,0.6559772941277332,0.7843967249284924,0.12841943080075924
310,Alisson Becker,38,2025-05-25 15:00:00+00:00,3.0,0.0,0.0,90.0,True,Crystal Palace,3.0,0.0263875,-0.021949180327868842,8.0,0.375,0.25,0.1594,-0.017949999999999983,2.0,6.0,False,0.35414886380362987,-0.3090244150848391,-0.663173278888469
311,Trent Alexander-Arnold,1,2024-08-17 11:30:00+00:00,8.0,0.0,0.0,76.0,False,Ipswich,9.473684210526315,0.47706363636363636,0.5134622093023254,11.0,0.09090909090909091,0.8181818181818182,0.4496,0.48316666666666674,2.0,9.0,False,1.8632910154241462,1.776977393733981,-0.08631362169016521
311,Trent Alexander-Arnold,2,2024-08-25 15:30:00+00:00,6.0,0.0,0.0,71.0,True,Brentford,7.605633802816902,0.3103916666666667,0.4476612021857924,12.0,0.16666666666666666,0.5,0.72885,0.22669999999999998,2.0,10.0,False,1.2596341547759395,1.0055186848869169,-0.25411546988902267
311,Trent Alexander-Arnold,3,2024-09-01 15:00:00+00:00,6.0,0.0,0.0,75.0,False,Man Utd,7.199999999999999,0.2907476190476191,0.4373990384615384,21.0,0.19047619047619047,0.6190476190476191,-0.6369,0.33713000000000004,1.0,20.0,False,1.2596341547759395,0.9145941482640306,-0.3450400065119089
311,Trent Alexander-Arnold,4,2024-09-14 14:00:00+00:00,1.0,0.0,0.0,90.0,True,Nott'm Forest,1.0,-0.08242666666666665,0.01569481481481481,15.0,0.4,0.26666666666666666,0.4215,-0.11842142857142855,1.0,14.0,False,-0.24950799684457664,-0.8126822087352019,-0.5631742118906253
311,Trent Alexander-Arnold,5,2024-09-21 14:00:00+00:00,11.0,0.0,1.0,90.0,True,Bournemouth,11.0,0.3626689655172413,0.5185637651821863,29.0,0.27586206896551724,0.6206896551724138,0.8653,0.325437037037037,2.0,27.0,False,2.7687763063964557,1.247489650650392,-1.5212866557460636
311,Trent Alexander-Arnold,6,2024-09-28 16:30:00+00:00,1.0,0.0,0.0,90.0,False,Wolves,1.0,-0.012188888888888897,-0.12884913793103447,9.0,0.2222222222222222,0.2222222222222222,-0.012188888888888897,-0.012188888888888897,0.0,9.0,False,-0.24950799684457664,-0.4875792807788847,-0.23807128393430804
311,Trent Alexander-Arnold,7,2024-10-05 11:30:00+00:00,8.0,0.0,0.0,90.0,False,Crystal Palace,8.0,0.43948571428571437,0.609696551724138,14.0,0.0,0.7142857142857143,0.15293333333333334,0.5176363636363637,3.0,11.0,False,1.8632910154241462,1.6030440364928302,-0.260246978931316
311,Trent Alexander-Arnold,8,2024-10-20 15:30:00+00:00,2.0,0.0,0.0,80.0,True,Chelsea,2.25,-0.027255555555555557,-0.17506111111111114,9.0,0.3333333333333333,0.3333333333333333,-0.027255555555555557,-0.027255555555555557,0.0,9.0,False,0.0523204334795266,-0.5573169291334843,-0.6096373626130109
311,Trent Alexander-Arnold,9,2024-10-27 16:30:00+00:00,1.0,0.0,0.0,90.0,False,Arsenal,1.0,0.02431111111111111,0.1023780303030303,9.0,0.2222222222222222,0.3333333333333333,0.02431111111111111,0.02431111111111111,0.0,9.0,False,-0.24950799684457664,-0.31863519903488763,-0.06912720219031099
311,Trent Alexander-Arnold,10,2024-11-02 15:00:00+00:00,2.0,0.0,0.0,90.0,True,Brighton,2.0,-0.16767857142857143,-0.32842029702970293,14.0,0.5,0.14285714285714285,-0.18333333333333335,-0.16340909090909092,3.0,11.0,False,0.0523204334795266,-1.207279599609906,-1.2596000330894326
311,Trent Alexander-Arnold,11,2024-11-09 20:00:00+00:00,1.0,0.0,0.0,24.0,True,Aston Villa,3.75,0.1044,-0.08049024390243897,10.0,0.2,0.5,0.6249,0.04656666666666668,1.0,9.0,False,-0.24950799684457664,0.05206463086183405,0.3015726277064107
311,Trent Alexander-Arnold,12,2024-11-24 14:00:00+00:00,0.0,0.0,0.0,0.0,False,Southampton,0.0,,,,,,,,,,,-0.5513364271686799,,
311,Trent Alexander-Arnold,13,2024-12-01 16:00:00+00:00,8.0,0.0,0.0,72.0,True,Man City,10.0,0.28320476190476196,0.22331891891891892,21.0,0.19047619047619047,0.5714285714285714,0.8588,0.254425,1.0,20.0,False,1.8632910154241462,0.8796812421345472,-0.983609773289599
311,Trent Alexander-Arnold,14,2024-12-04 19:30:00+00:00,6.0,0.0,2.0,23.0,False,Newcastle,23.47826086956522,0.32934800000000003,0.5238548648648649,25.0,0.16,0.64,0.21674,0.35750000000000004,5.0,20.0,False,1.2596341547759395,1.0932600637426189,-0.16637409103332068
311,Trent Alexander-Arnold,16,2024-12-14 15:00:00+00:00,1.0,0.0,0.0,78.0,True,Fulham,1.1538461538461537,0.10478888888888889,0.2982536231884058,9.0,0.1111111111111111,0.3333333333333333,0.10478888888888889,0.10478888888888889,0.0,9.0,False,-0.24950799684457664,0.05386464390933475,0.3033726407539114
311,Trent Alexander-Arnold,17,2024-12-22 16:30:00+00:00,4.0,0.0,1.0,90.0,False,Spurs,4.0,0.06736363636363636,0.1227688679245283,11.0,0.2727272727272727,0.5454545454545454,0.5037,-0.029600000000000022,2.0,9.0,False,0.6559772941277332,-0.11936206628014454,-0.7753393604078778
311,Trent Alexander-Arnold,18,2024-12-26 20:00:00+00:00,2.0,0.0,0.0,90.0,True,Leicester,2.0,0.17103571428571426,0.26748695652173915,14.0,0.21428571428571427,0.5,-0.33525,0.2554166666666667,2.0,12.0,False,0.0523204334795266,0.36049502980307624,0.30817459632354965
311,Trent Alexander-Arnold,19,2024-12-29 17:15:00+00:00,15.0,1.0,0.0,90.0,False,West Ham,15.0,0.3482074074074074,0.4475491295938104,27.0,0.1111111111111111,0.5925925925925926,0.14138571428571428,0.42059499999999994,7.0,20.0,False,3.976090027692869,1.1805528107749579,-2.795537216917911
311,Trent Alexander-Arnold,20,2025-01-05 16:30:00+00:00,0.0,0.0,0.0,85.0,True,Man Utd,0.0,-0.33505789473684205,-0.38847660818713453,19.0,0.5263157894736842,0.05263157894736842,-0.27996666666666664,-0.34538750000000007,3.0,16.0,False,-0.5513364271686799,-1.9820123689043545,-1.4306759417356747
311,Trent Alexander-Arnold,21,2025-01-14 20:00:00+00:00,2.0,0.0,0.0,90.0,False,Nott'm Forest,2.0,0.01628666666666667,-0.2102074074074074,15.0,0.26666666666666666,0.3333333333333333,0.01628666666666667,0.01628666666666667,0.0,15.0,False,0.0523204334795266,-0.3557771825464598,-0.4080976160259864
311,Trent Alexander-Arnold,22,2025-01-18 15:00:00+00:00,11.0,0.0,1.0,90.0,False,Brentford,11.0,0.17479714285714285,0.2862099082568807,35.0,0.37142857142857144,0.5714285714285714,0.3182857142857142,0.138925,7.0,28.0,False,2.7687763063964557,0.37790519681802515,-2.3908711095784305
311,Trent Alexander-Arnold,23,2025-01-25 15:00:00+00:00,5.0,0.0,1.0,90.0,True,Ipswich,5.0,0.19325000000000003,0.3401953846153846,12.0,0.3333333333333333,0.5,0.14485,0.21745,4.0,8.0,False,0.9578057244518364,0.4633161832715365,-0.4944895411802999
311,Trent Alexander-Arnold,24,2025-02-01 15:00:00+00:00,7.0,0.0,0.0,98.0,False,Bournemouth,6.428571428571429,0.032064864864864866,4.9655172413792897e-05,37.0,0.35135135135135137,0.43243243243243246,0.2083,0.016514705882352945,3.0,34.0,False,1.5614625851000428,-0.2827461358020931,-1.8442087209021358
311,Trent Alexander-Arnold,25,2025-02-16 14:00:00+00:00,13.0,1.0,0.0,128.0,True,Wolves,9.140625,0.28819999999999996,0.3547263339070568,40.0,0.15,0.6,0.36848333333333333,0.27403235294117645,6.0,34.0,False,3.372433167044662,0.9028022260548928,-2.469630940989769
311,Trent Alexander-Arnold,26,2025-02-23 16:30:00+00:00,6.0,0.0,0.0,90.0,False,Man City,6.0,0.4184125,0.508155421686747,8.0,0.0,0.75,0.4184125,0.4184125,0.0,8.0,False,1.2596341547759395,1.5055044519203784,0.24587029714443887
311,Trent Alexander-Arnold,27,2025-02-26 20:15:00+00:00,6.0,0.0,0.0,76.0,True,Newcastle,7.105263157894737,0.3939047619047619,0.41002207446808514,21.0,0.14285714285714285,0.7142857142857143,0.41235,0.38652666666666674,6.0,15.0,False,1.2596341547759395,1.3920678133416833,0.13243365856574374
311,Trent Alexander-Arnold,28,2025-03-08 15:00:00+00:00,2.0,0.0,0.0,88.0,True,Southampton,2.0454545454545454,0.06976666666666666,0.11706515151515151,18.0,0.3333333333333333,0.5,0.10774999999999998,0.06501874999999999,2.0,16.0,False,0.0523204334795266,-0.10823938825415955,-0.16055982173368616
311,Trent Alexander-Arnold,30,2025-04-02 19:00:00+00:00,0.0,0.0,0.0,0.0,True,Everton,0.0,,,,,,,,,,,-0.5513364271686799,,
311,Trent Alexander-Arnold,31,2025-04-06 13:00:00+00:00,0.0,0.0,0.0,0.0,False,Fulham,0.0,,,,,,,,,,,-0.5513364271686799,,
311,Trent Alexander-Arnold,32,2025-04-13 13:00:00+00:00,0.0,0.0,0.0,0.0,True,West Ham,0.0,,,,,,,,,,,-0.5513364271686799,,
311,Trent Alexander-Arnold,33,2025-04-20 15:30:00+00:00,6.0,1.0,0.0,19.0,False,Leicester,28.42105263157895,0.2596363636363636,0.28168989898989893,11.0,0.2727272727272727,0.45454545454545453,0.37805,0.2333222222222222,2.0,9.0,False,1.2596341547759395,0.7705924365556056,-0.48904171822033393
311,Trent Alexander-Arnold,34,2025-04-27 15:30:00+00:00,5.0,0.0,1.0,75.0,True,Spurs,6.0,0.05637058823529412,-0.0853051886792453,17.0,0.29411764705882354,0.35294117647058826,-0.14302,0.13945,5.0,12.0,False,0.9578057244518364,-0.17024454358453758,-1.128050268036374
311,Trent Alexander-Arnold,35,2025-05-04 15:30:00+00:00,0.0,0.0,0.0,56.0,False,Chelsea,0.0,-0.09738333333333336,-0.08251530612244896,12.0,0.4166666666666667,0.16666666666666666,0.2202,-0.16090000000000002,2.0,10.0,False,-0.5513364271686799,-0.8819107105420803,-0.33057428337340033
311,Trent Alexander-Arnold,36,2025-05-11 15:30:00+00:00,1.0,0.0,0.0,23.0,True,Arsenal,3.91304347826087,0.11386153846153846,0.05396800000000002,13.0,0.23076923076923078,0.46153846153846156,0.0814,0.11976363636363638,2.0,11.0,False,-0.24950799684457664,0.09585835489663197,0.3453663517412086
311,Trent Alexander-Arnold,37,2025-05-19 19:00:00+00:00,0.0,0.0,0.0,0.0,False,Brighton,0.0,,,,,,,,,,,-0.5513364271686799,,
311,Trent Alexander-Arnold,38,2025-05-25 15:00:00+00:00,1.0,0.0,0.0,45.0,True,Crystal Palace,2.0,0.10782666666666667,0.09706545454545454,15.0,0.13333333333333333,0.3333333333333333,0.10782666666666667,0.10782666666666667,0.0,15.0,False,-0.24950799684457664,0.06792531725752617,0.3174333141021028
312,Stefan Bajčetić Maquieira,1,2024-08-17 11:30:00+00:00,0.0,0.0,0.0,0.0,False,Ipswich,0.0,,,,,,,,,,,-0.5513364271686799,,
312,Stefan Bajčetić Maquieira,2,2024-08-25 15:30:00+00:00,0.0,0.0,0.0,0.0,True,Brentford,0.0,,,,,,,,,,,-0.5513364271686799,,
312,Stefan Bajčetić Maquieira,3,2024-09-01 15:00:00+00:00,0.0,0.0,0.0,0.0,False,Man Utd,0.0,,,,,,,,,,,-0.5513364271686799,,
312,Stefan Bajčetić Maquieira,4,2024-09-14 14:00:00+00:00,0.0,0.0,0.0,0.0,True,Nott'm Forest,0.0,0.0,0.0,1.0,0.0,0.0,0.0,0.0,0.0,1.0,True,-0.5513364271686799,-0.43116172897579036,0.12017469819288956
312,Stefan Bajčetić Maquieira,5,2024-09-21 14:00:00+00:00,0.0,0.0,0.0,0.0,True,Bournemouth,0.0,-0.4404,-0.4404,1.0,1.0,0.0,-0.4404,-0.4404,0.0,1.0,True,-0.5513364271686799,-2.4695993618540446,-1.9182629346853646
312,Stefan Bajčetić Maquieira,6,2024-09-28 16:30:00+00:00,0.0,0.0,0.0,0.0,False,Wolves,0.0,0.0,0.0,1.0,0.0,0.0,0.0,0.0,0.0,1.0,True,-0.5513364271686799,-0.43116172897579036,0.12017469819288956
312,Stefan Bajčetić Maquieira,7,2024-10-05 11:30:00+00:00,0.0,0.0,0.0,0.0,False,Crystal Palace,0.0,,,,,,,,,,,-0.5513364271686799,,
312,Stefan Bajčetić Maquieira,8,2024-10-20 15:30:00+00:00,0.0,0.0,0.0,0.0,True,Chelsea,0.0,0.0,0.0,2.0,0.0,0.0,0.0,0.0,0.0,2.0,True,-0.5513364271686799,-0.43116172897579036,0.12017469819288956
312,Stefan Bajčetić Maquieira,9,2024-10-27 16:30:00+00:00,0.0,0.0,0.0,0.0,False,Arsenal,0.0,,,,,,,,,,,-0.5513364271686799,,
312,Stefan Bajčetić Maquieira,10,2024-11-02 15:00:00+00:00,0.0,0.0,0.0,0.0,True,Brighton,0.0,0.17804999999999999,-0.009116666666666662,2.0,0.5,0.5,0.17804999999999999,0.17804999999999999,0.0,2.0,True,-0.5513364271686799,0.39296138758636495,0.9442978147550449
312,Stefan Bajčetić Maquieira,11,2024-11-09 20:00:00+00:00,0.0,0.0,0.0,0.0,True,Aston Villa,0.0,,,,,,,,,,,-0.5513364271686799,,
312,Stefan Bajčetić Maquieira,12,2024-11-24 14:00:00+00:00,0.0,0.0,0.0,0.0,False,Southampton,0.0,,,,,,,,,,,-0.5513364271686799,,
312,Stefan Bajčetić Maquieira,13,2024-12-01 16:00:00+00:00,0.0,0.0,0.0,0.0,True,Man City,0.0,,,,,,,,,,,-0.5513364271686799,,
312,Stefan Bajčetić Maquieira,14,2024-12-04 19:30:00+00:00,0.0,0.0,0.0,0.0,False,Newcastle,0.0,,,,,,,,,,,-0.5513364271686799,,
312,Stefan Bajčetić Maquieira,16,2024-12-14 15:00:00+00:00,0.0,0.0,0.0,0.0,True,Fulham,0.0,,,,,,,,,,,-0.5513364271686799,,
312,Stefan Bajčetić Maquieira,17,2024-12-22 16:30:00+00:00,0.0,0.0,0.0,0.0,False,Spurs,0.0,,,,,,,,,,,-0.5513364271686799,,
312,Stefan Bajčetić Maquieira,18,2024-12-26 20:00:00+00:00,0.0,0.0,0.0,0.0,True,Leicester,0.0,,,,,,,,,,,-0.5513364271686799,,
312,Stefan Bajčetić Maquieira,19,2024-12-29 17:15:00+00:00,0.0,0.0,0.0,0.0,False,West Ham,0.0,,,,,,,,,,,-0.5513364271686799,,
312,Stefan Bajčetić Maquieira,20,2025-01-05 16:30:00+00:00,0.0,0.0,0.0,0.0,True,Man Utd,0.0,,,,,,,,,,,-0.5513364271686799,,
312,Stefan Bajčetić Maquieira,21,2025-01-14 20:00:00+00:00,0.0,0.0,0.0,0.0,False,Nott'm Forest,0.0,,,,,,,,,,,-0.5513364271686799,,
312,Stefan Bajčetić Maquieira,22,2025-01-18 15:00:00+00:00,0.0,0.0,0.0,0.0,False,Brentford,0.0,,,,,,,,,,,-0.5513364271686799,,
312,Stefan Bajčetić Maquieira,23,2025-01-25 15:00:00+00:00,0.0,0.0,0.0,0.0,True,Ipswich,0.0,,,,,,,,,,,-0.5513364271686799,,
312,Stefan Bajčetić Maquieira,24,2025-02-01 15:00:00+00:00,0.0,0.0,0.0,0.0,False,Bournemouth,0.0,,,,,,,,,,,-0.5513364271686799,,
312,Stefan Bajčetić Maquieira,25,2025-02-16 14:00:00+00:00,0.0,0.0,0.0,0.0,True,Wolves,0.0,,,,,,,,,,,-0.5513364271686799,,
312,Stefan Bajčetić Maquieira,26,2025-02-23 16:30:00+00:00,0.0,0.0,0.0,0.0,False,Man City,0.0,0.3182,0.3182,1.0,0.0,1.0,0.3182,0.3182,0.0,1.0,True,-0.5513364271686799,1.0416603754335207,1.5929968026022006
312,Stefan Bajčetić Maquieira,27,2025-02-26 20:15:00+00:00,0.0,0.0,0.0,0.0,True,Newcastle,0.0,0.4215,0.4215,1.0,0.0,1.0,0.4215,0.4215,0.0,1.0,True,-0.5513364271686799,1.5197952697939288,2.071131696962609
312,Stefan Bajčetić Maquieira,28,2025-03-08 15:00:00+00:00,0.0,0.0,0.0,0.0,True,Southampton,0.0,,,,,,,,,,,-0.5513364271686799,,
312,Stefan Bajčetić Maquieira,30,2025-04-02 19:00:00+00:00,0.0,0.0,0.0,0.0,True,Everton,0.0,,,,,,,,,,,-0.5513364271686799,,
312,Stefan Bajčetić Maquieira,31,2025-04-06 13:00:00+00:00,0.0,0.0,0.0,0.0,False,Fulham,0.0,,,,,,,,,,,-0.5513364271686799,,
312,Stefan Bajčetić Maquieira,32,2025-04-13 13:00:00+00:00,0.0,0.0,0.0,0.0,True,West Ham,0.0,,,,,,,,,,,-0.5513364271686799,,
312,Stefan Bajčetić Maquieira,33,2025-04-20 15:30:00+00:00,0.0,0.0,0.0,0.0,False,Leicester,0.0,,,,,,,,,,,-0.5513364271686799,,
312,Stefan Bajčetić Maquieira,34,2025-04-27 15:30:00+00:00,0.0,0.0,0.0,0.0,True,Spurs,0.0,,,,,,,,,,,-0.5513364271686799,,
312,Stefan Bajčetić Maquieira,35,2025-05-04 15:30:00+00:00,0.0,0.0,0.0,0.0,False,Chelsea,0.0,,,,,,,,,,,-0.5513364271686799,,
312,Stefan Bajčetić Maquieira,36,2025-05-11 15:30:00+00:00,0.0,0.0,0.0,0.0,True,Arsenal,0.0,0.5232,0.5571,2.0,0.0,1.0,0.4215,0.6249,1.0,1.0,True,-0.5513364271686799,1.9905243961874766,2.5418608233561564
312,Stefan Bajčetić Maquieira,37,2025-05-19 19:00:00+00:00,0.0,0.0,0.0,0.0,False,Brighton,0.0,,,,,,,,,,,-0.5513364271686799,,
312,Stefan Bajčetić Maquieira,38,2025-05-25 15:00:00+00:00,0.0,0.0,0.0,0.0,True,Crystal Palace,0.0,,,,,,,,,,,-0.5513364271686799,,
313,Conor Bradley,1,2024-08-17 11:30:00+00:00,1.0,0.0,0.0,13.0,False,Ipswich,1.0,0.05971666666666667,-0.12070873015873015,18.0,0.2222222222222222,0.4444444444444444,0.31245,0.028125000000000004,2.0,16.0,False,-0.24950799684457664,-0.15475686829599977,0.09475112854857687
313,Conor Bradley,2,2024-08-25 15:30:00+00:00,1.0,0.0,0.0,18.0,True,Brentford,5.0,-0.13709999999999997,-0.41503636363636365,9.0,0.3333333333333333,0.2222222222222222,-0.015199999999999991,-0.19804999999999998,3.0,6.0,False,-0.24950799684457664,-1.0657434716361187,-0.8162354747915421
313,Conor Bradley,3,2024-09-01 15:00:00+00:00,1.0,0.0,0.0,14.0,False,Man Utd,1.0,-0.2661888888888889,-0.4874328467153285,9.0,0.5555555555555556,0.2222222222222222,-0.488,-0.15528333333333336,3.0,6.0,False,-0.24950799684457664,-1.6632449455179326,-1.413736948673356
313,Conor Bradley,4,2024-09-14 14:00:00+00:00,1.0,0.0,0.0,30.0,True,Nott'm Forest,3.0,-0.2572083333333333,-0.2913323699421965,12.0,0.5,0.0,-0.296,-0.2536818181818182,1.0,11.0,False,-0.24950799684457664,-1.621677501356719,-1.3721695045121425
313,Conor Bradley,5,2024-09-21 14:00:00+00:00,0.0,0.0,0.0,0.0,True,Bournemouth,0.0,,,,,,,,,,,-0.5513364271686799,,
313,Conor Bradley,6,2024-09-28 16:30:00+00:00,0.0,0.0,0.0,0.0,False,Wolves,0.0,0.1591,0.1645862068965517,2.0,0.0,0.5,0.0,0.3182,1.0,1.0,True,-0.5513364271686799,0.3052493232288651,0.856585750397545
313,Conor Bradley,7,2024-10-05 11:30:00+00:00,0.0,0.0,0.0,0.0,False,Crystal Palace,0.0,,,,,,,,,,,-0.5513364271686799,,
313,Conor Bradley,8,2024-10-20 15:30:00+00:00,0.0,0.0,0.0,0.0,True,Chelsea,0.0,,,,,,,,,,,-0.5513364271686799,,
313,Conor Bradley,9,2024-10-27 16:30:00+00:00,0.0,0.0,0.0,0.0,False,Arsenal,0.0,0.3182,0.3182,1.0,0.0,1.0,0.3182,0.3182,1.0,0.0,True,-0.5513364271686799,1.0416603754335207,1.5929968026022006
313,Conor Bradley,10,2024-11-02 15:00:00+00:00,1.0,0.0,0.0,1.0,True,Brighton,1.0,0.16948125,0.14726,16.0,0.0625,0.375,0.24656666666666668,0.15169230769230768,3.0,13.0,False,-0.24950799684457664,0.35330002867009447,0.602808025514671
313,Conor Bradley,11,2024-11-09 20:00:00+00:00,6.0,0.0,0.0,65.0,True,Aston Villa,8.307692307692308,0.3526045454545454,0.4657968208092485,22.0,0.18181818181818182,0.6818181818181818,0.5311,0.32442105263157894,3.0,19.0,False,1.2596341547759395,1.2009054258345557,-0.05872872894138381
313,Conor Bradley,12,2024-11-24 14:00:00+00:00,0.0,0.0,0.0,90.0,False,Southampton,0.0,-0.199092,-0.24979519230769234,25.0,0.52,0.16,-0.16043333333333334,-0.21129999999999996,6.0,19.0,False,-0.5513364271686799,-1.352679951512115,-0.8013435243434351
313,Conor Bradley,13,2024-12-01 16:00:00+00:00,0.0,0.0,0.0,0.0,True,Man City,0.0,,,,,,,,,,,-0.5513364271686799,,
313,Conor Bradley,14,2024-12-04 19:30:00+00:00,0.0,0.0,0.0,0.0,False,Newcastle,0.0,,,,,,,,,,,-0.5513364271686799,,
313,Conor Bradley,16,2024-12-14 15:00:00+00:00,0.0,0.0,0.0,0.0,True,Fulham,0.0,,,,,,,,,,,-0.5513364271686799,,
313,Conor Bradley,17,2024-12-22 16:30:00+00:00,0.0,0.0,0.0,0.0,False,Spurs,0.0,0.4588,0.45879999999999993,1.0,0.0,1.0,0.4588,0.4588,0.0,1.0,True,-0.5513364271686799,1.6924422355213558,2.2437786626900356
313,Conor Bradley,18,2024-12-26 20:00:00+00:00,0.0,0.0,0.0,0.0,True,Leicester,0.0,,,,,,,,,,,-0.5513364271686799,,
313,Conor Bradley,19,2024-12-29 17:15:00+00:00,0.0,0.0,0.0,0.0,False,West Ham,0.0,0.0,0.0,2.0,0.0,0.0,0.0,0.0,1.0,1.0,True,-0.5513364271686799,-0.43116172897579036,0.12017469819288956
313,Conor Bradley,20,2025-01-05 16:30:00+00:00,1.0,0.0,0.0,4.0,True,Man Utd,1.0,0.36036999999999997,0.4844116666666667,10.0,0.0,0.7,0.2294,0.3931125,2.0,8.0,False,-0.24950799684457664,1.2368486474100782,1.4863566442546547
313,Conor Bradley,21,2025-01-14 20:00:00+00:00,0.0,0.0,0.0,0.0,False,Nott'm Forest,0.0,0.4215,0.4215,1.0,0.0,1.0,0.4215,0.4215,0.0,1.0,True,-0.5513364271686799,1.5197952697939288,2.071131696962609
313,Conor Bradley,22,2025-01-18 15:00:00+00:00,0.0,0.0,0.0,0.0,False,Brentford,0.0,,,,,,,,,,,-0.5513364271686799,,
313,Conor Bradley,23,2025-01-25 15:00:00+00:00,0.0,0.0,0.0,0.0,True,Ipswich,0.0,0.0,0.0,2.0,0.0,0.0,0.0,0.0,0.0,2.0,True,-0.5513364271686799,-0.43116172897579036,0.12017469819288956
313,Conor Bradley,24,2025-02-01 15:00:00+00:00,2.0,0.0,0.0,80.0,False,Bournemouth,2.25,-0.03588695652173912,-0.17372765151515152,23.0,0.30434782608695654,0.34782608695652173,-0.3283,0.04533888888888889,5.0,18.0,False,0.0523204334795266,-0.5972682746237892,-0.6495887081033158
313,Conor Bradley,25,2025-02-16 14:00:00+00:00,2.0,0.0,0.0,49.0,True,Wolves,3.6734693877551026,0.060710344827586214,-0.01326230529595015,29.0,0.3448275862068966,0.4482758620689655,0.43921666666666664,-0.03803043478260868,6.0,23.0,False,0.0523204334795266,-0.15015752461255824,-0.20247795809208485
313,Conor Bradley,26,2025-02-23 16:30:00+00:00,0.0,0.0,0.0,0.0,False,Man City,0.0,,,,,,,,,,,-0.5513364271686799,,
313,Conor Bradley,27,2025-02-26 20:15:00+00:00,0.0,0.0,0.0,0.0,True,Newcastle,0.0,,,,,,,,,,,-0.5513364271686799,,
313,Conor Bradley,28,2025-03-08 15:00:00+00:00,0.0,0.0,0.0,0.0,True,Southampton,0.0,,,,,,,,,,,-0.5513364271686799,,
313,Conor Bradley,30,2025-04-02 19:00:00+00:00,0.0,0.0,0.0,0.0,True,Everton,0.0,,,,,,,,,,,-0.5513364271686799,,
313,Conor Bradley,31,2025-04-06 13:00:00+00:00,4.0,0.0,1.0,23.0,False,Fulham,15.65217391304348,0.226875,0.28677857142857144,8.0,0.125,0.625,0.0,0.2592857142857143,1.0,7.0,False,0.6559772941277332,0.6189530257000816,-0.03702426842765161
313,Conor Bradley,32,2025-04-13 13:00:00+00:00,9.0,0.0,0.0,67.0,True,West Ham,12.08955223880597,0.3788181818181818,0.5000524229074889,11.0,0.09090909090909091,0.7272727272727273,0.6282,0.3234,2.0,9.0,False,2.165119445748249,1.3222379936325173,-0.842881452115732
313,Conor Bradley,33,2025-04-20 15:30:00+00:00,5.0,0.0,0.0,70.0,False,Leicester,6.428571428571429,0.25379999999999997,0.3245900900900901,8.0,0.25,0.625,0.25379999999999997,0.25379999999999997,0.0,8.0,False,0.9578057244518364,0.7435782147673998,-0.2142275096844366
313,Conor Bradley,34,2025-04-27 15:30:00+00:00,0.0,0.0,0.0,0.0,True,Spurs,0.0,,,,,,,,,,,-0.5513364271686799,,
313,Conor Bradley,35,2025-05-04 15:30:00+00:00,1.0,0.0,0.0,33.0,False,Chelsea,2.7272727272727275,-0.20414374999999998,-0.34055887850467287,16.0,0.4375,0.125,-0.20414374999999998,-0.20414374999999998,0.0,16.0,False,-0.24950799684457664,-1.3760625067162313,-1.1265545098716547
313,Conor Bradley,36,2025-05-11 15:30:00+00:00,1.0,0.0,0.0,66.0,True,Arsenal,1.3636363636363638,-0.011831250000000008,-0.048837021276595755,16.0,0.375,0.3125,-0.1027,-0.005773333333333341,1.0,15.0,False,-0.24950799684457664,-0.4859239116369866,-0.23641591479240998
313,Conor Bradley,37,2025-05-19 19:00:00+00:00,4.0,0.0,1.0,76.0,False,Brighton,4.7368421052631575,-0.018207692307692293,-0.22711071428571428,13.0,0.3076923076923077,0.3076923076923077,0.377,-0.09006363636363635,2.0,11.0,False,0.6559772941277332,-0.5154379442525112,-1.1714152383802445
313,Conor Bradley,38,2025-05-25 15:00:00+00:00,1.0,0.0,0.0,45.0,True,Crystal Palace,2.0,-0.05369999999999999,-0.30353358778625955,11.0,0.36363636363636365,0.2727272727272727,0.041833333333333333,-0.08952500000000001,3.0,8.0,False,-0.24950799684457664,-0.6797178163635338,-0.43020981951895715
315,Bobby Clark,1,2024-08-17 11:30:00+00:00,0.0,0.0,0.0,0.0,False,Ipswich,0.0,,,,,,,,,,,-0.5513364271686799,,
315,Bobby Clark,2,2024-08-25 15:30:00+00:00,0.0,0.0,0.0,0.0,True,Brentford,0.0,0.2294,0.4078222222222222,2.0,0.0,0.5,0.2294,0.2294,0.0,2.0,True,-0.5513364271686799,0.6306402532727827,1.1819766804414626
315,Bobby Clark,3,2024-09-01 15:00:00+00:00,0.0,0.0,0.0,0.0,False,Man Utd,0.0,,,,,,,,,,,-0.5513364271686799,,
315,Bobby Clark,4,2024-09-14 14:00:00+00:00,0.0,0.0,0.0,0.0,True,Nott'm Forest,0.0,,,,,,,,,,,-0.5513364271686799,,
315,Bobby Clark,5,2024-09-21 14:00:00+00:00,0.0,0.0,0.0,0.0,True,Bournemouth,0.0,,,,,,,,,,,-0.5513364271686799,,
315,Bobby Clark,6,2024-09-28 16:30:00+00:00,0.0,0.0,0.0,0.0,False,Wolves,0.0,-0.19935,-0.14818235294117646,2.0,1.0,0.0,-0.19935,-0.19935,0.0,2.0,True,-0.5513364271686799,-1.3538741315967715,-0.8025377044280916
315,Bobby Clark,7,2024-10-05 11:30:00+00:00,0.0,0.0,0.0,0.0,False,Crystal Palace,0.0,,,,,,,,,,,-0.5513364271686799,,
315,Bobby Clark,8,2024-10-20 15:30:00+00:00,0.0,0.0,0.0,0.0,True,Chelsea,0.0,,,,,,,,,,,-0.5513364271686799,,
315,Bobby Clark,9,2024-10-27 16:30:00+00:00,0.0,0.0,0.0,0.0,False,Arsenal,0.0,,,,,,,,,,,-0.5513364271686799,,
315,Bobby Clark,10,2024-11-02 15:00:00+00:00,0.0,0.0,0.0,0.0,True,Brighton,0.0,,,,,,,,,,,-0.5513364271686799,,
315,Bobby Clark,11,2024-11-09 20:00:00+00:00,0.0,0.0,0.0,0.0,True,Aston Villa,0.0,,,,,,,,,,,-0.5513364271686799,,
315,Bobby Clark,12,2024-11-24 14:00:00+00:00,0.0,0.0,0.0,0.0,False,Southampton,0.0,,,,,,,,,,,-0.5513364271686799,,
315,Bobby Clark,13,2024-12-01 16:00:00+00:00,0.0,0.0,0.0,0.0,True,Man City,0.0,,,,,,,,,,,-0.5513364271686799,,
315,Bobby Clark,14,2024-12-04 19:30:00+00:00,0.0,0.0,0.0,0.0,False,Newcastle,0.0,,,,,,,,,,,-0.5513364271686799,,
315,Bobby Clark,16,2024-12-14 15:00:00+00:00,0.0,0.0,0.0,0.0,True,Fulham,0.0,,,,,,,,,,,-0.5513364271686799,,
315,Bobby Clark,17,2024-12-22 16:30:00+00:00,0.0,0.0,0.0,0.0,False,Spurs,0.0,0.0,0.0,1.0,0.0,0.0,0.0,0.0,0.0,1.0,True,-0.5513364271686799,-0.43116172897579036,0.12017469819288956
315,Bobby Clark,18,2024-12-26 20:00:00+00:00,0.0,0.0,0.0,0.0,True,Leicester,0.0,,,,,,,,,,,-0.5513364271686799,,
315,Bobby Clark,19,2024-12-29 17:15:00+00:00,0.0,0.0,0.0,0.0,False,West Ham,0.0,0.0,0.0,1.0,0.0,0.0,0.0,0.0,0.0,1.0,True,-0.5513364271686799,-0.43116172897579036,0.12017469819288956
315,Bobby Clark,20,2025-01-05 16:30:00+00:00,0.0,0.0,0.0,0.0,True,Man Utd,0.0,,,,,,,,,,,-0.5513364271686799,,
315,Bobby Clark,21,2025-01-14 20:00:00+00:00,0.0,0.0,0.0,0.0,False,Nott'm Forest,0.0,0.4215,0.4215,1.0,0.0,1.0,0.4215,0.4215,0.0,1.0,True,-0.5513364271686799,1.5197952697939288,2.071131696962609
315,Bobby Clark,22,2025-01-18 15:00:00+00:00,0.0,0.0,0.0,0.0,False,Brentford,0.0,0.0,0.0,2.0,0.0,0.0,0.0,0.0,0.0,2.0,True,-0.5513364271686799,-0.43116172897579036,0.12017469819288956
315,Bobby Clark,23,2025-01-25 15:00:00+00:00,0.0,0.0,0.0,0.0,True,Ipswich,0.0,0.0,0.0,1.0,0.0,0.0,0.0,0.0,0.0,1.0,True,-0.5513364271686799,-0.43116172897579036,0.12017469819288956
315,Bobby Clark,24,2025-02-01 15:00:00+00:00,0.0,0.0,0.0,0.0,False,Bournemouth,0.0,,,,,,,,,,,-0.5513364271686799,,
315,Bobby Clark,25,2025-02-16 14:00:00+00:00,0.0,0.0,0.0,0.0,True,Wolves,0.0,0.31245,0.58584375,2.0,0.0,0.5,0.31245,0.31245,0.0,2.0,True,-0.5513364271686799,1.015045896802617,1.5663823239712968
315,Bobby Clark,26,2025-02-23 16:30:00+00:00,0.0,0.0,0.0,0.0,False,Man City,0.0,,,,,,,,,,,-0.5513364271686799,,
315,Bobby Clark,27,2025-02-26 20:15:00+00:00,0.0,0.0,0.0,0.0,True,Newcastle,0.0,0.0,0.0,1.0,0.0,0.0,0.0,0.0,0.0,1.0,True,-0.5513364271686799,-0.43116172897579036,0.12017469819288956
315,Bobby Clark,28,2025-03-08 15:00:00+00:00,0.0,0.0,0.0,0.0,True,Southampton,0.0,,,,,,,,,,,-0.5513364271686799,,
315,Bobby Clark,30,2025-04-02 19:00:00+00:00,0.0,0.0,0.0,0.0,True,Everton,0.0,,,,,,,,,,,-0.5513364271686799,,
315,Bobby Clark,31,2025-04-06 13:00:00+00:00,0.0,0.0,0.0,0.0,False,Fulham,0.0,,,,,,,,,,,-0.5513364271686799,,
315,Bobby Clark,32,2025-04-13 13:00:00+00:00,0.0,0.0,0.0,0.0,True,West Ham,0.0,0.0,0.0,1.0,0.0,0.0,0.0,0.0,0.0,1.0,True,-0.5513364271686799,-0.43116172897579036,0.12017469819288956
315,Bobby Clark,33,2025-04-20 15:30:00+00:00,0.0,0.0,0.0,0.0,False,Leicester,0.0,,,,,,,,,,,-0.5513364271686799,,
315,Bobby Clark,34,2025-04-27 15:30:00+00:00,0.0,0.0,0.0,0.0,True,Spurs,0.0,,,,,,,,,,,-0.5513364271686799,,
315,Bobby Clark,35,2025-05-04 15:30:00+00:00,0.0,0.0,0.0,0.0,False,Chelsea,0.0,,,,,,,,,,,-0.5513364271686799,,
315,Bobby Clark,36,2025-05-11 15:30:00+00:00,0.0,0.0,0.0,0.0,True,Arsenal,0.0,,,,,,,,,,,-0.5513364271686799,,
315,Bobby Clark,37,2025-05-19 19:00:00+00:00,0.0,0.0,0.0,0.0,False,Brighton,0.0,,,,,,,,,,,-0.5513364271686799,,
315,Bobby Clark,38,2025-05-25 15:00:00+00:00,0.0,0.0,0.0,0.0,True,Crystal Palace,0.0,,,,,,,,,,,-0.5513364271686799,,
316,Darwin Núñez Ribeiro,1,2024-08-17 11:30:00+00:00,0.0,0.0,0.0,0.0,False,Ipswich,0.0,0.3182,0.3182,1.0,0.0,1.0,0.3182,0.3182,0.0,1.0,True,-0.5513364271686799,1.0416603754335207,1.5929968026022006
316,Darwin Núñez Ribeiro,2,2024-08-25 15:30:00+00:00,1.0,0.0,0.0,18.0,True,Brentford,5.0,0.10660714285714287,0.06820315789473683,14.0,0.21428571428571427,0.5,-0.13285999999999998,0.23964444444444444,5.0,9.0,False,-0.24950799684457664,0.062280623280404554,0.3117886201249812
316,Darwin Núñez Ribeiro,3,2024-09-01 15:00:00+00:00,1.0,0.0,0.0,14.0,False,Man Utd,1.0,-0.1700875,-0.28375221674876844,16.0,0.4375,0.125,-0.3658666666666666,-0.12490769230769232,3.0,13.0,False,-0.24950799684457664,-1.2184295783903683,-0.9689215815457917
316,Darwin Núñez Ribeiro,4,2024-09-14 14:00:00+00:00,1.0,0.0,0.0,30.0,True,Nott'm Forest,3.0,-0.23587692307692304,-0.26951468531468525,13.0,0.6153846153846154,0.15384615384615385,-0.46645000000000003,-0.19395454545454544,2.0,11.0,False,-0.24950799684457664,-1.522942829628672,-1.2734348327840954
316,Darwin Núñez Ribeiro,5,2024-09-21 14:00:00+00:00,6.0,1.0,0.0,71.0,True,Bournemouth,7.605633802816902,0.3690684210526315,0.5531496732026143,19.0,0.21052631578947367,0.631578947368421,0.3348,0.37310000000000004,2.0,17.0,False,1.2596341547759395,1.2771102024062284,0.01747604763028887
316,Darwin Núñez Ribeiro,6,2024-09-28 16:30:00+00:00,0.0,0.0,0.0,0.0,False,Wolves,0.0,,,,,,,,,,,-0.5513364271686799,,
316,Darwin Núñez Ribeiro,7,2024-10-05 11:30:00+00:00,0.0,0.0,0.0,0.0,False,Crystal Palace,0.0,,,,,,,,,,,-0.5513364271686799,,
316,Darwin Núñez Ribeiro,8,2024-10-20 15:30:00+00:00,1.0,0.0,0.0,60.0,True,Chelsea,1.5,0.10715714285714285,0.10520601503759398,14.0,0.2857142857142857,0.42857142857142855,0.10715714285714285,0.10715714285714285,0.0,14.0,False,-0.24950799684457664,0.06482635601901264,0.3143343528635893
316,Darwin Núñez Ribeiro,9,2024-10-27 16:30:00+00:00,4.0,0.0,1.0,90.0,False,Arsenal,4.0,0.16579999999999998,0.32714964028776977,14.0,0.2857142857142857,0.42857142857142855,0.16579999999999998,0.16579999999999998,0.0,14.0,False,0.6559772941277332,0.3362609765900919,-0.3197163175376413
316,Darwin Núñez Ribeiro,10,2024-11-02 15:00:00+00:00,2.0,0.0,0.0,76.0,True,Brighton,2.3684210526315788,-0.23443846153846154,-0.4499765957446808,13.0,0.6153846153846154,0.15384615384615385,-0.2004,-0.2495666666666667,4.0,9.0,False,0.0523204334795266,-1.5162847593892355,-1.568605192868762
316,Darwin Núñez Ribeiro,11,2024-11-09 20:00:00+00:00,7.0,1.0,0.0,64.0,True,Aston Villa,9.84375,0.5491454545454546,0.6164611607142857,11.0,0.0,0.9090909090909091,0.5859,0.54547,1.0,10.0,False,1.5614625851000428,2.1106156562864475,0.5491530711864048
316,Darwin Núñez Ribeiro,12,2024-11-24 14:00:00+00:00,2.0,0.0,0.0,89.0,False,Southampton,2.0224719101123596,-0.15615294117647055,-0.43653514644351465,17.0,0.5294117647058824,0.35294117647058826,0.01595000000000002,-0.17910000000000004,2.0,15.0,False,0.0523204334795266,-1.1539320100356039,-1.2062524435151305
316,Darwin Núñez Ribeiro,13,2024-12-01 16:00:00+00:00,1.0,0.0,0.0,17.0,True,Man City,5.294117647058823,-0.0026499999999999857,0.16752361809045224,12.0,0.5,0.3333333333333333,-0.6124,0.0527818181818182,1.0,11.0,False,-0.24950799684457664,-0.44342753217090236,-0.19391953532632572
316,Darwin Núñez Ribeiro,14,2024-12-04 19:30:00+00:00,1.0,0.0,0.0,90.0,False,Newcastle,1.0,0.09401363636363637,0.17021574468085104,22.0,0.22727272727272727,0.4090909090909091,0.26798,0.042847058823529405,5.0,17.0,False,-0.24950799684457664,0.003990256417869757,0.2534982532624464
316,Darwin Núñez Ribeiro,16,2024-12-14 15:00:00+00:00,3.0,0.0,1.0,20.0,True,Fulham,13.5,0.2069,0.22741242236024845,16.0,0.125,0.4375,0.0,0.22069333333333335,1.0,15.0,False,0.35414886380362987,0.5264966412388119,0.17234777743518204
316,Darwin Núñez Ribeiro,17,2024-12-22 16:30:00+00:00,1.0,0.0,0.0,3.0,False,Spurs,1.0,0.15038,0.3262804347826087,10.0,0.3,0.5,0.3182,0.13173333333333334,1.0,9.0,False,-0.24950799684457664,0.2648878878094775,0.5143958846540542
316,Darwin Núñez Ribeiro,18,2024-12-26 20:00:00+00:00,2.0,0.0,0.0,77.0,True,Leicester,2.337662337662338,-0.0023399999999999975,0.4509893805309734,10.0,0.4,0.3,-0.0023399999999999975,-0.0023399999999999975,0.0,10.0,False,0.0523204334795266,-0.4419926646273233,-0.49431309810684987
316,Darwin Núñez Ribeiro,19,2024-12-29 17:15:00+00:00,0.0,0.0,0.0,0.0,False,West Ham,0.0,-0.022799999999999987,-0.41141999999999995,2.0,0.5,0.5,-0.022799999999999987,-0.022799999999999987,2.0,0.0,True,-0.5513364271686799,-0.5366939225035473,0.014642504665132616
316,Darwin Núñez Ribeiro,20,2025-01-05 16:30:00+00:00,0.0,0.0,0.0,30.0,True,Man Utd,0.0,-0.021399999999999992,-0.06509358974358972,24.0,0.2916666666666667,0.25,-0.1827,0.03236666666666666,6.0,18.0,False,-0.5513364271686799,-0.5302138755325447,0.02112255163613519
316,Darwin Núñez Ribeiro,21,2025-01-14 20:00:00+00:00,0.0,0.0,0.0,0.0,False,Nott'm Forest,0.0,0.3182,0.3182,1.0,0.0,1.0,0.3182,0.3182,0.0,1.0,True,-0.5513364271686799,1.0416603754335207,1.5929968026022006
316,Darwin Núñez Ribeiro,22,2025-01-18 15:00:00+00:00,11.0,2.0,0.0,25.0,False,Brentford,39.6,0.24650526315789476,0.45496450381679393,19.0,0.15789473684210525,0.5263157894736842,0.34823333333333334,0.22743125,3.0,16.0,False,2.7687763063964557,0.7098137594974389,-2.058962546899017
316,Darwin Núñez Ribeiro,23,2025-01-25 15:00:00+00:00,1.0,0.0,0.0,22.0,True,Ipswich,4.090909090909091,0.1275,0.25228068965517236,13.0,0.23076923076923078,0.38461538461538464,0.5642,0.048100000000000004,2.0,11.0,False,-0.24950799684457664,0.15898540588337734,0.408493402727954
316,Darwin Núñez Ribeiro,24,2025-02-01 15:00:00+00:00,2.0,0.0,0.0,41.0,False,Bournemouth,4.390243902439025,-0.05833846153846153,-0.3037989966555184,26.0,0.4230769230769231,0.2692307692307692,0.44015,-0.09987916666666667,2.0,24.0,False,0.0523204334795266,-0.7011874225366909,-0.7535078560162175
316,Darwin Núñez Ribeiro,25,2025-02-16 14:00:00+00:00,2.0,0.0,0.0,50.0,True,Wolves,3.5999999999999996,-0.1519565217391304,-0.24211048951048952,23.0,0.4782608695652174,0.30434782608695654,-0.4761,-0.08371578947368422,4.0,19.0,False,0.0523204334795266,-1.1345084421327523,-1.186828875612279
316,Darwin Núñez Ribeiro,26,2025-02-23 16:30:00+00:00,0.0,0.0,0.0,0.0,False,Man City,0.0,0.0,0.0,1.0,0.0,0.0,0.0,0.0,0.0,1.0,True,-0.5513364271686799,-0.43116172897579036,0.12017469819288956
316,Darwin Núñez Ribeiro,27,2025-02-26 20:15:00+00:00,1.0,0.0,0.0,3.0,True,Newcastle,1.0,-0.17188888888888887,-0.5132761061946902,9.0,0.4444444444444444,0.2222222222222222,-0.6705,-0.10956250000000001,1.0,8.0,False,-0.24950799684457664,-1.2267674959711126,-0.977259499126536
316,Darwin Núñez Ribeiro,28,2025-03-08 15:00:00+00:00,10.0,1.0,1.0,67.0,True,Southampton,13.432835820895521,0.28908285714285714,0.36082418397626115,35.0,0.22857142857142856,0.5714285714285714,0.1702285714285714,0.3187964285714286,7.0,28.0,False,2.4669478760723527,0.9068886230223212,-1.5600592530500315
316,Darwin Núñez Ribeiro,30,2025-04-02 19:00:00+00:00,0.0,0.0,0.0,15.0,True,Everton,0.0,-0.35316,-0.5583579514824797,20.0,0.7,0.1,-0.7261500000000001,-0.31171666666666664,2.0,18.0,False,-0.5513364271686799,-2.0657998634609953,-1.5144634362923153
316,Darwin Núñez Ribeiro,31,2025-04-06 13:00:00+00:00,1.0,0.0,0.0,23.0,False,Fulham,3.91304347826087,0.06002941176470588,-0.07440846153846155,17.0,0.35294117647058826,0.4117647058823529,0.07396666666666667,0.05704285714285714,3.0,14.0,False,-0.24950799684457664,-0.1533092947779677,0.09619870206660894
316,Darwin Núñez Ribeiro,32,2025-04-13 13:00:00+00:00,0.0,0.0,0.0,0.0,True,West Ham,0.0,0.09225,0.4473500000000001,2.0,0.5,0.5,0.09225,0.09225,0.0,2.0,True,-0.5513364271686799,-0.004172919636510203,0.5471635075321697
316,Darwin Núñez Ribeiro,33,2025-04-20 15:30:00+00:00,0.0,0.0,0.0,0.0,False,Leicester,0.0,,,,,,,,,,,-0.5513364271686799,,
316,Darwin Núñez Ribeiro,34,2025-04-27 15:30:00+00:00,1.0,0.0,0.0,7.0,True,Spurs,1.0,-0.06321818181818181,-0.04838846153846153,11.0,0.36363636363636365,0.2727272727272727,0.0,-0.06953999999999999,1.0,10.0,False,-0.24950799684457664,-0.7237737201209349,-0.47426572327635824
316,Darwin Núñez Ribeiro,35,2025-05-04 15:30:00+00:00,1.0,0.0,0.0,32.0,False,Chelsea,2.8125,-0.09992222222222225,-0.23275803571428572,9.0,0.4444444444444444,0.2222222222222222,-0.1027,-0.09957500000000001,1.0,8.0,False,-0.24950799684457664,-0.8936622242950492,-0.6441542274504726
316,Darwin Núñez Ribeiro,36,2025-05-11 15:30:00+00:00,1.0,0.0,0.0,23.0,True,Arsenal,3.91304347826087,0.08513846153846154,0.23506231884057965,13.0,0.3076923076923077,0.3076923076923077,0.08513846153846154,0.08513846153846154,0.0,13.0,False,-0.24950799684457664,-0.03708942196998233,0.2124185748745943
316,Darwin Núñez Ribeiro,37,2025-05-19 19:00:00+00:00,1.0,0.0,0.0,27.0,False,Brighton,3.3333333333333335,-0.2001230769230769,-0.18502366863905326,13.0,0.46153846153846156,0.15384615384615385,0.6249,-0.26887500000000003,1.0,12.0,False,-0.24950799684457664,-1.3574523992922973,-1.1079444024477207
316,Darwin Núñez Ribeiro,38,2025-05-25 15:00:00+00:00,1.0,0.0,0.0,29.0,True,Crystal Palace,3.103448275862069,0.0013583333333333364,-0.07776,12.0,0.25,0.3333333333333333,-0.6705,0.06243636363636362,1.0,11.0,False,-0.24950799684457664,-0.4248745405455914,-0.17536654370101473
317,Diogo J.,1,,,,,,,,,0.16802499999999998,0.14765522388059704,12.0,0.25,0.4166666666666667,0.33525,0.13457999999999998,2.0,10.0,False,,0.3465596226690068,
317,Diogo J.,2,,,,,,,,,0.3339071428571429,0.4341715639810426,14.0,0.0,0.6428571428571429,0.0,0.35959230769230766,1.0,13.0,False,,1.114362535072474,
317,Diogo J.,3,,,,,,,,,0.3463529411764706,0.5239962962962963,17.0,0.11764705882352941,0.5882352941176471,0.754,0.320875,1.0,16.0,False,,1.171969219144523,
317,Diogo J.,4,,,,,,,,,0.06451764705882353,0.01855888324873096,17.0,0.17647058823529413,0.29411764705882354,0.0,0.06854999999999999,1.0,16.0,False,,-0.13253502654740046,
317,Diogo J.,6,,,,,,,,,0.3531722222222222,0.3065277108433735,18.0,0.16666666666666666,0.6666666666666666,0.33580000000000004,0.35664666666666667,3.0,15.0,False,,1.2035329773480505,
317,Diogo J.,7,,,,,,,,,0.3548454545454545,0.5065333333333333,11.0,0.18181818181818182,0.6363636363636364,0.29295,0.36860000000000004,2.0,9.0,False,,1.2112777088108686,
317,Diogo J.,8,,,,,,,,,-0.12832142857142856,-0.29661523809523815,14.0,0.35714285714285715,0.2857142857142857,-0.2387,-0.09821818181818182,3.0,11.0,False,,-1.0251109322108014,
317,Diogo J.,13,,,,,,,,,0.0,0.0,1.0,0.0,0.0,0.0,0.0,0.0,1.0,True,,-0.43116172897579036,
317,Diogo J.,16,,,,,,,,,0.4156000000000001,0.43926230769230773,19.0,0.10526315789473684,0.7894736842105263,0.3347666666666667,0.43075624999999995,3.0,16.0,False,,1.4924865004161323,
317,Diogo J.,17,,,,,,,,,0.0012333333333333332,0.10265925925925927,18.0,0.3888888888888889,0.2777777777777778,-0.03423333333333333,0.008326666666666668,3.0,15.0,False,,-0.4254531161680023,
317,Diogo J.,18,,,,,,,,,0.011227272727272726,-0.0434929203539823,11.0,0.2727272727272727,0.09090909090909091,0.31245,-0.05571111111111111,2.0,9.0,False,,-0.37919511852651605,
317,Diogo J.,19,,,,,,,,,0.20152727272727278,0.1743825203252032,22.0,0.18181818181818182,0.45454545454545453,0.25899999999999995,0.19245263157894735,3.0,19.0,False,,0.5016284090319125,
317,Diogo J.,20,,,,,,,,,-0.19992222222222222,-0.21763429602888087,18.0,0.4444444444444444,0.2777777777777778,-0.19992222222222222,-0.19992222222222222,0.0,18.0,False,,-1.356522722223808,
317,Diogo J.,21,,,,,,,,,0.33145625,0.3561583783783783,16.0,0.125,0.625,0.4215,0.3254533333333333,1.0,15.0,False,,1.103018320190202,
317,Diogo J.,22,,,,,,,,,0.4404,0.4404,1.0,0.0,1.0,0.4404,0.4404,0.0,1.0,True,,1.6072759039024642,
317,Diogo J.,24,,,,,,,,,-0.2140625,-0.3743244635193133,16.0,0.5,0.125,-0.296,-0.2086,1.0,15.0,False,,-1.4219724823545399,
317,Diogo J.,25,,,,,,,,,0.18951363636363636,0.1883925566343042,22.0,0.18181818181818182,0.45454545454545453,0.2235,0.18414736842105264,3.0,19.0,False,,0.44602203193983453,
317,Diogo J.,27,,,,,,,,,0.041906250000000006,-0.015463374485596709,16.0,0.3125,0.375,0.387825,-0.07340000000000002,4.0,12.0,False,,-0.23719425156251975,
317,Diogo J.,28,,,,,,,,,0.001483333333333347,-0.016352100840336104,12.0,0.4166666666666667,0.3333333333333333,0.6249,-0.05519090909090911,1.0,11.0,False,,-0.42429596492318034,
317,Diogo J.,30,,,,,,,,,0.36290999999999995,0.4705282051282051,20.0,0.1,0.6,0.34525,0.367325,4.0,16.0,False,,1.2486053040574687,
317,Diogo J.,31,,,,,,,,,-0.001022222222222226,0.009619087136929499,18.0,0.4444444444444444,0.3333333333333333,-0.15464,0.058061538461538435,5.0,13.0,False,,-0.43589319184350656,
317,Diogo J.,32,,,,,,,,,0.05830714285714284,-0.018535256410256426,14.0,0.2857142857142857,0.2857142857142857,0.0,0.06279230769230769,1.0,13.0,False,,-0.16128099721918618,
317,Diogo J.,33,,,,,,,,,-0.04974615384615384,-0.1389703703703703,13.0,0.38461538461538464,0.3076923076923077,-0.4267666666666667,0.06336,3.0,10.0,False,,-0.6614170243685045,
317,Diogo J.,34,,,,,,,,,-0.03836666666666666,-0.06968181818181818,9.0,0.2222222222222222,0.3333333333333333,0.14049999999999999,-0.1278,3.0,6.0,False,,-0.6087458733477907,
317,Diogo J.,35,,,,,,,,,0.05356666666666666,0.13619696969696965,9.0,0.2222222222222222,0.3333333333333333,0.0,0.06026249999999998,1.0,8.0,False,,-0.18322278891861848,
317,Diogo J.,36,,,,,,,,,0.10588333333333336,0.08926991150442479,18.0,0.3333333333333333,0.3333333333333333,0.118275,0.10234285714285714,4.0,14.0,False,,0.05893039491444405,
317,Diogo J.,38,,,,,,,,,0.04258333333333331,-0.1039768786127168,12.0,0.16666666666666666,0.3333333333333333,0.04258333333333331,0.04258333333333331,0.0,12.0,False,,-0.23406030027446056,
318,Ben Doak,1,2024-08-17 11:30:00+00:00,0.0,0.0,0.0,0.0,False,Ipswich,0.0,0.5859,0.5859,1.0,0.0,1.0,0.5859,0.5859,0.0,1.0,True,-0.5513364271686799,2.2807379283888083,2.8320743555574883
318,Ben Doak,2,2024-08-25 15:30:00+00:00,0.0,0.0,0.0,0.0,True,Brentford,0.0,,,,,,,,,,,-0.5513364271686799,,
318,Ben Doak,3,2024-09-01 15:00:00+00:00,0.0,0.0,0.0,0.0,False,Man Utd,0.0,,,,,,,,,,,-0.5513364271686799,,
318,Ben Doak,4,2024-09-14 14:00:00+00:00,0.0,0.0,0.0,0.0,True,Nott'm Forest,0.0,,,,,,,,,,,-0.5513364271686799,,
318,Ben Doak,5,2024-09-21 14:00:00+00:00,0.0,0.0,0.0,0.0,True,Bournemouth,0.0,0.8718,0.8718,1.0,0.0,1.0,0.8718,0.8718,1.0,0.0,True,-0.5513364271686799,3.6040560919671303,4.15539251913581
318,Ben Doak,6,2024-09-28 16:30:00+00:00,0.0,0.0,0.0,0.0,False,Wolves,0.0,,,,,,,,,,,-0.5513364271686799,,
318,Ben Doak,7,2024-10-05 11:30:00+00:00,0.0,0.0,0.0,0.0,False,Crystal Palace,0.0,,,,,,,,,,,-0.5513364271686799,,
318,Ben Doak,8,2024-10-20 15:30:00+00:00,0.0,0.0,0.0,0.0,True,Chelsea,0.0,,,,,,,,,,,-0.5513364271686799,,
318,Ben Doak,9,2024-10-27 16:30:00+00:00,0.0,0.0,0.0,0.0,False,Arsenal,0.0,,,,,,,,,,,-0.5513364271686799,,
318,Ben Doak,10,2024-11-02 15:00:00+00:00,0.0,0.0,0.0,0.0,True,Brighton,0.0,,,,,,,,,,,-0.5513364271686799,,
318,Ben Doak,11,2024-11-09 20:00:00+00:00,0.0,0.0,0.0,0.0,True,Aston Villa,0.0,,,,,,,,,,,-0.5513364271686799,,
318,Ben Doak,12,2024-11-24 14:00:00+00:00,0.0,0.0,0.0,0.0,False,Southampton,0.0,,,,,,,,,,,-0.5513364271686799,,
318,Ben Doak,13,2024-12-01 16:00:00+00:00,0.0,0.0,0.0,0.0,True,Man City,0.0,-0.36819999999999997,-0.30710769230769225,2.0,1.0,0.0,-0.36819999999999997,-0.36819999999999997,0.0,2.0,True,-0.5513364271686799,-2.1354140823494805,-1.5840776551808005
318,Ben Doak,14,2024-12-04 19:30:00+00:00,0.0,0.0,0.0,0.0,False,Newcastle,0.0,0.0,0.0,1.0,0.0,0.0,0.0,0.0,0.0,1.0,True,-0.5513364271686799,-0.43116172897579036,0.12017469819288956
318,Ben Doak,16,2024-12-14 15:00:00+00:00,0.0,0.0,0.0,0.0,True,Fulham,0.0,0.0,0.0,1.0,0.0,0.0,0.0,0.0,0.0,1.0,True,-0.5513364271686799,-0.43116172897579036,0.12017469819288956
318,Ben Doak,17,2024-12-22 16:30:00+00:00,0.0,0.0,0.0,0.0,False,Spurs,0.0,,,,,,,,,,,-0.5513364271686799,,
318,Ben Doak,18,2024-12-26 20:00:00+00:00,0.0,0.0,0.0,0.0,True,Leicester,0.0,,,,,,,,,,,-0.5513364271686799,,
318,Ben Doak,19,2024-12-29 17:15:00+00:00,0.0,0.0,0.0,0.0,False,West Ham,0.0,,,,,,,,,,,-0.5513364271686799,,
318,Ben Doak,20,2025-01-05 16:30:00+00:00,0.0,0.0,0.0,0.0,True,Man Utd,0.0,,,,,,,,,,,-0.5513364271686799,,
318,Ben Doak,21,2025-01-14 20:00:00+00:00,0.0,0.0,0.0,0.0,False,Nott'm Forest,0.0,0.0,0.0,2.0,0.0,0.0,0.0,0.0,0.0,2.0,True,-0.5513364271686799,-0.43116172897579036,0.12017469819288956
318,Ben Doak,22,2025-01-18 15:00:00+00:00,0.0,0.0,0.0,0.0,False,Brentford,0.0,,,,,,,,,,,-0.5513364271686799,,
318,Ben Doak,23,2025-01-25 15:00:00+00:00,0.0,0.0,0.0,0.0,True,Ipswich,0.0,,,,,,,,,,,-0.5513364271686799,,
318,Ben Doak,24,2025-02-01 15:00:00+00:00,0.0,0.0,0.0,0.0,False,Bournemouth,0.0,,,,,,,,,,,-0.5513364271686799,,
318,Ben Doak,25,2025-02-16 14:00:00+00:00,0.0,0.0,0.0,0.0,True,Wolves,0.0,,,,,,,,,,,-0.5513364271686799,,
318,Ben Doak,26,2025-02-23 16:30:00+00:00,0.0,0.0,0.0,0.0,False,Man City,0.0,0.21075,0.39339999999999997,2.0,0.0,0.5,0.21075,0.21075,0.0,2.0,True,-0.5513364271686799,0.5443167704090691,1.095653197577749
318,Ben Doak,27,2025-02-26 20:15:00+00:00,0.0,0.0,0.0,0.0,True,Newcastle,0.0,0.6705,0.6705,1.0,0.0,1.0,0.6705,0.6705,0.0,1.0,True,-0.5513364271686799,2.6723179096365386,3.2236543368052186
318,Ben Doak,28,2025-03-08 15:00:00+00:00,0.0,0.0,0.0,0.0,True,Southampton,0.0,0.4404,0.4404,1.0,0.0,1.0,0.4404,0.4404,0.0,1.0,True,-0.5513364271686799,1.6072759039024642,2.158612331071144
318,Ben Doak,30,2025-04-02 19:00:00+00:00,0.0,0.0,0.0,0.0,True,Everton,0.0,,,,,,,,,,,-0.5513364271686799,,
318,Ben Doak,31,2025-04-06 13:00:00+00:00,0.0,0.0,0.0,0.0,False,Fulham,0.0,,,,,,,,,,,-0.5513364271686799,,
318,Ben Doak,32,2025-04-13 13:00:00+00:00,0.0,0.0,0.0,0.0,True,West Ham,0.0,0.0,0.0,1.0,0.0,0.0,0.0,0.0,0.0,1.0,True,-0.5513364271686799,-0.43116172897579036,0.12017469819288956
318,Ben Doak,33,2025-04-20 15:30:00+00:00,0.0,0.0,0.0,0.0,False,Leicester,0.0,,,,,,,,,,,-0.5513364271686799,,
318,Ben Doak,34,2025-04-27 15:30:00+00:00,0.0,0.0,0.0,0.0,True,Spurs,0.0,,,,,,,,,,,-0.5513364271686799,,
318,Ben Doak,35,2025-05-04 15:30:00+00:00,0.0,0.0,0.0,0.0,False,Chelsea,0.0,0.3182,0.3182,1.0,0.0,1.0,0.3182,0.3182,1.0,0.0,True,-0.5513364271686799,1.0416603754335207,1.5929968026022006
318,Ben Doak,36,2025-05-11 15:30:00+00:00,0.0,0.0,0.0,0.0,True,Arsenal,0.0,,,,,,,,,,,-0.5513364271686799,,
318,Ben Doak,37,2025-05-19 19:00:00+00:00,0.0,0.0,0.0,0.0,False,Brighton,0.0,0.4215,0.4215,1.0,0.0,1.0,0.4215,0.4215,0.0,1.0,True,-0.5513364271686799,1.5197952697939288,2.071131696962609
318,Ben Doak,38,2025-05-25 15:00:00+00:00,0.0,0.0,0.0,0.0,True,Crystal Palace,0.0,,,,,,,,,,,-0.5513364271686799,,
319,Harvey Elliott,1,2024-08-17 11:30:00+00:00,0.0,0.0,0.0,0.0,False,Ipswich,0.0,,,,,,,,,,,-0.5513364271686799,,
319,Harvey Elliott,2,2024-08-25 15:30:00+00:00,1.0,0.0,0.0,7.0,True,Brentford,1.0,-0.09145714285714283,-0.3115608974358975,14.0,0.2857142857142857,0.21428571428571427,-0.4676666666666667,0.011145454545454543,3.0,11.0,False,-0.24950799684457664,-0.8544807157957781,-0.6049727189512015
319,Harvey Elliott,3,2024-09-01 15:00:00+00:00,0.0,0.0,0.0,0.0,False,Man Utd,0.0,,,,,,,,,,,-0.5513364271686799,,
319,Harvey Elliott,4,2024-09-14 14:00:00+00:00,0.0,0.0,0.0,0.0,True,Nott'm Forest,0.0,,,,,,,,,,,-0.5513364271686799,,
319,Harvey Elliott,5,2024-09-21 14:00:00+00:00,0.0,0.0,0.0,0.0,True,Bournemouth,0.0,,,,,,,,,,,-0.5513364271686799,,
319,Harvey Elliott,6,2024-09-28 16:30:00+00:00,0.0,0.0,0.0,0.0,False,Wolves,0.0,,,,,,,,,,,-0.5513364271686799,,
319,Harvey Elliott,7,2024-10-05 11:30:00+00:00,0.0,0.0,0.0,0.0,False,Crystal Palace,0.0,,,,,,,,,,,-0.5513364271686799,,
319,Harvey Elliott,8,2024-10-20 15:30:00+00:00,0.0,0.0,0.0,0.0,True,Chelsea,0.0,,,,,,,,,,,-0.5513364271686799,,
319,Harvey Elliott,9,2024-10-27 16:30:00+00:00,0.0,0.0,0.0,0.0,False,Arsenal,0.0,,,,,,,,,,,-0.5513364271686799,,
319,Harvey Elliott,10,2024-11-02 15:00:00+00:00,0.0,0.0,0.0,0.0,True,Brighton,0.0,-0.8399,-0.8398999999999999,1.0,1.0,0.0,-0.8399,-0.8399,0.0,1.0,True,-0.5513364271686799,-4.318727051079437,-3.7673906239107566
319,Harvey Elliott,11,2024-11-09 20:00:00+00:00,0.0,0.0,0.0,0.0,True,Aston Villa,0.0,,,,,,,,,,,-0.5513364271686799,,
319,Harvey Elliott,12,2024-11-24 14:00:00+00:00,0.0,0.0,0.0,0.0,False,Southampton,0.0,0.1594,0.3466142857142857,2.0,0.5,0.5,0.1594,0.1594,0.0,2.0,True,-0.5513364271686799,0.3066379047226514,0.8579743318913313
319,Harvey Elliott,13,2024-12-01 16:00:00+00:00,1.0,0.0,0.0,1.0,True,Man City,1.0,-0.09838181818181817,-0.12868936170212764,11.0,0.45454545454545453,0.18181818181818182,0.0,-0.10821999999999998,1.0,10.0,False,-0.24950799684457664,-0.8865323024835202,-0.6370243056389435
319,Harvey Elliott,14,2024-12-04 19:30:00+00:00,0.0,0.0,0.0,0.0,False,Newcastle,0.0,-0.33525,-0.6076406249999999,2.0,0.5,0.0,-0.33525,-0.33525,2.0,0.0,True,-0.5513364271686799,-1.9829015482819548,-1.431565121113275
319,Harvey Elliott,16,2024-12-14 15:00:00+00:00,1.0,0.0,0.0,11.0,True,Fulham,1.0,-0.10701000000000001,-0.22790142180094788,10.0,0.5,0.3,0.0,-0.1189,1.0,9.0,False,-0.24950799684457664,-0.9264687478093554,-0.6769607509647788
319,Harvey Elliott,17,2024-12-22 16:30:00+00:00,1.0,0.0,0.0,3.0,False,Spurs,1.0,-0.11214444444444445,-0.2078865546218487,9.0,0.2222222222222222,0.1111111111111111,0.0,-0.1261625,1.0,8.0,False,-0.24950799684457664,-0.9502340629307864,-0.7007260660862098
319,Harvey Elliott,18,2024-12-26 20:00:00+00:00,1.0,0.0,0.0,1.0,True,Leicester,1.0,-0.08609285714285717,0.03421632653061224,14.0,0.42857142857142855,0.2857142857142857,0.046125,-0.13898000000000002,4.0,10.0,False,-0.24950799684457664,-0.8296515562283142,-0.5801435593837376
319,Harvey Elliott,19,2024-12-29 17:15:00+00:00,1.0,0.0,0.0,16.0,False,West Ham,5.625,-0.05765000000000001,0.001139719626168214,16.0,0.5,0.3125,-0.17334,-0.005063636363636361,5.0,11.0,False,-0.24950799684457664,-0.69800080603172,-0.44849280918714335
319,Harvey Elliott,20,2025-01-05 16:30:00+00:00,1.0,0.0,0.0,4.0,True,Man Utd,1.0,0.051599999999999986,0.08925749999999999,9.0,0.1111111111111111,0.3333333333333333,0.0,0.05804999999999999,1.0,8.0,False,-0.24950799684457664,-0.1923257120445508,0.05718228480002585
319,Harvey Elliott,21,2025-01-14 20:00:00+00:00,0.0,0.0,0.0,0.0,False,Nott'm Forest,0.0,0.0,0.0,1.0,0.0,0.0,0.0,0.0,0.0,1.0,True,-0.5513364271686799,-0.43116172897579036,0.12017469819288956
319,Harvey Elliott,22,2025-01-18 15:00:00+00:00,4.0,0.0,1.0,10.0,False,Brentford,4.0,0.27205,0.469581935483871,8.0,0.125,0.75,0.21075,0.2924833333333333,2.0,6.0,False,0.6559772941277332,0.8280502556393986,0.1720729615116654
319,Harvey Elliott,23,2025-01-25 15:00:00+00:00,1.0,0.0,0.0,22.0,True,Ipswich,4.090909090909091,0.10923333333333335,0.16581646341463413,18.0,0.16666666666666666,0.3333333333333333,0.15293333333333334,0.10049333333333332,3.0,15.0,False,-0.24950799684457664,0.07443622159505744,0.32394421843963406
319,Harvey Elliott,24,2025-02-01 15:00:00+00:00,0.0,0.0,0.0,0.0,False,Bournemouth,0.0,,,,,,,,,,,-0.5513364271686799,,
319,Harvey Elliott,25,2025-02-16 14:00:00+00:00,0.0,0.0,0.0,0.0,True,Wolves,0.0,,,,,,,,,,,-0.5513364271686799,,
319,Harvey Elliott,26,2025-02-23 16:30:00+00:00,1.0,0.0,0.0,1.0,False,Man City,1.0,-0.059000000000000004,-0.22637234042553192,11.0,0.45454545454545453,0.2727272727272727,-0.6414500000000001,0.07043333333333333,2.0,9.0,False,-0.24950799684457664,-0.7042494227537581,-0.4547414259091815
319,Harvey Elliott,27,2025-02-26 20:15:00+00:00,0.0,0.0,0.0,0.0,True,Newcastle,0.0,0.3182,0.3182,1.0,0.0,1.0,0.3182,0.3182,1.0,0.0,True,-0.5513364271686799,1.0416603754335207,1.5929968026022006
319,Harvey Elliott,28,2025-03-08 15:00:00+00:00,1.0,0.0,0.0,45.0,True,Southampton,2.0,0.03052222222222223,0.014022222222222226,9.0,0.1111111111111111,0.2222222222222222,0.31245,-0.05002857142857142,2.0,7.0,False,-0.24950799684457664,-0.2898864192190902,-0.040378422374513556
319,Harvey Elliott,30,2025-04-02 19:00:00+00:00,0.0,0.0,0.0,0.0,True,Everton,0.0,0.0,0.0,1.0,0.0,0.0,0.0,0.0,0.0,1.0,True,-0.5513364271686799,-0.43116172897579036,0.12017469819288956
319,Harvey Elliott,31,2025-04-06 13:00:00+00:00,1.0,0.0,0.0,35.0,False,Fulham,2.571428571428571,-0.0632642857142857,-0.1900747572815534,14.0,0.35714285714285715,0.21428571428571427,0.002499999999999991,-0.0998,5.0,9.0,False,-0.24950799684457664,-0.7239871168440059,-0.4744791199994292
319,Harvey Elliott,32,2025-04-13 13:00:00+00:00,0.0,0.0,0.0,0.0,True,West Ham,0.0,,,,,,,,,,,-0.5513364271686799,,
319,Harvey Elliott,33,2025-04-20 15:30:00+00:00,1.0,0.0,0.0,19.0,False,Leicester,4.7368421052631575,0.008133333333333334,0.13098297872340428,18.0,0.16666666666666666,0.16666666666666666,0.10606666666666666,-0.011453333333333338,3.0,15.0,False,-0.24950799684457664,-0.3935157418109179,-0.14400774496634128
319,Harvey Elliott,34,2025-04-27 15:30:00+00:00,0.0,0.0,0.0,14.0,True,Spurs,0.0,-0.12296666666666667,-0.03809431818181818,12.0,0.3333333333333333,0.25,0.0010333333333333306,-0.1643,3.0,9.0,False,-0.5513364271686799,-1.000325854595521,-0.448989427426841
319,Harvey Elliott,35,2025-05-04 15:30:00+00:00,2.0,0.0,0.0,68.0,False,Chelsea,2.6470588235294117,0.0420111111111111,0.06523542857142856,18.0,0.2222222222222222,0.3333333333333333,0.3248,-0.03878571428571428,4.0,14.0,False,0.0523204334795266,-0.2367088909014973,-0.2890293243810239
319,Harvey Elliott,36,2025-05-11 15:30:00+00:00,1.0,0.0,0.0,7.0,True,Arsenal,1.0,-0.0014066666666666598,-0.028890452261306532,15.0,0.4,0.3333333333333333,-0.0014066666666666598,-0.0014066666666666598,0.0,15.0,False,-0.24950799684457664,-0.4376726333133215,-0.18816463646874487
319,Harvey Elliott,37,2025-05-19 19:00:00+00:00,13.0,1.0,1.0,90.0,False,Brighton,13.0,0.09249411764705882,0.07458597285067874,17.0,0.23529411764705882,0.4117647058823529,0.1468,0.08085714285714285,3.0,14.0,False,3.372433167044662,-0.0030429954798017545,-3.375476162524464
319,Harvey Elliott,38,2025-05-25 15:00:00+00:00,1.0,0.0,0.0,5.0,True,Crystal Palace,1.0,-0.1312357142857143,-0.19673645320197045,14.0,0.5,0.21428571428571427,0.2294,-0.19134166666666666,2.0,12.0,False,-0.24950799684457664,-1.0386000095790109,-0.7890920127344343
320,Endo Wataru,1,2024-08-17 11:30:00+00:00,0.0,0.0,0.0,0.0,False,Ipswich,0.0,,,,,,,,,,,-0.5513364271686799,,
320,Endo Wataru,2,2024-08-25 15:30:00+00:00,1.0,0.0,0.0,1.0,True,Brentford,1.0,-0.03651,0.0716142857142857,10.0,0.3,0.1,0.0,-0.045637500000000004,2.0,8.0,False,-0.24950799684457664,-0.6001520967695803,-0.3506440999250036
320,Endo Wataru,3,2024-09-01 15:00:00+00:00,0.0,0.0,0.0,0.0,False,Man Utd,0.0,,,,,,,,,,,-0.5513364271686799,,
320,Endo Wataru,4,2024-09-14 14:00:00+00:00,0.0,0.0,0.0,0.0,True,Nott'm Forest,0.0,,,,,,,,,,,-0.5513364271686799,,
320,Endo Wataru,5,2024-09-21 14:00:00+00:00,0.0,0.0,0.0,0.0,True,Bournemouth,0.0,,,,,,,,,,,-0.5513364271686799,,
320,Endo Wataru,6,2024-09-28 16:30:00+00:00,0.0,0.0,0.0,0.0,False,Wolves,0.0,-0.36819999999999997,-0.4328,2.0,1.0,0.0,-0.296,-0.4404,1.0,1.0,True,-0.5513364271686799,-2.1354140823494805,-1.5840776551808005
320,Endo Wataru,7,2024-10-05 11:30:00+00:00,1.0,0.0,0.0,1.0,False,Crystal Palace,1.0,0.035350000000000006,-0.06292840466926067,14.0,0.35714285714285715,0.5714285714285714,-0.1714,0.06980833333333335,2.0,12.0,False,-0.24950799684457664,-0.267540542957974,-0.018032546113397385
320,Endo Wataru,8,2024-10-20 15:30:00+00:00,0.0,0.0,0.0,0.0,True,Chelsea,0.0,,,,,,,,,,,-0.5513364271686799,,
320,Endo Wataru,9,2024-10-27 16:30:00+00:00,1.0,0.0,0.0,1.0,False,Arsenal,1.0,0.13544705882352945,0.10691902439024387,17.0,0.17647058823529413,0.4117647058823529,0.40359999999999996,0.0779857142857143,3.0,14.0,False,-0.24950799684457664,0.1957692019246571,0.4452771987692338
320,Endo Wataru,10,2024-11-02 15:00:00+00:00,1.0,0.0,0.0,13.0,True,Brighton,1.0,0.110075,0.22014198473282445,16.0,0.375,0.4375,-0.4404,0.14677333333333334,1.0,15.0,False,-0.24950799684457664,0.07833196411929112,0.32783996096386775
320,Endo Wataru,11,2024-11-09 20:00:00+00:00,1.0,0.0,0.0,3.0,True,Aston Villa,1.0,-0.17264000000000002,-0.46797790055248617,10.0,0.6,0.3,-0.4404,-0.14288888888888887,1.0,9.0,False,-0.24950799684457664,-1.2302440925999998,-0.9807360957554232
320,Endo Wataru,12,2024-11-24 14:00:00+00:00,1.0,0.0,0.0,1.0,False,Southampton,1.0,-0.054310000000000004,-0.10411733333333334,10.0,0.3,0.1,-0.05135,-0.05505,2.0,8.0,False,-0.24950799684457664,-0.6825412654008994,-0.4330332685563228
320,Endo Wataru,13,2024-12-01 16:00:00+00:00,0.0,0.0,0.0,0.0,True,Man City,0.0,,,,,,,,,,,-0.5513364271686799,,
320,Endo Wataru,14,2024-12-04 19:30:00+00:00,0.0,0.0,0.0,0.0,False,Newcastle,0.0,,,,,,,,,,,-0.5513364271686799,,
320,Endo Wataru,16,2024-12-14 15:00:00+00:00,0.0,0.0,0.0,0.0,True,Fulham,0.0,,,,,,,,,,,-0.5513364271686799,,
320,Endo Wataru,17,2024-12-22 16:30:00+00:00,0.0,0.0,0.0,0.0,False,Spurs,0.0,,,,,,,,,,,-0.5513364271686799,,
320,Endo Wataru,18,2024-12-26 20:00:00+00:00,1.0,0.0,0.0,3.0,True,Leicester,1.0,-0.05874444444444445,0.16934607843137253,9.0,0.4444444444444444,0.2222222222222222,0.18926666666666667,-0.18275,3.0,6.0,False,-0.24950799684457664,-0.7030665570368291,-0.45355856019225244
320,Endo Wataru,19,2024-12-29 17:15:00+00:00,1.0,0.0,0.0,33.0,False,West Ham,2.7272727272727275,-0.21314615384615385,-0.4301565656565656,13.0,0.5384615384615384,0.07692307692307693,-0.19531666666666667,-0.22842857142857143,6.0,7.0,False,-0.24950799684457664,-1.4177310779840968,-1.1682230811395202
320,Endo Wataru,20,2025-01-05 16:30:00+00:00,0.0,0.0,0.0,0.0,True,Man Utd,0.0,,,,,,,,,,,-0.5513364271686799,,
320,Endo Wataru,21,2025-01-14 20:00:00+00:00,0.0,0.0,0.0,0.0,False,Nott'm Forest,0.0,0.6249,0.6249,1.0,0.0,1.0,0.6249,0.6249,0.0,1.0,True,-0.5513364271686799,2.4612535225810244,3.0125899497497044
320,Endo Wataru,22,2025-01-18 15:00:00+00:00,0.0,0.0,0.0,0.0,False,Brentford,0.0,0.0,0.0,1.0,0.0,0.0,0.0,0.0,0.0,1.0,True,-0.5513364271686799,-0.43116172897579036,0.12017469819288956
320,Endo Wataru,23,2025-01-25 15:00:00+00:00,1.0,0.0,0.0,22.0,True,Ipswich,4.090909090909091,-0.19560000000000002,-0.295324609375,12.0,0.5,0.25,-0.19560000000000002,-0.19560000000000002,0.0,12.0,False,-0.24950799684457664,-1.336516862924443,-1.0870088660798665
320,Endo Wataru,24,2025-02-01 15:00:00+00:00,1.0,0.0,0.0,2.0,False,Bournemouth,1.0,-0.20904166666666665,-0.44013223684210523,12.0,0.5,0.16666666666666666,0.6249,-0.28485454545454547,1.0,11.0,False,-0.24950799684457664,-1.3987330281877002,-1.1492250313431236
320,Endo Wataru,25,2025-02-16 14:00:00+00:00,1.0,0.0,0.0,19.0,True,Wolves,4.7368421052631575,-0.19357142857142856,-0.3227246913580247,14.0,0.6428571428571429,0.21428571428571427,0.0,-0.20846153846153845,1.0,13.0,False,-0.24950799684457664,-1.3271274071093164,-1.0776194102647398
320,Endo Wataru,26,2025-02-23 16:30:00+00:00,1.0,0.0,0.0,16.0,False,Man City,5.625,0.0225111111111111,0.019225602409638574,18.0,0.3888888888888889,0.3333333333333333,-0.62465,0.10340624999999999,2.0,16.0,False,-0.24950799684457664,-0.3269666879976053,-0.07745869115302867
320,Endo Wataru,27,2025-02-26 20:15:00+00:00,1.0,0.0,0.0,13.0,True,Newcastle,1.0,0.04295714285714288,-0.12384261603375524,14.0,0.42857142857142855,0.42857142857142855,0.25286666666666663,-0.014290909090909076,3.0,11.0,False,-0.24950799684457664,-0.2323300836512505,0.01717791319332615
320,Endo Wataru,28,2025-03-08 15:00:00+00:00,1.0,0.0,0.0,9.0,True,Southampton,1.0,0.2677642857142858,0.3034770731707317,14.0,0.2857142857142857,0.5714285714285714,0.49890000000000007,0.20472727272727276,3.0,11.0,False,-0.24950799684457664,0.8082133771567377,1.0577213740013143
320,Endo Wataru,30,2025-04-02 19:00:00+00:00,1.0,0.0,0.0,1.0,True,Everton,1.0,-0.006612500000000007,-0.1566258620689655,16.0,0.375,0.3125,0.0,-0.007053333333333333,1.0,15.0,False,-0.24950799684457664,-0.4617683794013296,-0.21226038255675295
320,Endo Wataru,31,2025-04-06 13:00:00+00:00,0.0,0.0,0.0,0.0,False,Fulham,0.0,-0.042300000000000004,-0.4741875,2.0,0.5,0.5,-0.6705,0.5859,1.0,1.0,True,-0.5513364271686799,-0.6269517195996553,-0.07561529243097542
320,Endo Wataru,32,2025-04-13 13:00:00+00:00,1.0,0.0,0.0,5.0,True,West Ham,1.0,-0.11665454545454544,-0.2890182692307692,11.0,0.36363636363636365,0.18181818181818182,0.009199999999999986,-0.1446222222222222,2.0,9.0,False,-0.24950799684457664,-0.9711095389232298,-0.7216015420786532
320,Endo Wataru,33,2025-04-20 15:30:00+00:00,0.0,0.0,0.0,0.0,False,Leicester,0.0,,,,,,,,,,,-0.5513364271686799,,
320,Endo Wataru,34,2025-04-27 15:30:00+00:00,1.0,0.0,0.0,14.0,True,Spurs,1.0,0.005022222222222224,0.24952666666666667,9.0,0.3333333333333333,0.2222222222222222,-0.7906,0.104475,1.0,8.0,False,-0.24950799684457664,-0.4079158461909238,-0.15840784934634716
320,Endo Wataru,35,2025-05-04 15:30:00+00:00,2.0,0.0,0.0,68.0,False,Chelsea,2.6470588235294117,0.0615,-0.01340122699386501,14.0,0.21428571428571427,0.35714285714285715,0.0,0.06623076923076923,1.0,13.0,False,0.0523204334795266,-0.14650252274960357,-0.19882295622913015
320,Endo Wataru,36,2025-05-11 15:30:00+00:00,0.0,0.0,0.0,0.0,True,Arsenal,0.0,,,,,,,,,,,-0.5513364271686799,,
320,Endo Wataru,37,2025-05-19 19:00:00+00:00,1.0,0.0,0.0,13.0,False,Brighton,1.0,-0.02807000000000003,-0.025492215568862282,10.0,0.5,0.5,-0.1027,-0.019777777777777783,1.0,9.0,False,-0.24950799684457664,-0.5610866707443931,-0.31157867389981647
320,Endo Wataru,38,2025-05-25 15:00:00+00:00,1.0,0.0,0.0,21.0,True,Crystal Palace,4.285714285714286,-0.11047058823529413,-0.25942165898617503,17.0,0.5882352941176471,0.29411764705882354,-0.26085,-0.09042,2.0,15.0,False,-0.24950799684457664,-0.9424864437465018,-0.6929784469019251
321,Cody Gakpo,1,2024-08-17 11:30:00+00:00,0.0,0.0,0.0,11.0,False,Ipswich,0.0,-0.119825,-0.20115479452054796,12.0,0.4166666666666667,0.3333333333333333,0.3182,-0.15964545454545453,1.0,11.0,False,-0.5513364271686799,-0.9857843206189257,-0.4344478934502458
321,Cody Gakpo,2,2024-08-25 15:30:00+00:00,1.0,0.0,0.0,18.0,True,Brentford,5.0,-0.011015384615384614,-0.09745859872611462,13.0,0.46153846153846156,0.23076923076923078,0.6249,-0.06400833333333333,1.0,12.0,False,-0.24950799684457664,-0.48214759305532745,-0.2326395962107508
321,Cody Gakpo,3,2024-09-01 15:00:00+00:00,1.0,0.0,0.0,24.0,False,Man Utd,3.75,-0.03093333333333333,-0.013145945945945963,9.0,0.3333333333333333,0.1111111111111111,-0.03093333333333333,-0.03093333333333333,0.0,9.0,False,-0.24950799684457664,-0.5743399096684197,-0.3248319128238431
321,Cody Gakpo,4,2024-09-14 14:00:00+00:00,1.0,0.0,0.0,29.0,True,Nott'm Forest,3.103448275862069,-0.0031235294117647017,0.08314913043478259,17.0,0.4117647058823529,0.35294117647058826,0.010899999999999984,-0.006128571428571428,3.0,14.0,False,-0.24950799684457664,-0.4456193127640357,-0.19611131591945907
321,Cody Gakpo,5,2024-09-21 14:00:00+00:00,1.0,0.0,0.0,18.0,True,Bournemouth,5.0,0.09282,0.025215957446808514,10.0,0.4,0.4,0.09282,0.09282,0.0,10.0,False,-0.24950799684457664,-0.0015346147983162721,0.24797338204626038
321,Cody Gakpo,6,2024-09-28 16:30:00+00:00,1.0,0.0,0.0,17.0,False,Wolves,5.294117647058823,-0.17746923076923077,-0.3834797297297297,13.0,0.5384615384615384,0.38461538461538464,-0.8271,-0.12333333333333334,1.0,12.0,False,-0.24950799684457664,-1.25259669418459,-1.0030886973400135
321,Cody Gakpo,7,2024-10-05 11:30:00+00:00,4.0,0.0,1.0,90.0,False,Crystal Palace,4.0,0.14382857142857142,0.20300526315789472,14.0,0.07142857142857142,0.2857142857142857,0.6518333333333334,0.005281818181818176,3.0,11.0,False,0.6559772941277332,0.23456391290231607,-0.42141338122541716
321,Cody Gakpo,8,2024-10-20 15:30:00+00:00,2.0,0.0,0.0,65.0,True,Chelsea,2.769230769230769,-0.08341538461538461,-0.12703055555555554,13.0,0.46153846153846156,0.23076923076923078,-0.6705,-0.03449166666666667,1.0,12.0,False,0.0523204334795266,-0.8172585935557489,-0.8695790270352756
321,Cody Gakpo,9,2024-10-27 16:30:00+00:00,1.0,0.0,0.0,27.0,False,Arsenal,3.3333333333333335,0.183,0.3722434108527132,14.0,0.07142857142857142,0.42857142857142855,0.1591,0.18698333333333336,2.0,12.0,False,-0.24950799684457664,0.41587298223383856,0.6653809790784152
321,Cody Gakpo,10,2024-11-02 15:00:00+00:00,9.0,1.0,0.0,90.0,True,Brighton,9.0,0.317878947368421,0.4191385964912281,19.0,0.15789473684210525,0.5263157894736842,0.28345,0.32192941176470585,2.0,17.0,False,2.165119445748249,1.0401743496243807,-1.1249450961238685
321,Cody Gakpo,11,2024-11-09 20:00:00+00:00,1.0,0.0,0.0,25.0,True,Aston Villa,3.5999999999999996,-0.1252444444444444,-0.3079862815884476,18.0,0.3888888888888889,0.2222222222222222,0.105375,-0.19113571428571424,4.0,14.0,False,-0.24950799684457664,-1.0108687881594536,-0.761360791314877
321,Cody Gakpo,12,2024-11-24 14:00:00+00:00,1.0,0.0,0.0,61.0,False,Southampton,1.4754098360655736,0.10168000000000002,-0.10388766233766233,10.0,0.5,0.4,-0.05135,0.13993750000000002,2.0,8.0,False,-0.24950799684457664,0.03947482531817187,0.2889828221627485
321,Cody Gakpo,13,2024-12-01 16:00:00+00:00,9.0,1.0,0.0,72.0,True,Man City,11.25,0.09219999999999999,-0.04871296296296296,6.0,0.3333333333333333,0.3333333333333333,0.0,0.11063999999999999,1.0,5.0,False,2.165119445748249,-0.004404349885474622,-2.1695237956337237
321,Cody Gakpo,14,2024-12-04 19:30:00+00:00,2.0,0.0,0.0,66.0,False,Newcastle,2.7272727272727275,0.062070000000000014,0.034860218978102195,20.0,0.3,0.45,0.25364,-0.0017866666666666476,5.0,15.0,False,0.0523204334795266,-0.14386421791140958,-0.19618465139093616
321,Cody Gakpo,16,2024-12-14 15:00:00+00:00,9.0,1.0,0.0,69.0,True,Fulham,11.739130434782608,0.36001,0.4518671328671329,10.0,0.1,0.6,0.4359,0.3410375,2.0,8.0,False,2.165119445748249,1.235182349617535,-0.9299370961307143
321,Cody Gakpo,17,2024-12-22 16:30:00+00:00,1.0,0.0,0.0,67.0,False,Spurs,1.3432835820895521,-0.14927222222222222,-0.22142169491525424,18.0,0.5,0.16666666666666666,0.12706666666666666,-0.20454,3.0,15.0,False,-0.24950799684457664,-1.1220838800228918,-0.8725758831783152
321,Cody Gakpo,18,2024-12-26 20:00:00+00:00,12.0,1.0,1.0,90.0,True,Leicester,12.0,0.4271631578947369,0.5559016891891891,19.0,0.10526315789473684,0.7368421052631579,0.33580000000000004,0.44429375000000004,3.0,16.0,False,3.070604736720559,1.5460077906239997,-1.5245969460965594
321,Cody Gakpo,19,2024-12-29 17:15:00+00:00,5.0,1.0,0.0,57.0,False,West Ham,7.894736842105264,0.2175736842105263,0.04075339805825242,19.0,0.15789473684210525,0.5263157894736842,0.3324333333333333,0.16456153846153845,6.0,13.0,False,0.9578057244518364,0.5759009091229973,-0.38190481532883913
321,Cody Gakpo,20,2025-01-05 16:30:00+00:00,6.0,1.0,0.0,85.0,True,Man Utd,6.352941176470589,0.3116590909090909,0.37140556900726385,22.0,0.13636363636363635,0.6818181818181818,0.6588,0.276945,2.0,20.0,False,1.2596341547759395,1.0113850910462714,-0.24824906372966815
321,Cody Gakpo,21,2025-01-14 20:00:00+00:00,2.0,0.0,0.0,90.0,False,Nott'm Forest,2.0,-0.23024615384615382,-0.4326695035460993,13.0,0.46153846153846156,0.07692307692307693,-0.23024615384615382,-0.23024615384615382,0.0,13.0,False,0.0523204334795266,-1.4968802231299143,-1.549200656609441
321,Cody Gakpo,22,2025-01-18 15:00:00+00:00,2.0,0.0,0.0,86.0,False,Brentford,2.093023255813953,-0.06783333333333333,-0.2368217054263566,12.0,0.3333333333333333,0.25,-0.4795,0.06938888888888889,3.0,9.0,False,0.0523204334795266,-0.7451354334041319,-0.7974558668836585
321,Cody Gakpo,23,2025-01-25 15:00:00+00:00,16.0,2.0,1.0,67.0,True,Ipswich,21.492537313432834,0.16041428571428573,0.07308362369337976,35.0,0.2857142857142857,0.4857142857142857,-0.05921666666666667,0.2058551724137931,6.0,29.0,False,4.2779184580169725,0.31133263263021466,-3.966585825386758
321,Cody Gakpo,24,2025-02-01 15:00:00+00:00,7.0,0.0,1.0,137.0,False,Bournemouth,4.598540145985401,0.041686666666666664,-0.01311640866873067,30.0,0.23333333333333334,0.26666666666666666,0.0044399999999999995,0.049136,5.0,25.0,False,1.5614625851000428,-0.23821061607255503,-1.7996732011725978
321,Cody Gakpo,25,2025-02-16 14:00:00+00:00,0.0,0.0,0.0,0.0,True,Wolves,0.0,0.0,0.0,1.0,0.0,0.0,0.0,0.0,0.0,1.0,True,-0.5513364271686799,-0.43116172897579036,0.12017469819288956
321,Cody Gakpo,26,2025-02-23 16:30:00+00:00,1.0,0.0,0.0,11.0,False,Man City,1.0,0.14887142857142854,0.05952666666666665,7.0,0.2857142857142857,0.5714285714285714,-0.6124,0.27575,1.0,6.0,False,-0.24950799684457664,0.2579053065835806,0.5074133034281572
321,Cody Gakpo,27,2025-02-26 20:15:00+00:00,1.0,0.0,0.0,28.0,True,Newcastle,3.2142857142857144,0.030884999999999996,-0.0667179104477612,20.0,0.25,0.4,0.18838333333333335,-0.036614285714285724,6.0,14.0,False,-0.24950799684457664,-0.28820726419049314,-0.0386992673459165
321,Cody Gakpo,28,2025-03-08 15:00:00+00:00,0.0,0.0,0.0,0.0,True,Southampton,0.0,,,,,,,,,,,-0.5513364271686799,,
321,Cody Gakpo,30,2025-04-02 19:00:00+00:00,1.0,0.0,0.0,4.0,True,Everton,1.0,0.07573846153846155,0.23216160337552746,13.0,0.23076923076923078,0.38461538461538464,0.4404,0.04535,1.0,12.0,False,-0.24950799684457664,-0.08059830877528563,0.16890968806929102
321,Cody Gakpo,31,2025-04-06 13:00:00+00:00,1.0,0.0,0.0,54.0,False,Fulham,1.6666666666666667,-0.05640666666666668,-0.1551288732394366,15.0,0.3333333333333333,0.2,0.2083,-0.12258333333333334,3.0,12.0,False,-0.24950799684457664,-0.692245907174139,-0.4427379103295624
321,Cody Gakpo,32,2025-04-13 13:00:00+00:00,1.0,0.0,0.0,30.0,True,West Ham,3.0,0.13249999999999998,0.13839146341463412,10.0,0.2,0.4,0.4215,0.10038888888888887,1.0,9.0,False,-0.24950799684457664,0.1821284307798152,0.4316364276243918
321,Cody Gakpo,33,2025-04-20 15:30:00+00:00,1.0,0.0,0.0,59.0,False,Leicester,1.5254237288135593,-0.052847058823529414,-0.2062696153846154,17.0,0.29411764705882354,0.17647058823529413,-0.26353333333333334,-0.007700000000000012,3.0,14.0,False,-0.24950799684457664,-0.6757698885870826,-0.426261891742506
321,Cody Gakpo,34,2025-04-27 15:30:00+00:00,7.0,1.0,0.0,67.0,True,Spurs,9.402985074626866,0.22277777777777782,0.21056345381526104,18.0,0.2222222222222222,0.4444444444444444,-0.017000000000000015,0.2707333333333333,3.0,15.0,False,1.5614625851000428,0.5999886025210561,-0.9614739825789866
321,Cody Gakpo,35,2025-05-04 15:30:00+00:00,2.0,0.0,0.0,90.0,False,Chelsea,2.0,0.011582352941176469,-0.0824568306010929,17.0,0.35294117647058826,0.29411764705882354,0.0,0.014064285714285711,3.0,14.0,False,0.0523204334795266,-0.37755159248039466,-0.42987202595992124
321,Cody Gakpo,36,2025-05-11 15:30:00+00:00,9.0,1.0,0.0,65.0,True,Arsenal,12.461538461538462,0.22904285714285713,0.2792312280701755,21.0,0.09523809523809523,0.47619047619047616,0.25899999999999995,0.22404999999999997,3.0,18.0,False,2.165119445748249,0.6289871800658942,-1.536132265682355
321,Cody Gakpo,37,2025-05-19 19:00:00+00:00,2.0,0.0,0.0,62.0,False,Brighton,2.903225806451613,-0.005870000000000009,0.0024391999999999994,10.0,0.3,0.2,-0.3062,0.0692125,2.0,8.0,False,0.0523204334795266,-0.4583316402042086,-0.5106520736837352
321,Cody Gakpo,38,2025-05-25 15:00:00+00:00,7.0,0.0,1.0,90.0,True,Crystal Palace,7.0,0.3755052631578948,0.3535638009049774,19.0,0.15789473684210525,0.6842105263157895,-0.296,0.41281111111111113,1.0,18.0,False,1.5614625851000428,1.3069038018255381,-0.25455878327450465
322,Joe Gomez,1,2024-08-17 11:30:00+00:00,0.0,0.0,0.0,0.0,False,Ipswich,0.0,,,,,,,,,,,-0.5513364271686799,,
322,Joe Gomez,2,2024-08-25 15:30:00+00:00,0.0,0.0,0.0,0.0,True,Brentford,0.0,,,,,,,,,,,-0.5513364271686799,,
322,Joe Gomez,3,2024-09-01 15:00:00+00:00,0.0,0.0,0.0,0.0,False,Man Utd,0.0,,,,,,,,,,,-0.5513364271686799,,
322,Joe Gomez,4,2024-09-14 14:00:00+00:00,0.0,0.0,0.0,0.0,True,Nott'm Forest,0.0,,,,,,,,,,,-0.5513364271686799,,
322,Joe Gomez,5,2024-09-21 14:00:00+00:00,0.0,0.0,0.0,0.0,True,Bournemouth,0.0,,,,,,,,,,,-0.5513364271686799,,
322,Joe Gomez,6,2024-09-28 16:30:00+00:00,1.0,0.0,0.0,1.0,False,Wolves,1.0,-0.05428461538461539,-0.17317857142857138,13.0,0.3076923076923077,0.3076923076923077,0.18964999999999999,-0.1627,4.0,9.0,False,-0.24950799684457664,-0.6824237700437328,-0.43291577319915614
322,Joe Gomez,7,2024-10-05 11:30:00+00:00,0.0,0.0,0.0,0.0,False,Crystal Palace,0.0,-0.3062,-0.5495897435897437,2.0,0.5,0.0,-0.6124,0.0,1.0,1.0,True,-0.5513364271686799,-1.8484405736336504,-1.2971041464649704
322,Joe Gomez,8,2024-10-20 15:30:00+00:00,1.0,0.0,0.0,9.0,True,Chelsea,1.0,0.2364785714285714,0.32282828282828285,14.0,0.0,0.5,0.17616,0.2699888888888889,5.0,9.0,False,-0.24950799684457664,0.6634041642333111,0.9129121610778876
322,Joe Gomez,9,2024-10-27 16:30:00+00:00,0.0,0.0,0.0,0.0,False,Arsenal,0.0,,,,,,,,,,,-0.5513364271686799,,
322,Joe Gomez,10,2024-11-02 15:00:00+00:00,1.0,0.0,0.0,45.0,True,Brighton,2.0,0.09204444444444443,0.004487272727272726,9.0,0.3333333333333333,0.4444444444444444,0.4404,0.048499999999999995,1.0,8.0,False,-0.24950799684457664,-0.0051243551044749406,0.2443836417401017
322,Joe Gomez,11,2024-11-09 20:00:00+00:00,0.0,0.0,0.0,0.0,True,Aston Villa,0.0,,,,,,,,,,,-0.5513364271686799,,
322,Joe Gomez,12,2024-11-24 14:00:00+00:00,0.0,0.0,0.0,0.0,False,Southampton,0.0,,,,,,,,,,,-0.5513364271686799,,
322,Joe Gomez,13,2024-12-01 16:00:00+00:00,6.0,0.0,0.0,90.0,True,Man City,6.0,0.5112636363636364,0.6138718562874251,11.0,0.09090909090909091,0.9090909090909091,0.4950333333333334,0.51735,3.0,8.0,False,1.2596341547759395,1.9352756840256167,0.6756415292496771
322,Joe Gomez,14,2024-12-04 19:30:00+00:00,1.0,0.0,0.0,66.0,False,Newcastle,1.3636363636363638,0.17912222222222224,0.2037870588235294,18.0,0.2222222222222222,0.4444444444444444,0.29295,0.16489375,2.0,16.0,False,-0.24950799684457664,0.39792428070304564,0.6474322775476222
322,Joe Gomez,16,2024-12-14 15:00:00+00:00,1.0,0.0,0.0,90.0,True,Fulham,1.0,0.14677777777777778,0.1734845238095238,9.0,0.1111111111111111,0.3333333333333333,0.754,0.070875,1.0,8.0,False,-0.24950799684457664,0.24821462409519923,0.4977226209397759
322,Joe Gomez,17,2024-12-22 16:30:00+00:00,1.0,0.0,0.0,90.0,False,Spurs,1.0,-0.03361000000000001,-0.1464245614035088,10.0,0.4,0.4,-0.1659,-0.0005375000000000102,2.0,8.0,False,-0.24950799684457664,-0.5867291423296463,-0.3372211454850697
322,Joe Gomez,18,2024-12-26 20:00:00+00:00,1.0,0.0,0.0,90.0,True,Leicester,1.0,-0.14294,-0.36187096774193545,10.0,0.3,0.1,-0.11059999999999999,-0.1568,3.0,7.0,False,-0.24950799684457664,-1.0927745247151583,-0.8432665278705818
322,Joe Gomez,19,2024-12-29 17:15:00+00:00,1.0,0.0,0.0,36.0,False,West Ham,2.5,-0.06488571428571428,-0.23573155080213903,14.0,0.2857142857142857,0.21428571428571427,-0.40717499999999995,0.07203,4.0,10.0,False,-0.24950799684457664,-0.7314920692032794,-0.4819840723587027
322,Joe Gomez,20,2025-01-05 16:30:00+00:00,0.0,0.0,0.0,0.0,True,Man Utd,0.0,,,,,,,,,,,-0.5513364271686799,,
322,Joe Gomez,21,2025-01-14 20:00:00+00:00,0.0,0.0,0.0,0.0,False,Nott'm Forest,0.0,,,,,,,,,,,-0.5513364271686799,,
322,Joe Gomez,22,2025-01-18 15:00:00+00:00,0.0,0.0,0.0,0.0,False,Brentford,0.0,0.0,0.0,2.0,0.0,0.0,0.0,0.0,0.0,2.0,True,-0.5513364271686799,-0.43116172897579036,0.12017469819288956
322,Joe Gomez,23,2025-01-25 15:00:00+00:00,0.0,0.0,0.0,0.0,True,Ipswich,0.0,,,,,,,,,,,-0.5513364271686799,,
322,Joe Gomez,24,2025-02-01 15:00:00+00:00,0.0,0.0,0.0,0.0,False,Bournemouth,0.0,-0.1027,-0.10269999999999999,1.0,1.0,0.0,-0.1027,-0.1027,0.0,1.0,True,-0.5513364271686799,-0.9065194603486257,-0.3551830331799458
322,Joe Gomez,25,2025-02-16 14:00:00+00:00,0.0,0.0,0.0,0.0,True,Wolves,0.0,,,,,,,,,,,-0.5513364271686799,,
322,Joe Gomez,26,2025-02-23 16:30:00+00:00,0.0,0.0,0.0,0.0,False,Man City,0.0,,,,,,,,,,,-0.5513364271686799,,
322,Joe Gomez,27,2025-02-26 20:15:00+00:00,0.0,0.0,0.0,0.0,True,Newcastle,0.0,-0.1027,-0.1027,1.0,1.0,0.0,-0.1027,-0.1027,0.0,1.0,True,-0.5513364271686799,-0.9065194603486257,-0.3551830331799458
322,Joe Gomez,28,2025-03-08 15:00:00+00:00,0.0,0.0,0.0,0.0,True,Southampton,0.0,,,,,,,,,,,-0.5513364271686799,,
322,Joe Gomez,30,2025-04-02 19:00:00+00:00,0.0,0.0,0.0,0.0,True,Everton,0.0,,,,,,,,,,,-0.5513364271686799,,
322,Joe Gomez,31,2025-04-06 13:00:00+00:00,0.0,0.0,0.0,0.0,False,Fulham,0.0,-0.1027,-0.1027,1.0,1.0,0.0,-0.1027,-0.1027,0.0,1.0,True,-0.5513364271686799,-0.9065194603486257,-0.3551830331799458
322,Joe Gomez,32,2025-04-13 13:00:00+00:00,0.0,0.0,0.0,0.0,True,West Ham,0.0,0.3182,0.3182,1.0,0.0,1.0,0.3182,0.3182,0.0,1.0,True,-0.5513364271686799,1.0416603754335207,1.5929968026022006
322,Joe Gomez,33,2025-04-20 15:30:00+00:00,0.0,0.0,0.0,0.0,False,Leicester,0.0,,,,,,,,,,,-0.5513364271686799,,
322,Joe Gomez,34,2025-04-27 15:30:00+00:00,0.0,0.0,0.0,0.0,True,Spurs,0.0,,,,,,,,,,,-0.5513364271686799,,
322,Joe Gomez,35,2025-05-04 15:30:00+00:00,0.0,0.0,0.0,0.0,False,Chelsea,0.0,,,,,,,,,,,-0.5513364271686799,,
322,Joe Gomez,36,2025-05-11 15:30:00+00:00,0.0,0.0,0.0,0.0,True,Arsenal,0.0,,,,,,,,,,,-0.5513364271686799,,
322,Joe Gomez,37,2025-05-19 19:00:00+00:00,0.0,0.0,0.0,0.0,False,Brighton,0.0,-0.1027,-0.1027,1.0,1.0,0.0,-0.1027,-0.1027,0.0,1.0,True,-0.5513364271686799,-0.9065194603486257,-0.3551830331799458
322,Joe Gomez,38,2025-05-25 15:00:00+00:00,0.0,0.0,0.0,0.0,True,Crystal Palace,0.0,,,,,,,,,,,-0.5513364271686799,,
323,Ryan Gravenberch,1,2024-08-17 11:30:00+00:00,3.0,0.0,0.0,90.0,False,Ipswich,3.0,0.00349090909090909,-0.06779430894308941,11.0,0.2727272727272727,0.18181818181818182,-0.1027,0.014110000000000001,1.0,10.0,False,0.35414886380362987,-0.4150036897753682,-0.769152553578998
323,Ryan Gravenberch,2,2024-08-25 15:30:00+00:00,2.0,0.0,0.0,90.0,True,Brentford,2.0,-0.029049999999999992,0.07981315789473686,16.0,0.3125,0.25,-0.029049999999999992,-0.029049999999999992,0.0,16.0,False,0.0523204334795266,-0.5656227036240948,-0.6179431371036215
323,Ryan Gravenberch,3,2024-09-01 15:00:00+00:00,3.0,0.0,0.0,90.0,False,Man Utd,3.0,-0.06443333333333333,-0.14149905660377357,12.0,0.16666666666666666,0.0,0.0,-0.07029090909090908,1.0,11.0,False,0.35414886380362987,-0.729398176474554,-1.0835470402781837
323,Ryan Gravenberch,4,2024-09-14 14:00:00+00:00,1.0,0.0,0.0,90.0,True,Nott'm Forest,1.0,0.17515833333333333,0.012931972789115656,12.0,0.25,0.5833333333333334,0.17515833333333333,0.17515833333333333,0.0,12.0,False,-0.24950799684457664,0.3795770048545917,0.6290850016991684
323,Ryan Gravenberch,5,2024-09-21 14:00:00+00:00,3.0,0.0,0.0,90.0,True,Bournemouth,3.0,0.28174375,0.4587723735408561,16.0,0.125,0.625,0.28174375,0.28174375,0.0,16.0,False,0.35414886380362987,0.8729187951573676,0.5187699313537377
323,Ryan Gravenberch,6,2024-09-28 16:30:00+00:00,3.0,0.0,0.0,90.0,False,Wolves,3.0,0.19303076923076926,0.15440197044334977,13.0,0.15384615384615385,0.46153846153846156,0.29295,0.17486363636363636,2.0,11.0,False,0.35414886380362987,0.4623014506414619,0.10815258683783202
323,Ryan Gravenberch,7,2024-10-05 11:30:00+00:00,3.0,0.0,0.0,90.0,False,Crystal Palace,3.0,0.07443846153846155,0.11569428571428574,13.0,0.15384615384615385,0.3076923076923077,0.07443846153846155,0.07443846153846155,0.0,13.0,False,0.35414886380362987,-0.08661549524835947,-0.44076435905198935
323,Ryan Gravenberch,8,2024-10-20 15:30:00+00:00,2.0,0.0,0.0,90.0,True,Chelsea,2.0,0.0465,-0.04578609271523178,16.0,0.375,0.375,0.189025,-0.0010083333333333333,4.0,12.0,False,0.0523204334795266,-0.21593159743891743,-0.268252030918444
323,Ryan Gravenberch,9,2024-10-27 16:30:00+00:00,2.0,0.0,0.0,90.0,False,Arsenal,2.0,-0.14904285714285717,-0.25544921875000004,14.0,0.42857142857142855,0.21428571428571427,-0.14904285714285717,-0.14904285714285717,0.0,14.0,False,0.0523204334795266,-1.121022239674468,-1.1733426731539947
323,Ryan Gravenberch,10,2024-11-02 15:00:00+00:00,2.0,0.0,0.0,90.0,True,Brighton,2.0,-0.13229999999999997,-0.1635741935483871,13.0,0.46153846153846156,0.15384615384615385,0.33580000000000004,-0.27273000000000003,3.0,10.0,False,0.0523204334795266,-1.0435261677355383,-1.095846601215065
323,Ryan Gravenberch,11,2024-11-09 20:00:00+00:00,3.0,0.0,0.0,90.0,True,Aston Villa,3.0,0.17725624999999998,0.2691274509803922,16.0,0.1875,0.5,0.3551,0.1362153846153846,3.0,13.0,False,0.35414886380362987,0.38928743238405533,0.03513856858042547
323,Ryan Gravenberch,12,2024-11-24 14:00:00+00:00,5.0,0.0,1.0,90.0,False,Southampton,5.0,0.45871428571428574,0.4338044943820224,7.0,0.0,0.7142857142857143,0.0,0.5351666666666667,1.0,6.0,False,0.9578057244518364,1.6920454979517028,0.7342397734998664
323,Ryan Gravenberch,13,2024-12-01 16:00:00+00:00,2.0,0.0,0.0,90.0,True,Man City,2.0,0.000980000000000003,-0.030976605504587158,15.0,0.4,0.4,0.000980000000000003,0.000980000000000003,0.0,15.0,False,0.0523204334795266,-0.42662569609608847,-0.47894612957561505
323,Ryan Gravenberch,14,2024-12-04 19:30:00+00:00,1.0,0.0,0.0,66.0,False,Newcastle,1.3636363636363638,0.019727272727272736,0.027338121546961316,11.0,0.2727272727272727,0.36363636363636365,0.06712,-0.019766666666666672,5.0,6.0,False,-0.24950799684457664,-0.3398519762025715,-0.09034397935799487
323,Ryan Gravenberch,16,2024-12-14 15:00:00+00:00,2.0,0.0,0.0,90.0,True,Fulham,2.0,-0.07240588235294118,-0.0026295880149812523,17.0,0.29411764705882354,0.11764705882352941,-0.07240588235294118,-0.07240588235294118,0.0,17.0,False,0.0523204334795266,-0.7662999565643254,-0.818620390043852
323,Ryan Gravenberch,17,2024-12-22 16:30:00+00:00,2.0,0.0,0.0,90.0,False,Spurs,2.0,0.02725714285714286,-0.15747761194029852,14.0,0.21428571428571427,0.42857142857142855,0.0,0.0318,2.0,12.0,False,0.0523204334795266,-0.3049991818260658,-0.35731961530559236
323,Ryan Gravenberch,18,2024-12-26 20:00:00+00:00,2.0,0.0,0.0,86.0,True,Leicester,2.093023255813953,-0.10282857142857142,-0.25558066298342536,14.0,0.42857142857142855,0.5,-0.06524000000000002,-0.1237111111111111,5.0,9.0,False,0.0523204334795266,-0.9071145667031056,-0.9594350001826323
323,Ryan Gravenberch,19,2024-12-29 17:15:00+00:00,4.0,0.0,1.0,56.0,False,West Ham,6.428571428571429,0.190245,0.08267568627450982,20.0,0.25,0.55,0.1762,0.19626428571428572,6.0,14.0,False,0.6559772941277332,0.44940722530877714,-0.20657006881895607
323,Ryan Gravenberch,20,2025-01-05 16:30:00+00:00,2.0,0.0,0.0,90.0,True,Man Utd,2.0,0.03405,-0.0342796460176991,18.0,0.3888888888888889,0.2777777777777778,-0.03423333333333333,0.04770666666666667,3.0,15.0,False,0.0523204334795266,-0.27355772943104795,-0.32587816291057453
323,Ryan Gravenberch,21,2025-01-14 20:00:00+00:00,2.0,0.0,0.0,90.0,False,Nott'm Forest,2.0,-0.10504615384615382,-0.3084073619631902,13.0,0.5384615384615384,0.15384615384615385,0.0,-0.11379999999999997,1.0,12.0,False,0.0523204334795266,-0.9173788797231082,-0.9696993132026348
323,Ryan Gravenberch,22,2025-01-18 15:00:00+00:00,3.0,0.0,0.0,90.0,False,Brentford,3.0,0.10846,0.04044770642201835,10.0,0.1,0.4,0.12773333333333334,0.07955,6.0,4.0,False,0.35414886380362987,0.07085676707774163,-0.28329209672588823
323,Ryan Gravenberch,23,2025-01-25 15:00:00+00:00,3.0,0.0,0.0,67.0,True,Ipswich,4.029850746268656,0.2724375,0.22546575342465752,8.0,0.125,0.625,0.27163333333333334,0.27292,3.0,5.0,False,0.35414886380362987,0.8298438400688725,0.4756949762652426
323,Ryan Gravenberch,24,2025-02-01 15:00:00+00:00,4.0,0.0,0.0,150.0,False,Bournemouth,2.4,0.09454166666666668,0.03792772277227723,24.0,0.20833333333333334,0.375,-0.05135,0.10780454545454546,2.0,22.0,False,0.6559772941277332,0.006434300107690576,-0.6495429940200427
323,Ryan Gravenberch,25,2025-02-16 14:00:00+00:00,4.0,0.0,0.0,180.0,True,Wolves,2.0,-0.040882352941176474,0.0416048319327731,34.0,0.4117647058823529,0.23529411764705882,0.361175,-0.09448999999999999,4.0,30.0,False,0.6559772941277332,-0.6203899913643124,-1.2763672854920456
323,Ryan Gravenberch,26,2025-02-23 16:30:00+00:00,3.0,0.0,0.0,90.0,False,Man City,3.0,0.09131111111111109,-0.10992241379310345,9.0,0.2222222222222222,0.5555555555555556,0.0847,0.09461666666666664,3.0,6.0,False,0.35414886380362987,-0.008518665422619184,-0.36266752922624906
323,Ryan Gravenberch,27,2025-02-26 20:15:00+00:00,3.0,0.0,0.0,76.0,True,Newcastle,3.5526315789473686,0.060686666666666673,-0.25637743190661477,15.0,0.3333333333333333,0.4,-0.25978,0.22092,5.0,10.0,False,0.35414886380362987,-0.15026712146609078,-0.5044159852697206
323,Ryan Gravenberch,28,2025-03-08 15:00:00+00:00,2.0,0.0,0.0,80.0,True,Southampton,2.25,-0.02163333333333332,-0.003933333333333339,12.0,0.3333333333333333,0.25,0.47155,-0.12027000000000002,2.0,10.0,False,0.0523204334795266,-0.5312938833610451,-0.5836143168405717
323,Ryan Gravenberch,30,2025-04-02 19:00:00+00:00,3.0,0.0,0.0,90.0,True,Everton,3.0,-0.01991764705882353,-0.13614357142857145,17.0,0.35294117647058826,0.23529411764705882,0.22319999999999998,-0.07201428571428573,3.0,14.0,False,0.35414886380362987,-0.5233526493279538,-0.8775015131315836
323,Ryan Gravenberch,31,2025-04-06 13:00:00+00:00,5.0,0.0,1.0,90.0,False,Fulham,5.0,0.19970909090909092,0.06974536082474227,11.0,0.2727272727272727,0.5454545454545454,0.19970909090909092,0.19970909090909092,0.0,11.0,False,0.9578057244518364,0.4932127636150258,-0.4645929608368106
323,Ryan Gravenberch,32,2025-04-13 13:00:00+00:00,2.0,0.0,0.0,90.0,True,West Ham,2.0,0.10725714285714284,0.21208394160583938,14.0,0.2857142857142857,0.42857142857142855,0.09225,0.10975833333333333,2.0,12.0,False,0.0523204334795266,0.06528921651694135,0.01296878303741475
323,Ryan Gravenberch,33,2025-04-20 15:30:00+00:00,3.0,0.0,0.0,90.0,False,Leicester,3.0,0.25833333333333336,0.28221156069364156,9.0,0.2222222222222222,0.4444444444444444,0.0,0.290625,1.0,8.0,False,0.35414886380362987,0.7645612240068371,0.41041236020320726
323,Ryan Gravenberch,34,2025-04-27 15:30:00+00:00,5.0,0.0,1.0,90.0,True,Spurs,5.0,0.07686428571428572,0.2646845161290323,14.0,0.42857142857142855,0.35714285714285715,0.07686428571428572,0.07686428571428572,0.0,14.0,False,0.9578057244518364,-0.07538731338926352,-1.0331930378410998
323,Ryan Gravenberch,35,2025-05-04 15:30:00+00:00,0.0,0.0,0.0,0.0,False,Chelsea,0.0,,,,,,,,,,,-0.5513364271686799,,
323,Ryan Gravenberch,36,2025-05-11 15:30:00+00:00,2.0,0.0,0.0,82.0,True,Arsenal,2.1951219512195124,-0.15905714285714284,-0.31853011363636363,14.0,0.5,0.2857142857142857,-0.3953,-0.11968333333333335,2.0,12.0,False,0.0523204334795266,-1.1673744123956191,-1.2196948458751458
323,Ryan Gravenberch,37,2025-05-19 19:00:00+00:00,2.0,0.0,0.0,90.0,False,Brighton,2.0,-0.21329999999999996,-0.23559065934065934,13.0,0.6153846153846154,0.23076923076923078,-0.296,-0.2064083333333333,1.0,12.0,False,0.0523204334795266,-1.4184431710578331,-1.4707636045373598
323,Ryan Gravenberch,38,2025-05-25 15:00:00+00:00,-1.0,0.0,0.0,67.0,True,Crystal Palace,-1.3432835820895521,0.101725,0.1718412935323383,16.0,0.25,0.375,-0.1101,0.17233333333333334,4.0,12.0,False,-0.853164857492783,0.0396831125422397,0.8928479700350227
324,Curtis Jones,1,2024-08-17 11:30:00+00:00,0.0,0.0,0.0,0.0,False,Ipswich,0.0,,,,,,,,,,,-0.5513364271686799,,
324,Curtis Jones,2,2024-08-25 15:30:00+00:00,0.0,0.0,0.0,0.0,True,Brentford,0.0,0.0,0.0,1.0,0.0,0.0,0.0,0.0,0.0,1.0,True,-0.5513364271686799,-0.43116172897579036,0.12017469819288956
324,Curtis Jones,3,2024-09-01 15:00:00+00:00,0.0,0.0,0.0,0.0,False,Man Utd,0.0,0.2294,0.42602857142857137,2.0,0.0,0.5,0.0,0.4588,1.0,1.0,True,-0.5513364271686799,0.6306402532727827,1.1819766804414626
324,Curtis Jones,4,2024-09-14 14:00:00+00:00,1.0,0.0,0.0,15.0,True,Nott'm Forest,6.0,0.12949375000000002,0.06316504854368933,16.0,0.25,0.5,0.4404,0.10876666666666668,1.0,15.0,False,-0.24950799684457664,0.16821368706083206,0.4177216839054087
324,Curtis Jones,5,2024-09-21 14:00:00+00:00,1.0,0.0,0.0,29.0,True,Bournemouth,3.103448275862069,-0.12944,-0.01305299999999999,10.0,0.4,0.3,-0.80885,0.040412500000000004,2.0,8.0,False,-0.24950799684457664,-1.0302883574947759,-0.7807803606501993
324,Curtis Jones,6,2024-09-28 16:30:00+00:00,1.0,0.0,0.0,17.0,False,Wolves,5.294117647058823,0.19893333333333335,0.26820048309178746,18.0,0.2222222222222222,0.4444444444444444,-0.1468,0.26808000000000004,3.0,15.0,False,-0.24950799684457664,0.48962208823715425,0.7391300850817308
324,Curtis Jones,7,2024-10-05 11:30:00+00:00,3.0,0.0,0.0,88.0,False,Crystal Palace,3.0681818181818183,0.162,0.29815142857142857,9.0,0.2222222222222222,0.3333333333333333,0.6705,0.0984375,1.0,8.0,False,0.35414886380362987,0.3186722776687992,-0.03547658613483068
324,Curtis Jones,8,2024-10-20 15:30:00+00:00,13.0,1.0,1.0,80.0,True,Chelsea,14.625,0.311740625,0.3580758445945946,32.0,0.15625,0.6875,0.22025,0.32481071428571434,4.0,28.0,False,3.372433167044662,1.011762480145435,-2.360670686899227
324,Curtis Jones,9,2024-10-27 16:30:00+00:00,2.0,0.0,0.0,90.0,False,Arsenal,2.0,0.0036727272727272667,-0.04493076923076923,11.0,0.45454545454545453,0.36363636363636365,-0.5264,0.12146666666666667,2.0,9.0,False,0.0523204334795266,-0.41416212523367957,-0.46648255871320615
324,Curtis Jones,10,2024-11-02 15:00:00+00:00,4.0,0.0,1.0,24.0,True,Brighton,15.0,0.1985111111111111,0.3232737704918033,9.0,0.2222222222222222,0.4444444444444444,0.0,0.223325,1.0,8.0,False,0.6559772941277332,0.4876677883570105,-0.16830950577072268
324,Curtis Jones,11,2024-11-09 20:00:00+00:00,3.0,0.0,0.0,64.0,True,Aston Villa,4.21875,-0.0654625,-0.10296753246753246,8.0,0.375,0.25,-0.6124,0.012671428571428571,1.0,7.0,False,0.35414886380362987,-0.7341617824324043,-1.0883106462360341
324,Curtis Jones,12,2024-11-24 14:00:00+00:00,2.0,0.0,0.0,61.0,False,Southampton,2.9508196721311473,-0.14939999999999998,-0.23658201438848922,18.0,0.4444444444444444,0.2777777777777778,0.39233333333333337,-0.2577466666666666,3.0,15.0,False,0.0523204334795266,-1.122675312881356,-1.1749957463608827
324,Curtis Jones,13,2024-12-01 16:00:00+00:00,1.0,0.0,0.0,6.0,True,Man City,1.0,-0.17439411764705884,-0.2769995967741935,17.0,0.5294117647058824,0.17647058823529413,0.2227,-0.25948571428571426,3.0,14.0,False,-0.24950799684457664,-1.2383632102754327,-0.9888552134308561
324,Curtis Jones,14,2024-12-04 19:30:00+00:00,7.0,1.0,0.0,90.0,False,Newcastle,7.0,0.09346153846153846,0.060906060606060596,13.0,0.5384615384615384,0.46153846153846156,-0.39333333333333337,0.2395,3.0,10.0,False,1.5614625851000428,0.001434813319165131,-1.5600277717808777
324,Curtis Jones,16,2024-12-14 15:00:00+00:00,1.0,0.0,0.0,69.0,True,Fulham,1.3043478260869565,-0.1835416666666667,-0.31783333333333336,12.0,0.5833333333333334,0.25,0.3182,-0.22915454545454542,1.0,11.0,False,-0.24950799684457664,-1.2807036012158668,-1.0311956043712902
324,Curtis Jones,17,2024-12-22 16:30:00+00:00,1.0,0.0,0.0,22.0,False,Spurs,4.090909090909091,0.03411764705882352,-0.15243214285714285,17.0,0.35294117647058826,0.35294117647058826,-0.022299999999999997,0.05762499999999998,5.0,12.0,False,-0.24950799684457664,-0.2732446179177432,-0.02373662107316654
324,Curtis Jones,18,2024-12-26 20:00:00+00:00,8.0,1.0,0.0,77.0,True,Leicester,9.350649350649352,0.32575454545454546,0.2763171875,11.0,0.18181818181818182,0.7272727272727273,0.4404,0.3002777777777778,2.0,9.0,False,1.8632910154241462,1.0766273821406842,-0.786663633283462
324,Curtis Jones,19,2024-12-29 17:15:00+00:00,6.0,0.0,1.0,73.0,False,West Ham,7.397260273972603,-0.01685,-0.09990672645739905,14.0,0.35714285714285715,0.2857142857142857,-0.26353333333333334,0.05042727272727272,3.0,11.0,False,1.2596341547759395,-0.5091537228767863,-1.7687878776527257
324,Curtis Jones,20,2025-01-05 16:30:00+00:00,2.0,0.0,0.0,60.0,True,Man Utd,3.0,0.12192142857142856,0.04864125000000001,14.0,0.2857142857142857,0.42857142857142855,-0.05135,0.1508,2.0,12.0,False,0.0523204334795266,0.13316440239178007,0.08084396891225347
324,Curtis Jones,21,2025-01-14 20:00:00+00:00,1.0,0.0,0.0,15.0,False,Nott'm Forest,6.0,-0.04352499999999999,-0.24674999999999997,12.0,0.5,0.3333333333333333,0.0814,-0.06850999999999999,2.0,10.0,False,-0.24950799684457664,-0.6326217606992827,-0.383113763854706
324,Curtis Jones,22,2025-01-18 15:00:00+00:00,1.0,0.0,0.0,10.0,False,Brentford,1.0,0.059606249999999986,0.21403508771929824,16.0,0.3125,0.3125,0.3182,0.04236666666666666,1.0,15.0,False,-0.24950799684457664,-0.15526794342912953,0.09424005341544711
324,Curtis Jones,23,2025-01-25 15:00:00+00:00,0.0,0.0,0.0,0.0,True,Ipswich,0.0,,,,,,,,,,,-0.5513364271686799,,
324,Curtis Jones,24,2025-02-01 15:00:00+00:00,5.0,0.0,2.0,58.0,False,Bournemouth,7.758620689655172,-0.14734285714285714,-0.3243874418604651,21.0,0.42857142857142855,0.14285714285714285,-0.3062,-0.13062105263157897,2.0,19.0,False,0.9578057244518364,-1.113153611209679,-2.0709593356615152
324,Curtis Jones,25,2025-02-16 14:00:00+00:00,2.0,0.0,0.0,90.0,True,Wolves,2.0,0.1367,0.04366086956521738,18.0,0.2222222222222222,0.3888888888888889,0.0,0.14474117647058823,1.0,17.0,False,0.0523204334795266,0.2015685716928231,0.14924813821329652
324,Curtis Jones,26,2025-02-23 16:30:00+00:00,3.0,0.0,0.0,73.0,False,Man City,3.6986301369863015,0.11947500000000001,0.18420292397660817,16.0,0.25,0.375,0.2202,0.1050857142857143,2.0,14.0,False,0.35414886380362987,0.12184085092459448,-0.23230801287903538
324,Curtis Jones,27,2025-02-26 20:15:00+00:00,1.0,0.0,0.0,3.0,True,Newcastle,1.0,0.18962142857142858,0.26346280487804874,14.0,0.14285714285714285,0.35714285714285715,0.16445,0.19381666666666666,2.0,12.0,False,-0.24950799684457664,0.44652095948955,0.6960289563341266
324,Curtis Jones,28,2025-03-08 15:00:00+00:00,1.0,0.0,0.0,45.0,True,Southampton,2.0,-0.12924117647058822,-0.2273178125,17.0,0.4117647058823529,0.23529411764705882,-0.6369,-0.0975125,1.0,16.0,False,-0.24950799684457664,-1.0293680819165412,-0.7798600850719646
324,Curtis Jones,30,2025-04-02 19:00:00+00:00,3.0,0.0,0.0,90.0,True,Everton,3.0,0.061812500000000006,0.2300739130434783,8.0,0.25,0.375,-0.3786333333333333,0.32608000000000004,3.0,5.0,False,0.35414886380362987,-0.14505608369357617,-0.499204947497206
324,Curtis Jones,31,2025-04-06 13:00:00+00:00,2.0,0.0,0.0,90.0,False,Fulham,2.0,0.018581250000000007,-0.19775520361990953,16.0,0.3125,0.3125,-0.21675,0.09702500000000001,4.0,12.0,False,0.0523204334795266,-0.34515646270440276,-0.39747689618392934
324,Curtis Jones,32,2025-04-13 13:00:00+00:00,3.0,0.0,0.0,67.0,True,West Ham,4.029850746268656,0.12981874999999998,0.03100534759358288,16.0,0.1875,0.375,0.15293333333333334,0.12448461538461539,3.0,13.0,False,0.35414886380362987,0.16971798367910035,-0.18443088012452952
324,Curtis Jones,33,2025-04-20 15:30:00+00:00,1.0,0.0,0.0,1.0,False,Leicester,1.0,0.022838461538461537,-0.0010097297297297194,13.0,0.3076923076923077,0.3076923076923077,-0.6369,0.14279090909090908,2.0,11.0,False,-0.24950799684457664,-0.3254515121795991,-0.07594351533502247
324,Curtis Jones,34,2025-04-27 15:30:00+00:00,1.0,0.0,0.0,22.0,True,Spurs,4.090909090909091,-0.08331333333333335,-0.27379191919191914,15.0,0.4,0.3333333333333333,0.4215,-0.11937142857142859,1.0,14.0,False,-0.24950799684457664,-0.8167862384835037,-0.567278241638927
324,Curtis Jones,35,2025-05-04 15:30:00+00:00,2.0,0.0,0.0,90.0,False,Chelsea,2.0,-0.06854000000000002,-0.22968699999999997,15.0,0.3333333333333333,0.2,-0.1406666666666667,-0.05050833333333334,3.0,12.0,False,0.0523204334795266,-0.7484063142561619,-0.8007267477356885
324,Curtis Jones,36,2025-05-11 15:30:00+00:00,2.0,0.0,0.0,66.0,True,Arsenal,2.7272727272727275,0.16653333333333334,-0.11102738095238097,9.0,0.2222222222222222,0.5555555555555556,-0.2202,0.27702857142857146,2.0,7.0,False,0.0523204334795266,0.33965528690823626,0.2873348534287097
324,Curtis Jones,37,2025-05-19 19:00:00+00:00,1.0,0.0,0.0,27.0,False,Brighton,3.3333333333333335,0.13918181818181818,0.046988652482269515,11.0,0.36363636363636365,0.45454545454545453,0.13918181818181818,0.13918181818181818,0.0,11.0,False,-0.24950799684457664,0.2130559276868733,0.4625639245314499
324,Curtis Jones,38,2025-05-25 15:00:00+00:00,2.0,0.0,0.0,90.0,True,Crystal Palace,2.0,-0.021629999999999993,0.08160389610389611,10.0,0.4,0.3,-0.021629999999999993,-0.021629999999999993,0.0,10.0,False,0.0523204334795266,-0.5312784546777809,-0.5835988881573075
325,Caoimhin Kelleher,1,2024-08-17 11:30:00+00:00,0.0,0.0,0.0,0.0,False,Ipswich,0.0,,,,,,,,,,,-0.5513364271686799,,
325,Caoimhin Kelleher,2,2024-08-25 15:30:00+00:00,0.0,0.0,0.0,0.0,True,Brentford,0.0,,,,,,,,,,,-0.5513364271686799,,
325,Caoimhin Kelleher,3,2024-09-01 15:00:00+00:00,0.0,0.0,0.0,0.0,False,Man Utd,0.0,,,,,,,,,,,-0.5513364271686799,,
325,Caoimhin Kelleher,4,2024-09-14 14:00:00+00:00,0.0,0.0,0.0,0.0,True,Nott'm Forest,0.0,,,,,,,,,,,-0.5513364271686799,,
325,Caoimhin Kelleher,5,2024-09-21 14:00:00+00:00,9.0,0.0,0.0,90.0,True,Bournemouth,9.0,-0.04113333333333333,-0.1368649635036496,12.0,0.3333333333333333,0.5,0.4588,-0.08658181818181818,1.0,11.0,False,2.165119445748249,-0.6215516804571533,-2.7866711262054027
325,Caoimhin Kelleher,6,2024-09-28 16:30:00+00:00,0.0,0.0,0.0,0.0,False,Wolves,0.0,,,,,,,,,,,-0.5513364271686799,,
325,Caoimhin Kelleher,7,2024-10-05 11:30:00+00:00,0.0,0.0,0.0,0.0,False,Crystal Palace,0.0,,,,,,,,,,,-0.5513364271686799,,
325,Caoimhin Kelleher,8,2024-10-20 15:30:00+00:00,2.0,0.0,0.0,90.0,True,Chelsea,2.0,-0.008690909090909082,-0.12457079646017699,11.0,0.2727272727272727,0.2727272727272727,0.21075,-0.057455555555555544,2.0,9.0,False,0.0523204334795266,-0.4713885140685079,-0.5237089475480345
325,Caoimhin Kelleher,9,2024-10-27 16:30:00+00:00,1.0,0.0,0.0,90.0,False,Arsenal,1.0,-0.13095555555555555,-0.243875221238938,9.0,0.4444444444444444,0.3333333333333333,0.21075,-0.22858571428571425,2.0,7.0,False,-0.24950799684457664,-1.0373032654856074,-0.7877952686410308
325,Caoimhin Kelleher,10,2024-11-02 15:00:00+00:00,3.0,0.0,0.0,90.0,True,Brighton,3.0,0.2150875,0.38770333333333334,8.0,0.125,0.5,0.4588,0.18027142857142858,1.0,7.0,False,0.35414886380362987,0.5643933445067291,0.2102444807030992
325,Caoimhin Kelleher,11,2024-11-09 20:00:00+00:00,6.0,0.0,0.0,90.0,True,Aston Villa,6.0,0.4066636363636364,0.4902956989247311,11.0,0.09090909090909091,0.8181818181818182,0.4215,0.40518,1.0,10.0,False,1.2596341547759395,1.4511236031921348,0.1914894484161953
325,Caoimhin Kelleher,12,2024-11-24 14:00:00+00:00,7.0,0.0,0.0,90.0,False,Southampton,7.0,0.14329166666666668,-0.014717934782608705,12.0,0.25,0.5,0.44015,0.08392,2.0,10.0,False,1.5614625851000428,0.23207879284796057,-1.3293837922520821
325,Caoimhin Kelleher,13,2024-12-01 16:00:00+00:00,7.0,0.0,0.0,90.0,True,Man City,7.0,0.28436666666666666,0.44337164179104477,9.0,0.2222222222222222,0.5555555555555556,0.28436666666666666,0.28436666666666666,0.0,9.0,False,1.5614625851000428,0.8850592403009573,-0.6764033447990855
325,Caoimhin Kelleher,14,2024-12-04 19:30:00+00:00,2.0,0.0,0.0,90.0,False,Newcastle,2.0,-0.08354166666666667,-0.12619000000000002,12.0,0.3333333333333333,0.25,-0.6124,-0.03546363636363637,1.0,11.0,False,0.0523204334795266,-0.8178431032871077,-0.8701635367666344
325,Caoimhin Kelleher,16,2024-12-14 15:00:00+00:00,0.0,0.0,0.0,0.0,True,Fulham,0.0,,,,,,,,,,,-0.5513364271686799,,
325,Caoimhin Kelleher,17,2024-12-22 16:30:00+00:00,0.0,0.0,0.0,0.0,False,Spurs,0.0,0.2611,0.5209571428571429,2.0,0.5,0.5,0.2611,0.2611,0.0,2.0,True,-0.5513364271686799,0.7773670311161994,1.3287034582848793
325,Caoimhin Kelleher,18,2024-12-26 20:00:00+00:00,0.0,0.0,0.0,0.0,True,Leicester,0.0,,,,,,,,,,,-0.5513364271686799,,
325,Caoimhin Kelleher,19,2024-12-29 17:15:00+00:00,0.0,0.0,0.0,0.0,False,West Ham,0.0,,,,,,,,,,,-0.5513364271686799,,
325,Caoimhin Kelleher,20,2025-01-05 16:30:00+00:00,0.0,0.0,0.0,0.0,True,Man Utd,0.0,,,,,,,,,,,-0.5513364271686799,,
325,Caoimhin Kelleher,21,2025-01-14 20:00:00+00:00,0.0,0.0,0.0,0.0,False,Nott'm Forest,0.0,,,,,,,,,,,-0.5513364271686799,,
325,Caoimhin Kelleher,22,2025-01-18 15:00:00+00:00,0.0,0.0,0.0,0.0,False,Brentford,0.0,0.3182,0.3182,1.0,0.0,1.0,0.3182,0.3182,0.0,1.0,True,-0.5513364271686799,1.0416603754335207,1.5929968026022006
325,Caoimhin Kelleher,23,2025-01-25 15:00:00+00:00,0.0,0.0,0.0,0.0,True,Ipswich,0.0,0.6705,0.6705,1.0,0.0,1.0,0.6705,0.6705,0.0,1.0,True,-0.5513364271686799,2.6723179096365386,3.2236543368052186
325,Caoimhin Kelleher,24,2025-02-01 15:00:00+00:00,0.0,0.0,0.0,0.0,False,Bournemouth,0.0,-0.4404,-0.4404,1.0,1.0,0.0,-0.4404,-0.4404,0.0,1.0,True,-0.5513364271686799,-2.4695993618540446,-1.9182629346853646
325,Caoimhin Kelleher,25,2025-02-16 14:00:00+00:00,0.0,0.0,0.0,0.0,True,Wolves,0.0,0.0,0.0,1.0,0.0,0.0,0.0,0.0,1.0,0.0,True,-0.5513364271686799,-0.43116172897579036,0.12017469819288956
325,Caoimhin Kelleher,26,2025-02-23 16:30:00+00:00,0.0,0.0,0.0,0.0,False,Man City,0.0,,,,,,,,,,,-0.5513364271686799,,
325,Caoimhin Kelleher,27,2025-02-26 20:15:00+00:00,0.0,0.0,0.0,0.0,True,Newcastle,0.0,0.8718,0.8718,1.0,0.0,1.0,0.8718,0.8718,1.0,0.0,True,-0.5513364271686799,3.6040560919671303,4.15539251913581
325,Caoimhin Kelleher,28,2025-03-08 15:00:00+00:00,0.0,0.0,0.0,0.0,True,Southampton,0.0,0.0,0.0,1.0,0.0,0.0,0.0,0.0,0.0,1.0,True,-0.5513364271686799,-0.43116172897579036,0.12017469819288956
325,Caoimhin Kelleher,30,2025-04-02 19:00:00+00:00,6.0,0.0,0.0,90.0,True,Everton,6.0,0.1343111111111111,0.4176196078431373,9.0,0.3333333333333333,0.4444444444444444,0.09087500000000001,0.16906,4.0,5.0,False,1.2596341547759395,0.1905113486867472,-1.0691228060891924
325,Caoimhin Kelleher,31,2025-04-06 13:00:00+00:00,2.0,0.0,0.0,90.0,False,Fulham,2.0,-0.05619999999999999,-0.1802476683937824,14.0,0.42857142857142855,0.2857142857142857,-0.09667499999999998,-0.04001,4.0,10.0,False,0.0523204334795266,-0.6912893288117529,-0.7436097622912795
325,Caoimhin Kelleher,32,2025-04-13 13:00:00+00:00,0.0,0.0,0.0,0.0,True,West Ham,0.0,0.0,0.0,1.0,0.0,0.0,0.0,0.0,0.0,1.0,True,-0.5513364271686799,-0.43116172897579036,0.12017469819288956
325,Caoimhin Kelleher,33,2025-04-20 15:30:00+00:00,0.0,0.0,0.0,0.0,False,Leicester,0.0,,,,,,,,,,,-0.5513364271686799,,
325,Caoimhin Kelleher,34,2025-04-27 15:30:00+00:00,0.0,0.0,0.0,0.0,True,Spurs,0.0,0.0,0.0,1.0,0.0,0.0,0.0,0.0,0.0,1.0,True,-0.5513364271686799,-0.43116172897579036,0.12017469819288956
325,Caoimhin Kelleher,35,2025-05-04 15:30:00+00:00,0.0,0.0,0.0,0.0,False,Chelsea,0.0,0.1591,0.045457142857142856,2.0,0.0,0.5,0.1591,0.1591,0.0,2.0,True,-0.5513364271686799,0.3052493232288651,0.856585750397545
325,Caoimhin Kelleher,36,2025-05-11 15:30:00+00:00,0.0,0.0,0.0,0.0,True,Arsenal,0.0,0.0,0.0,1.0,0.0,0.0,0.0,0.0,0.0,1.0,True,-0.5513364271686799,-0.43116172897579036,0.12017469819288956
325,Caoimhin Kelleher,37,2025-05-19 19:00:00+00:00,0.0,0.0,0.0,0.0,False,Brighton,0.0,,,,,,,,,,,-0.5513364271686799,,
325,Caoimhin Kelleher,38,2025-05-25 15:00:00+00:00,0.0,0.0,0.0,0.0,True,Crystal Palace,0.0,,,,,,,,,,,-0.5513364271686799,,
326,Ibrahima Konaté,1,2024-08-17 11:30:00+00:00,1.0,0.0,0.0,45.0,False,Ipswich,2.0,0.004561111111111109,-0.10870339622641507,18.0,0.3333333333333333,0.3888888888888889,-0.13946666666666666,0.03336666666666667,3.0,15.0,False,-0.24950799684457664,-0.4100501473758175,-0.16054215053124088
326,Ibrahima Konaté,2,2024-08-25 15:30:00+00:00,7.0,0.0,0.0,90.0,True,Brentford,7.0,0.18452631578947368,0.3041233576642336,19.0,0.3684210526315789,0.42105263157894735,-0.1027,0.2183176470588235,2.0,17.0,False,1.5614625851000428,0.4229376950969617,-1.138524890003081
326,Ibrahima Konaté,3,2024-09-01 15:00:00+00:00,6.0,0.0,0.0,90.0,False,Man Utd,6.0,0.125275,0.3230128654970761,12.0,0.3333333333333333,0.4166666666666667,0.33580000000000004,0.055099999999999996,3.0,9.0,False,1.2596341547759395,0.14868675980446244,-1.1109473949714772
326,Ibrahima Konaté,4,2024-09-14 14:00:00+00:00,2.0,0.0,0.0,74.0,True,Nott'm Forest,2.4324324324324325,0.09885000000000002,0.06890071942446041,10.0,0.3,0.3,0.0,0.10983333333333332,1.0,9.0,False,0.0523204334795266,0.026375873226787992,-0.025944560252738606
326,Ibrahima Konaté,5,2024-09-21 14:00:00+00:00,8.0,0.0,1.0,90.0,True,Bournemouth,8.0,0.28341666666666665,0.28142082324455203,24.0,0.3333333333333333,0.625,0.3938,0.26134,4.0,20.0,False,1.8632910154241462,0.880662065570634,-0.9826289498535122
326,Ibrahima Konaté,6,2024-09-28 16:30:00+00:00,7.0,1.0,0.0,90.0,False,Wolves,7.0,0.15464545454545456,0.26249133333333335,11.0,0.2727272727272727,0.45454545454545453,0.2202,0.14007777777777777,2.0,9.0,False,1.5614625851000428,0.28463099195749325,-1.2768315931425496
326,Ibrahima Konaté,7,2024-10-05 11:30:00+00:00,6.0,0.0,0.0,90.0,False,Crystal Palace,6.0,0.2377846153846154,0.37922052980132454,13.0,0.07692307692307693,0.38461538461538464,0.28432,0.2087,5.0,8.0,False,1.2596341547759395,0.6694493257914248,-0.5901848289845147
326,Ibrahima Konaté,8,2024-10-20 15:30:00+00:00,1.0,0.0,0.0,90.0,True,Chelsea,1.0,-0.21410588235294115,-0.46846329113924057,17.0,0.5294117647058824,0.23529411764705882,-0.4404,-0.19996250000000002,1.0,16.0,False,-0.24950799684457664,-1.4221732821293764,-1.1726652852847999
326,Ibrahima Konaté,9,2024-10-27 16:30:00+00:00,1.0,0.0,0.0,90.0,False,Arsenal,1.0,0.07770714285714285,0.062425766871165654,14.0,0.2857142857142857,0.35714285714285715,0.2202,0.05395833333333333,2.0,12.0,False,-0.24950799684457664,-0.07148606062100689,0.17802193622356977
326,Ibrahima Konaté,10,2024-11-02 15:00:00+00:00,1.0,0.0,0.0,45.0,True,Brighton,2.0,-0.16315,-0.26510828025477706,10.0,0.6,0.2,0.6249,-0.2507111111111111,1.0,9.0,False,-0.24950799684457664,-1.1863186313465606,-0.936810634501984
326,Ibrahima Konaté,11,2024-11-09 20:00:00+00:00,6.0,0.0,0.0,90.0,True,Aston Villa,6.0,0.06977333333333331,0.2613851428571429,15.0,0.4,0.26666666666666666,0.22319999999999998,0.031416666666666655,3.0,12.0,False,1.2596341547759395,-0.10820853088763102,-1.3678426856635706
326,Ibrahima Konaté,12,2024-11-24 14:00:00+00:00,0.0,0.0,0.0,90.0,False,Southampton,0.0,-0.19076400000000004,-0.28064749999999994,25.0,0.44,0.24,-0.22566000000000005,-0.18204,5.0,20.0,False,-0.5513364271686799,-1.3141329292446082,-0.7627965020759283
326,Ibrahima Konaté,13,2024-12-01 16:00:00+00:00,0.0,0.0,0.0,0.0,True,Man City,0.0,,,,,,,,,,,-0.5513364271686799,,
326,Ibrahima Konaté,14,2024-12-04 19:30:00+00:00,0.0,0.0,0.0,0.0,False,Newcastle,0.0,0.0,0.0,1.0,0.0,0.0,0.0,0.0,1.0,0.0,True,-0.5513364271686799,-0.43116172897579036,0.12017469819288956
326,Ibrahima Konaté,16,2024-12-14 15:00:00+00:00,0.0,0.0,0.0,0.0,True,Fulham,0.0,,,,,,,,,,,-0.5513364271686799,,
326,Ibrahima Konaté,17,2024-12-22 16:30:00+00:00,0.0,0.0,0.0,0.0,False,Spurs,0.0,0.37929999999999997,0.35486,2.0,0.0,1.0,0.37929999999999997,0.37929999999999997,0.0,2.0,True,-0.5513364271686799,1.3244681396679923,1.8758045668366723
326,Ibrahima Konaté,18,2024-12-26 20:00:00+00:00,0.0,0.0,0.0,0.0,True,Leicester,0.0,,,,,,,,,,,-0.5513364271686799,,
326,Ibrahima Konaté,19,2024-12-29 17:15:00+00:00,0.0,0.0,0.0,0.0,False,West Ham,0.0,0.17804999999999999,0.20924444444444443,2.0,0.5,0.5,-0.1027,0.4588,1.0,1.0,True,-0.5513364271686799,0.39296138758636495,0.9442978147550449
326,Ibrahima Konaté,20,2025-01-05 16:30:00+00:00,1.0,0.0,0.0,90.0,True,Man Utd,1.0,0.04252352941176468,0.10737264957264957,17.0,0.17647058823529413,0.35294117647058826,0.1591,0.026979999999999997,2.0,15.0,False,-0.24950799684457664,-0.23433710900361407,0.015170887840962571
326,Ibrahima Konaté,21,2025-01-14 20:00:00+00:00,2.0,0.0,0.0,65.0,False,Nott'm Forest,2.769230769230769,-0.05603333333333334,-0.2559857651245551,15.0,0.4666666666666667,0.26666666666666666,0.01585000000000003,-0.06709230769230771,2.0,13.0,False,0.0523204334795266,-0.6905178946485383,-0.7428383281280649
326,Ibrahima Konaté,22,2025-01-18 15:00:00+00:00,6.0,0.0,0.0,90.0,False,Brentford,6.0,0.3554833333333333,0.5326649056603773,18.0,0.2222222222222222,0.6111111111111112,0.3554833333333333,0.3554833333333333,0.0,18.0,False,1.2596341547759395,1.2142301977446264,-0.04540395703131317
326,Ibrahima Konaté,23,2025-01-25 15:00:00+00:00,5.0,0.0,1.0,90.0,True,Ipswich,5.0,-0.03414374999999999,-0.03603611111111112,16.0,0.375,0.375,0.009199999999999986,-0.0403357142857143,2.0,14.0,False,0.9578057244518364,-0.5891996602373409,-1.5470053846891774
326,Ibrahima Konaté,24,2025-02-01 15:00:00+00:00,7.0,0.0,0.0,180.0,False,Bournemouth,3.5,0.24762820512820513,0.32432487046632125,39.0,0.1282051282051282,0.5641025641025641,0.17984,0.2575970588235294,5.0,34.0,False,1.5614625851000428,0.7150114142926685,-0.8464511708073743
326,Ibrahima Konaté,25,2025-02-16 14:00:00+00:00,1.0,0.0,0.0,135.0,True,Wolves,0.6666666666666666,-0.045205263157894734,-0.22011347656249997,38.0,0.2894736842105263,0.2894736842105263,0.09644000000000001,-0.06666666666666667,5.0,33.0,False,-0.24950799684457664,-0.6403990351184278,-0.39089103827385113
326,Ibrahima Konaté,26,2025-02-23 16:30:00+00:00,6.0,0.0,0.0,90.0,False,Man City,6.0,0.3497923076923077,0.5269555084745763,13.0,0.15384615384615385,0.6153846153846154,0.226175,0.40473333333333333,4.0,9.0,False,1.2596341547759395,1.1878886881253217,-0.07174546665061787
326,Ibrahima Konaté,27,2025-02-26 20:15:00+00:00,6.0,0.0,0.0,90.0,True,Newcastle,6.0,0.09869444444444445,0.24585467625899285,18.0,0.4444444444444444,0.4444444444444444,0.5245666666666666,0.01351999999999997,3.0,15.0,False,1.2596341547759395,0.02565586800778761,-1.233978286768152
326,Ibrahima Konaté,28,2025-03-08 15:00:00+00:00,2.0,0.0,0.0,90.0,True,Southampton,2.0,-0.21309444444444445,-0.4582996240601503,18.0,0.5,0.16666666666666666,-0.21309444444444445,-0.21309444444444445,0.0,18.0,False,0.0523204334795266,-1.4174917355898686,-1.4698121690693953
326,Ibrahima Konaté,30,2025-04-02 19:00:00+00:00,6.0,0.0,0.0,90.0,True,Everton,6.0,0.28048461538461533,0.28453668639053253,13.0,0.15384615384615385,0.6923076923076923,0.4404,0.26715833333333333,1.0,12.0,False,1.2596341547759395,0.8670907584070047,-0.39254339636893487
326,Ibrahima Konaté,31,2025-04-06 13:00:00+00:00,1.0,0.0,0.0,66.0,False,Fulham,1.3636363636363638,0.15590909090909089,0.27151617647058823,11.0,0.2727272727272727,0.5454545454545454,0.8718,0.08431999999999998,1.0,10.0,False,-0.24950799684457664,0.2904798655222292,0.5399878623668058
326,Ibrahima Konaté,32,2025-04-13 13:00:00+00:00,2.0,0.0,0.0,90.0,True,West Ham,2.0,-0.1504529411764706,-0.29704011627906973,17.0,0.47058823529411764,0.17647058823529413,-0.2389,-0.12323846153846155,4.0,13.0,False,0.0523204334795266,-1.127548961653665,-1.1798693951331916
326,Ibrahima Konaté,33,2025-04-20 15:30:00+00:00,9.0,0.0,0.0,90.0,False,Leicester,9.0,0.06736428571428572,0.08191846153846154,14.0,0.42857142857142855,0.21428571428571427,0.4031666666666667,-0.024218181818181816,3.0,11.0,False,2.165119445748249,-0.11935906069249559,-2.284478506440745
326,Ibrahima Konaté,34,2025-04-27 15:30:00+00:00,2.0,0.0,0.0,90.0,True,Spurs,2.0,0.06832777777777777,-0.07171580882352942,18.0,0.3333333333333333,0.4444444444444444,-0.16113333333333332,0.11422000000000002,3.0,15.0,False,0.0523204334795266,-0.11489943652991226,-0.16721987000943886
326,Ibrahima Konaté,35,2025-05-04 15:30:00+00:00,0.0,0.0,0.0,0.0,False,Chelsea,0.0,,,,,,,,,,,-0.5513364271686799,,
326,Ibrahima Konaté,36,2025-05-11 15:30:00+00:00,1.0,0.0,0.0,90.0,True,Arsenal,1.0,-0.07971538461538462,-0.3642468965517241,13.0,0.3076923076923077,0.23076923076923078,-0.07971538461538462,-0.07971538461538462,0.0,13.0,False,-0.24950799684457664,-0.8001327551323849,-0.5506247582878083
326,Ibrahima Konaté,37,2025-05-19 19:00:00+00:00,1.0,0.0,0.0,90.0,False,Brighton,1.0,-0.1721,-0.19554437086092716,10.0,0.4,0.1,-0.1721,-0.1721,0.0,10.0,False,-0.24950799684457664,-1.2277446459111845,-0.9782366490666079
326,Ibrahima Konaté,38,2025-05-25 15:00:00+00:00,2.0,0.0,0.0,61.0,True,Crystal Palace,2.9508196721311473,0.13492857142857143,0.25958554913294796,14.0,0.14285714285714285,0.42857142857142855,0.31245,0.10534166666666665,2.0,12.0,False,0.0523204334795266,0.19336932858665656,0.14104889510712998
327,Luis Díaz,1,2024-08-17 11:30:00+00:00,3.0,0.0,0.0,90.0,False,Ipswich,3.0,0.17756666666666665,0.20605555555555558,12.0,0.3333333333333333,0.4166666666666667,0.12683333333333333,0.1944777777777778,3.0,9.0,False,0.35414886380362987,0.39072422851304256,0.036575364709412694
327,Luis Díaz,2,2024-08-25 15:30:00+00:00,14.0,1.0,1.0,71.0,True,Brentford,17.746478873239436,0.19535769230769232,0.1860587209302325,26.0,0.15384615384615385,0.5384615384615384,0.19535769230769232,0.19535769230769232,0.0,26.0,False,3.6742615973687656,0.47307185838172716,-3.2011897389870385
327,Luis Díaz,3,2024-09-01 15:00:00+00:00,15.0,2.0,0.0,65.0,False,Man Utd,20.76923076923077,0.2626433333333333,0.2330215034965035,30.0,0.26666666666666666,0.6,0.58302,0.198568,5.0,25.0,False,3.976090027692869,0.7845105114675663,-3.1915795162253024
327,Luis Díaz,4,2024-09-14 14:00:00+00:00,3.0,0.0,0.0,60.0,True,Nott'm Forest,4.5,0.3175444444444444,0.4588552380952381,9.0,0.2222222222222222,0.5555555555555556,0.3175444444444444,0.3175444444444444,0.0,9.0,False,0.35414886380362987,1.0386260677248764,0.6844772039212466
327,Luis Díaz,5,2024-09-21 14:00:00+00:00,16.0,2.0,0.0,71.0,True,Bournemouth,20.281690140845072,0.343175,0.3409224622030238,28.0,0.14285714285714285,0.6428571428571429,0.343175,0.343175,0.0,28.0,False,4.2779184580169725,1.1572597847912283,-3.120658673225744
327,Luis Díaz,6,2024-09-28 16:30:00+00:00,2.0,0.0,0.0,72.0,False,Wolves,2.5,0.04144545454545455,0.13074107142857144,11.0,0.2727272727272727,0.36363636363636365,-0.7906,0.12465,1.0,10.0,False,0.0523204334795266,-0.23932709169786195,-0.29164752517738857
327,Luis Díaz,7,2024-10-05 11:30:00+00:00,1.0,0.0,0.0,17.0,False,Crystal Palace,5.294117647058823,-0.09512727272727273,-0.2589125,11.0,0.45454545454545453,0.2727272727272727,0.0,-0.10464,1.0,10.0,False,-0.24950799684457664,-0.8714682971872934,-0.6219603003427168
327,Luis Díaz,8,2024-10-20 15:30:00+00:00,1.0,0.0,0.0,24.0,True,Chelsea,3.75,-0.06836666666666666,-0.008008296943231437,18.0,0.4444444444444444,0.2222222222222222,-0.05657142857142857,-0.07587272727272727,7.0,11.0,False,-0.24950799684457664,-0.7476040227264186,-0.49809602588184193
327,Luis Díaz,9,2024-10-27 16:30:00+00:00,5.0,0.0,1.0,62.0,False,Arsenal,7.258064516129032,0.03965625,0.05950866141732284,16.0,0.1875,0.125,0.0,0.0423,1.0,15.0,False,0.9578057244518364,-0.2476086127659169,-1.2054143372177533
327,Luis Díaz,10,2024-11-02 15:00:00+00:00,1.0,0.0,0.0,24.0,True,Brighton,3.75,0.0394,-0.008817346938775516,16.0,0.25,0.3125,0.3182,0.020813333333333336,1.0,15.0,False,-0.24950799684457664,-0.2487946927918593,0.0007133040527173284
327,Luis Díaz,11,2024-11-09 20:00:00+00:00,3.0,0.0,0.0,90.0,True,Aston Villa,3.0,-0.02684000000000002,-0.22946428571428568,10.0,0.4,0.2,-0.02684000000000002,-0.02684000000000002,0.0,10.0,False,0.35414886380362987,-0.5553934866198693,-0.9095423504234992
327,Luis Díaz,12,2024-11-24 14:00:00+00:00,1.0,0.0,0.0,28.0,False,Southampton,3.2142857142857144,-0.12248888888888887,-0.3694771689497717,18.0,0.3333333333333333,0.16666666666666666,-0.209975,-0.09749285714285713,4.0,14.0,False,-0.24950799684457664,-0.9981144099943056,-0.748606413149729
327,Luis Díaz,13,2024-12-01 16:00:00+00:00,6.0,0.0,1.0,90.0,True,Man City,6.0,0.20935263157894737,0.25472539062499994,19.0,0.2631578947368421,0.5263157894736842,0.23970000000000002,0.1985142857142857,5.0,14.0,False,1.2596341547759395,0.5378489039774857,-0.7217852507984538
327,Luis Díaz,14,2024-12-04 19:30:00+00:00,1.0,0.0,0.0,23.0,False,Newcastle,3.91304347826087,0.08912142857142856,0.1676300699300699,14.0,0.21428571428571427,0.42857142857142855,-0.03528,0.15823333333333334,5.0,9.0,False,-0.24950799684457664,-0.018653840928852854,0.23085415591572378
327,Luis Díaz,16,2024-12-14 15:00:00+00:00,1.0,0.0,0.0,90.0,True,Fulham,1.0,-0.07047857142857142,-0.14877087912087908,14.0,0.35714285714285715,0.21428571428571427,-0.0030000000000000027,-0.09746999999999997,4.0,10.0,False,-0.24950799684457664,-0.7573791956231521,-0.5078711987785756
327,Luis Díaz,17,2024-12-22 16:30:00+00:00,13.0,2.0,0.0,86.0,False,Spurs,13.604651162790697,0.32252000000000003,0.4405166666666666,30.0,0.1,0.5666666666666667,0.13054999999999997,0.3705125,6.0,24.0,False,3.372433167044662,1.0616559489440434,-2.3107772181006188
327,Luis Díaz,18,2024-12-26 20:00:00+00:00,0.0,0.0,0.0,0.0,True,Leicester,0.0,,,,,,,,,,,-0.5513364271686799,,
327,Luis Díaz,19,2024-12-29 17:15:00+00:00,9.0,1.0,0.0,90.0,False,West Ham,9.0,0.11916842105263156,0.1498606965174129,19.0,0.3684210526315789,0.3684210526315789,0.31245,0.09642941176470589,2.0,17.0,False,2.165119445748249,0.12042181808226013,-2.044697627665989
327,Luis Díaz,20,2025-01-05 16:30:00+00:00,1.0,0.0,0.0,59.0,True,Man Utd,1.5254237288135593,0.0637888888888889,0.07832442748091603,18.0,0.2222222222222222,0.2222222222222222,0.0637888888888889,0.0637888888888889,0.0,18.0,False,-0.24950799684457664,-0.1359081602414564,0.11359983660312023
327,Luis Díaz,21,2025-01-14 20:00:00+00:00,1.0,0.0,0.0,74.0,False,Nott'm Forest,1.2162162162162162,0.1733923076923077,0.22718333333333332,13.0,0.07692307692307693,0.3076923076923077,0.31245,0.1481090909090909,2.0,11.0,False,-0.24950799684457664,0.37140276977899095,0.6209107666235676
327,Luis Díaz,22,2025-01-18 15:00:00+00:00,3.0,0.0,0.0,64.0,False,Brentford,4.21875,0.3001375,0.3759897435897436,16.0,0.1875,0.6875,0.0,0.32014666666666675,1.0,15.0,False,0.35414886380362987,0.9580561979951386,0.6039073341915088
327,Luis Díaz,23,2025-01-25 15:00:00+00:00,3.0,0.0,0.0,85.0,True,Ipswich,3.1764705882352944,0.25038,0.3782485981308411,10.0,0.1,0.5,0.0,0.2782,1.0,9.0,False,0.35414886380362987,0.7277483857382364,0.37359952193460655
327,Luis Díaz,24,2025-02-01 15:00:00+00:00,5.0,0.0,0.0,177.0,False,Bournemouth,2.5423728813559325,-0.017977272727272734,0.055232752613240406,22.0,0.4090909090909091,0.2727272727272727,-0.08600000000000002,-0.011175000000000001,2.0,20.0,False,0.9578057244518364,-0.5143714230352558,-1.4721771474870922
327,Luis Díaz,25,2025-02-16 14:00:00+00:00,13.0,1.0,1.0,79.0,True,Wolves,14.810126582278482,0.2574619047619048,0.3201612956810631,42.0,0.16666666666666666,0.5,0.4515545454545455,0.18859032258064512,11.0,31.0,False,3.372433167044662,0.7605277253820294,-2.611905441662633
327,Luis Díaz,26,2025-02-23 16:30:00+00:00,3.0,0.0,0.0,78.0,False,Man City,3.4615384615384612,0.10616666666666667,0.005382608695652174,6.0,0.16666666666666666,0.3333333333333333,0.3182,0.06376,1.0,5.0,False,0.35414886380362987,0.060241832991908786,-0.2939070308117211
327,Luis Díaz,27,2025-02-26 20:15:00+00:00,8.0,0.0,1.0,86.0,True,Newcastle,8.372093023255813,0.104608,0.11982813559322036,25.0,0.4,0.36,0.018840000000000003,0.12605000000000002,5.0,20.0,False,1.8632910154241462,0.05302738069752586,-1.8102636347266203
327,Luis Díaz,28,2025-03-08 15:00:00+00:00,6.0,0.0,1.0,90.0,True,Southampton,6.0,0.31735882352941175,0.32468600000000003,17.0,0.17647058823529413,0.7058823529411765,0.160825,0.3655230769230769,4.0,13.0,False,1.2596341547759395,1.0377669018332965,-0.2218672529426431
327,Luis Díaz,30,2025-04-02 19:00:00+00:00,9.0,0.0,1.0,85.0,True,Everton,9.529411764705882,0.3434571428571429,0.5169909677419355,14.0,0.21428571428571427,0.5714285714285714,0.3551,0.3402818181818182,3.0,11.0,False,2.165119445748249,1.1585657126246705,-1.0065537331235788
327,Luis Díaz,31,2025-04-06 13:00:00+00:00,6.0,1.0,0.0,35.0,False,Fulham,15.428571428571429,0.33275625,0.40079492385786797,16.0,0.25,0.625,0.41075999999999996,0.29729999999999995,5.0,11.0,False,1.2596341547759395,1.1090355066632755,-0.150598648112664
327,Luis Díaz,32,2025-04-13 13:00:00+00:00,9.0,1.0,0.0,90.0,True,West Ham,9.0,0.32691875000000004,0.41322529644268774,16.0,0.125,0.5625,0.44353333333333333,0.3000076923076923,3.0,13.0,False,2.165119445748249,1.0820160250966846,-1.0831034206515646
327,Luis Díaz,33,2025-04-20 15:30:00+00:00,3.0,0.0,0.0,90.0,False,Leicester,3.0,0.1674142857142857,0.24686923076923076,7.0,0.14285714285714285,0.42857142857142855,0.1674142857142857,0.1674142857142857,0.0,7.0,False,0.35414886380362987,0.3437328674852277,-0.010415996318402176
327,Luis Díaz,34,2025-04-27 15:30:00+00:00,7.0,1.0,0.0,75.0,True,Spurs,8.4,0.4152133333333334,0.44918449197860966,15.0,0.13333333333333333,0.6,-0.05135,0.4869923076923077,2.0,13.0,False,1.5614625851000428,1.4906967731574743,-0.07076581194256848
327,Luis Díaz,35,2025-05-04 15:30:00+00:00,0.0,0.0,0.0,0.0,False,Chelsea,0.0,,,,,,,,,,,-0.5513364271686799,,
327,Luis Díaz,36,2025-05-11 15:30:00+00:00,8.0,1.0,0.0,78.0,True,Arsenal,9.23076923076923,0.19518333333333335,0.178191,12.0,0.25,0.5833333333333334,0.29295,0.17563,2.0,10.0,False,1.8632910154241462,0.47226481956482574,-1.3910261958593204
327,Luis Díaz,37,2025-05-19 19:00:00+00:00,1.0,0.0,0.0,27.0,False,Brighton,3.3333333333333335,-0.04080625,0.08594746835443037,16.0,0.3125,0.3125,0.0,-0.04352666666666667,1.0,15.0,False,-0.24950799684457664,-0.6200377409118446,-0.37052974406726796
327,Luis Díaz,38,2025-05-25 15:00:00+00:00,2.0,0.0,0.0,68.0,True,Crystal Palace,2.6470588235294117,0.08104615384615385,-0.0676282926829268,13.0,0.3076923076923077,0.46153846153846156,0.36985,0.02853636363636364,2.0,11.0,False,0.0523204334795266,-0.056031097731374595,-0.10835153121090119
328,Mohamed Salah,1,2024-08-17 11:30:00+00:00,14.0,1.0,1.0,90.0,False,Ipswich,14.0,0.31080800000000003,0.3272321715817695,25.0,0.28,0.56,0.21233333333333335,0.32423636363636366,3.0,22.0,False,3.6742615973687656,1.007445727426627,-2.6668158699421385
328,Mohamed Salah,2,2024-08-25 15:30:00+00:00,10.0,1.0,0.0,82.0,True,Brentford,10.975609756097562,0.1281354838709678,0.1998172576832151,31.0,0.3870967741935484,0.3548387096774194,-0.035620000000000006,0.1596269230769231,5.0,26.0,False,2.4669478760723527,0.16192680969279583,-2.305021066379557
328,Mohamed Salah,3,2024-09-01 15:00:00+00:00,17.0,1.0,2.0,90.0,False,Man Utd,17.0,0.24569117647058825,0.2733610204081633,34.0,0.23529411764705882,0.5,0.32738750000000005,0.22055384615384618,8.0,26.0,False,4.5797468883410755,0.7060456738030003,-3.873701214538075
328,Mohamed Salah,4,2024-09-14 14:00:00+00:00,2.0,0.0,0.0,90.0,True,Nott'm Forest,2.0,0.13792941176470586,0.178302427184466,17.0,0.23529411764705882,0.47058823529411764,-0.06939999999999999,0.20172307692307692,4.0,13.0,False,0.0523204334795266,0.20725903310853544,0.15493859962900886
328,Mohamed Salah,5,2024-09-21 14:00:00+00:00,6.0,0.0,1.0,90.0,True,Bournemouth,6.0,0.2722625,0.4156911949685535,24.0,0.16666666666666666,0.4583333333333333,0.3278166666666667,0.25374444444444444,6.0,18.0,False,1.2596341547759395,0.8290338341974972,-0.43060032057844233
328,Mohamed Salah,6,2024-09-28 16:30:00+00:00,10.0,1.0,0.0,90.0,False,Wolves,10.0,0.30590454545454543,0.3923408878504673,22.0,0.13636363636363635,0.5454545454545454,0.40872,0.2756647058823529,5.0,17.0,False,2.4669478760723527,0.9847495733018254,-1.4821983027705272
328,Mohamed Salah,7,2024-10-05 11:30:00+00:00,3.0,0.0,0.0,72.0,False,Crystal Palace,3.75,-0.10474375,-0.3184459893048128,16.0,0.3125,0.1875,-0.6369,-0.06926666666666667,1.0,15.0,False,0.35414886380362987,-0.9159791717750448,-1.2701280355786748
328,Mohamed Salah,8,2024-10-20 15:30:00+00:00,12.0,1.0,1.0,90.0,True,Chelsea,12.0,0.391044827586207,0.43967027649769586,29.0,0.13793103448275862,0.7586206896551724,0.21130000000000002,0.41178461538461547,3.0,26.0,False,3.070604736720559,1.3788303071143846,-1.6917744296061745
328,Mohamed Salah,9,2024-10-27 16:30:00+00:00,10.0,1.0,0.0,90.0,False,Arsenal,10.0,0.37368518518518523,0.553656,27.0,0.14814814814814814,0.7037037037037037,0.28099999999999997,0.3852708333333333,3.0,24.0,False,2.4669478760723527,1.2984793798583631,-1.1684684962139895
328,Mohamed Salah,10,2024-11-02 15:00:00+00:00,9.0,1.0,0.0,90.0,True,Brighton,9.0,0.18494166666666664,0.4001964601769912,12.0,0.25,0.5,0.146075,0.20437499999999997,4.0,8.0,False,2.165119445748249,0.42486019023528854,-1.7402592555129606
328,Mohamed Salah,11,2024-11-09 20:00:00+00:00,14.0,1.0,1.0,90.0,True,Aston Villa,14.0,0.19369230769230772,0.19835422343324252,26.0,0.2692307692307692,0.5,0.3078666666666667,0.17880000000000001,3.0,23.0,False,3.6742615973687656,0.4653634508585291,-3.2088981465102364
328,Mohamed Salah,12,2024-11-24 14:00:00+00:00,13.0,2.0,0.0,90.0,False,Southampton,13.0,0.24187222222222216,0.2851451127819549,18.0,0.2777777777777778,0.6111111111111112,0.07463333333333332,0.3254916666666667,6.0,12.0,False,3.372433167044662,0.6883692431533416,-2.6840639238913204
328,Mohamed Salah,13,2024-12-01 16:00:00+00:00,13.0,1.0,1.0,83.0,True,Man City,14.096385542168674,0.3222500000000001,0.30982592592592595,30.0,0.16666666666666666,0.6,0.1468,0.3417444444444444,3.0,27.0,False,3.372433167044662,1.0604062255996358,-2.3120269414450263
328,Mohamed Salah,14,2024-12-04 19:30:00+00:00,18.0,2.0,1.0,90.0,False,Newcastle,18.0,0.33088333333333336,0.4705138888888888,30.0,0.16666666666666666,0.5666666666666667,0.19403749999999997,0.38064545454545456,8.0,22.0,False,4.8815753186651785,1.1003665152541517,-3.781208803411027
328,Mohamed Salah,16,2024-12-14 15:00:00+00:00,5.0,0.0,1.0,90.0,True,Fulham,5.0,0.01891875000000001,-0.15989008620689654,16.0,0.375,0.375,-0.7906,0.07288666666666667,1.0,15.0,False,0.9578057244518364,-0.3435943085238932,-1.3014000329757296
328,Mohamed Salah,17,2024-12-22 16:30:00+00:00,21.0,2.0,2.0,86.0,False,Spurs,21.97674418604651,0.33118333333333333,0.42526624605678237,36.0,0.25,0.5555555555555556,0.291975,0.3423857142857143,8.0,28.0,False,5.787060609637488,1.101755096747938,-4.685305512889551
328,Mohamed Salah,18,2024-12-26 20:00:00+00:00,9.0,1.0,0.0,90.0,True,Leicester,9.0,0.15286249999999998,0.2672991150442478,8.0,0.125,0.375,0.4215,0.11448571428571427,1.0,7.0,False,2.165119445748249,0.27637839967055877,-1.8887410460776906
328,Mohamed Salah,19,2024-12-29 17:15:00+00:00,16.0,1.0,2.0,90.0,False,West Ham,16.0,0.2456459459459459,0.2607358547655068,37.0,0.24324324324324326,0.5405405405405406,0.1909125,0.2607448275862069,8.0,29.0,False,4.2779184580169725,0.705836319571425,-3.5720821384455475
328,Mohamed Salah,20,2025-01-05 16:30:00+00:00,7.0,1.0,0.0,90.0,True,Man Utd,7.0,0.24939,0.553464705882353,10.0,0.1,0.5,0.29295,0.2385,2.0,8.0,False,1.5614625851000428,0.7231660668087417,-0.838296518291301
328,Mohamed Salah,21,2025-01-14 20:00:00+00:00,2.0,0.0,0.0,90.0,False,Nott'm Forest,2.0,-0.14865,-0.14156699029126213,14.0,0.5,0.14285714285714285,0.11256666666666666,-0.2198909090909091,3.0,11.0,False,0.0523204334795266,-1.1192038591468905,-1.171524292626417
328,Mohamed Salah,22,2025-01-18 15:00:00+00:00,3.0,0.0,0.0,90.0,False,Brentford,3.0,0.16468,0.17361566265060244,10.0,0.2,0.5,0.235925,0.11718333333333335,4.0,6.0,False,0.35414886380362987,0.3310769390132899,-0.02307192479033998
328,Mohamed Salah,23,2025-01-25 15:00:00+00:00,8.0,1.0,0.0,90.0,True,Ipswich,8.0,0.39526153846153844,0.4080229787234042,13.0,0.23076923076923078,0.6923076923076923,-0.05135,0.47646363636363637,2.0,11.0,False,1.8632910154241462,1.3983477960681596,-0.4649432193559866
328,Mohamed Salah,24,2025-02-01 15:00:00+00:00,29.0,3.0,1.0,177.0,False,Bournemouth,14.745762711864408,0.22541707317073167,0.31523794266441824,41.0,0.24390243902439024,0.4878048780487805,0.08965714285714285,0.25336764705882353,7.0,34.0,False,8.201688052230315,0.6122048583186933,-7.589483193911621
328,Mohamed Salah,25,2025-02-16 14:00:00+00:00,20.0,2.0,1.0,180.0,True,Wolves,10.0,0.2727574074074074,0.3443201017811705,54.0,0.2037037037037037,0.5370370370370371,0.18624000000000002,0.29242045454545457,10.0,44.0,False,5.485232179313385,0.8313245650877092,-4.653907614225676
328,Mohamed Salah,26,2025-02-23 16:30:00+00:00,14.0,1.0,1.0,90.0,False,Man City,14.0,0.32267241379310346,0.42207684478371504,29.0,0.1724137931034483,0.5862068965517241,0.6905333333333333,0.2802269230769231,3.0,26.0,False,3.6742615973687656,1.062361412185714,-2.6119001851830514
328,Mohamed Salah,27,2025-02-26 20:15:00+00:00,6.0,0.0,1.0,90.0,True,Newcastle,6.0,0.3078875,0.28867224880382775,16.0,0.125,0.5625,0.440875,0.26355833333333334,4.0,12.0,False,1.2596341547759395,0.9939278865846174,-0.26570626819132215
328,Mohamed Salah,28,2025-03-08 15:00:00+00:00,15.0,2.0,0.0,90.0,True,Southampton,15.0,0.3476136363636364,0.4621401929260451,22.0,0.09090909090909091,0.6363636363636364,0.5859,0.33626666666666666,1.0,21.0,False,3.976090027692869,1.1778044791652027,-2.7982855485276663
328,Mohamed Salah,30,2025-04-02 19:00:00+00:00,3.0,0.0,0.0,90.0,True,Everton,3.0,0.07549333333333334,0.020046391752577334,15.0,0.3333333333333333,0.3333333333333333,0.2616,0.007818181818181835,4.0,11.0,False,0.35414886380362987,-0.08173291040610586,-0.43588177420973573
328,Mohamed Salah,31,2025-04-06 13:00:00+00:00,2.0,0.0,0.0,90.0,False,Fulham,2.0,-0.16443333333333332,-0.20922015209125477,15.0,0.5333333333333333,0.3333333333333333,-0.296,-0.15503571428571433,1.0,14.0,False,0.0523204334795266,-1.1922586744033128,-1.2445791078828394
328,Mohamed Salah,32,2025-04-13 13:00:00+00:00,6.0,0.0,1.0,84.0,True,West Ham,6.428571428571429,0.2933117647058823,0.45732551440329217,17.0,0.23529411764705882,0.5882352941176471,0.02617999999999999,0.4046166666666667,5.0,12.0,False,1.2596341547759395,0.9264625656254866,-0.333171589150453
328,Mohamed Salah,33,2025-04-20 15:30:00+00:00,3.0,0.0,0.0,90.0,False,Leicester,3.0,-0.03957999999999999,0.05152926829268292,15.0,0.4666666666666667,0.3333333333333333,0.0,-0.04240714285714285,1.0,14.0,False,0.35414886380362987,-0.614361914055993,-0.9685107778596229
328,Mohamed Salah,34,2025-04-27 15:30:00+00:00,8.0,1.0,0.0,90.0,True,Spurs,8.0,0.12274666666666664,0.02193679653679655,15.0,0.13333333333333333,0.4666666666666667,-0.06363333333333336,0.1693416666666667,3.0,12.0,False,1.8632910154241462,0.13698410354849688,-1.7263069118756493
328,Mohamed Salah,35,2025-05-04 15:30:00+00:00,2.0,0.0,0.0,90.0,False,Chelsea,2.0,0.10907,-0.051690849673202616,10.0,0.3,0.5,0.4588,0.0702111111111111,1.0,9.0,False,0.0523204334795266,0.07368021611510706,0.021359782635580457
328,Mohamed Salah,36,2025-05-11 15:30:00+00:00,2.0,0.0,0.0,90.0,True,Arsenal,2.0,-0.27988124999999997,-0.39265955555555554,16.0,0.5,0.0625,0.0,-0.29853999999999997,1.0,15.0,False,0.0523204334795266,-1.726621476335025,-1.7789419098145516
328,Mohamed Salah,37,2025-05-19 19:00:00+00:00,2.0,0.0,0.0,90.0,False,Brighton,2.0,-0.12248666666666666,-0.2586792792792793,15.0,0.3333333333333333,0.13333333333333333,-0.19935,-0.11066153846153846,2.0,13.0,False,0.0523204334795266,-0.9981041242054629,-1.0504245576849895
328,Mohamed Salah,38,2025-05-25 15:00:00+00:00,10.0,1.0,0.0,90.0,True,Crystal Palace,10.0,0.29013333333333335,0.4277702341137124,21.0,0.09523809523809523,0.47619047619047616,0.2235,0.3012388888888889,3.0,18.0,False,2.4669478760723527,0.9117508623481825,-1.5551970137241702
329,Alexis Mac Allister,1,2024-08-17 11:30:00+00:00,3.0,0.0,0.0,90.0,False,Ipswich,3.0,0.1287625,0.1313634730538922,16.0,0.1875,0.4375,0.2083,0.1104076923076923,3.0,13.0,False,0.35414886380362987,0.16482901966972793,-0.18931984413390193
329,Alexis Mac Allister,2,2024-08-25 15:30:00+00:00,3.0,0.0,0.0,90.0,True,Brentford,3.0,0.07805555555555554,0.20996310679611652,9.0,0.2222222222222222,0.3333333333333333,0.6249,0.0097,1.0,8.0,False,0.35414886380362987,-0.06987339587028686,-0.4240222596739167
329,Alexis Mac Allister,3,2024-09-01 15:00:00+00:00,3.0,0.0,0.0,90.0,False,Man Utd,3.0,0.23338,0.3114953271028037,10.0,0.1,0.5,0.0,0.33340000000000003,3.0,7.0,False,0.35414886380362987,0.6490621010903472,0.29491323728671737
329,Alexis Mac Allister,4,2024-09-14 14:00:00+00:00,1.0,0.0,0.0,59.0,True,Nott'm Forest,1.5254237288135593,0.08815,-0.10025698924731181,10.0,0.1,0.3,-0.41355,0.213575,2.0,8.0,False,-0.24950799684457664,-0.023150200051589288,0.22635779679298734
329,Alexis Mac Allister,5,2024-09-21 14:00:00+00:00,3.0,0.0,0.0,90.0,True,Bournemouth,3.0,-0.031162500000000003,-0.13823444444444444,16.0,0.3125,0.25,-0.052925,-0.023908333333333337,4.0,12.0,False,0.35414886380362987,-0.5754006316428398,-0.9295494954464697
329,Alexis Mac Allister,6,2024-09-28 16:30:00+00:00,2.0,0.0,0.0,90.0,False,Wolves,2.0,-0.131525,-0.15850044247787612,12.0,0.5,0.3333333333333333,0.3182,-0.17240909090909087,1.0,11.0,False,0.0523204334795266,-1.0399389988765906,-1.0922594323561172
329,Alexis Mac Allister,7,2024-10-05 11:30:00+00:00,0.0,0.0,0.0,45.0,False,Crystal Palace,0.0,-0.19698,-0.2548482954545454,15.0,0.6,0.2,-0.09866666666666667,-0.2215583333333333,3.0,12.0,False,-0.5513364271686799,-1.3429043377958596,-0.7915679106271797
329,Alexis Mac Allister,8,2024-10-20 15:30:00+00:00,0.0,0.0,0.0,9.0,True,Chelsea,0.0,-0.3190117647058824,-0.4886275590551181,17.0,0.5294117647058824,0.058823529411764705,-0.3190117647058824,-0.3190117647058824,0.0,17.0,False,-0.5513364271686799,-1.9077411715447585,-1.3564047443760785
329,Alexis Mac Allister,9,2024-10-27 16:30:00+00:00,1.0,0.0,0.0,62.0,False,Arsenal,1.4516129032258065,-0.058866666666666685,0.01154128440366975,9.0,0.3333333333333333,0.3333333333333333,-0.061100000000000015,-0.05822857142857144,2.0,7.0,False,-0.24950799684457664,-0.7036322754231865,-0.4541242785786099
329,Alexis Mac Allister,10,2024-11-02 15:00:00+00:00,1.0,0.0,0.0,65.0,True,Brighton,1.3846153846153846,0.14007999999999998,0.3192266233766234,10.0,0.2,0.4,0.6705,0.08114444444444444,1.0,9.0,False,-0.24950799684457664,0.21721325652281515,0.4667212533673918
329,Alexis Mac Allister,11,2024-11-09 20:00:00+00:00,3.0,0.0,0.0,86.0,True,Aston Villa,3.13953488372093,0.19143529411764706,0.21595991902834005,17.0,0.23529411764705882,0.5294117647058824,0.4215,0.17705625,1.0,16.0,False,0.35414886380362987,0.4549166265885351,0.10076776278490523
329,Alexis Mac Allister,12,2024-11-24 14:00:00+00:00,1.0,0.0,0.0,28.0,False,Southampton,3.2142857142857144,-0.10257777777777778,-0.023883043478260858,18.0,0.3888888888888889,0.1111111111111111,0.4359,-0.16988749999999997,2.0,16.0,False,-0.24950799684457664,-0.9059537419622684,-0.6564457451176917
329,Alexis Mac Allister,13,2024-12-01 16:00:00+00:00,3.0,0.0,0.0,90.0,True,Man City,3.0,0.17579999999999998,0.5152942857142857,7.0,0.2857142857142857,0.42857142857142855,0.2611,0.14168,2.0,5.0,False,0.35414886380362987,0.38254702638296784,0.02839816257933797
329,Alexis Mac Allister,14,2024-12-04 19:30:00+00:00,1.0,0.0,0.0,90.0,False,Newcastle,1.0,-0.252275,-0.3705606779661017,16.0,0.5,0.1875,-0.41355,-0.2292357142857143,2.0,14.0,False,-0.24950799684457664,-1.598843050125567,-1.3493350532809905
329,Alexis Mac Allister,16,2024-12-14 15:00:00+00:00,0.0,0.0,0.0,0.0,True,Fulham,0.0,,,,,,,,,,,-0.5513364271686799,,
329,Alexis Mac Allister,17,2024-12-22 16:30:00+00:00,7.0,1.0,0.0,67.0,False,Spurs,9.402985074626866,0.40346666666666664,0.5421999999999999,15.0,0.13333333333333333,0.6,0.31245,0.4174692307692307,2.0,13.0,False,1.5614625851000428,1.436326093334109,-0.12513649176593367
329,Alexis Mac Allister,18,2024-12-26 20:00:00+00:00,8.0,0.0,2.0,90.0,True,Leicester,8.0,0.12555,0.3199031055900621,10.0,0.4,0.3,0.3182,0.10414444444444444,1.0,9.0,False,1.8632910154241462,0.1499596261737665,-1.7133313892503796
329,Alexis Mac Allister,19,2024-12-29 17:15:00+00:00,3.0,0.0,0.0,90.0,False,West Ham,3.0,0.25272941176470587,0.3439317460317461,17.0,0.35294117647058826,0.5882352941176471,0.47986666666666666,0.20405714285714288,3.0,14.0,False,0.35414886380362987,0.7386228847307509,0.384474020927121
329,Alexis Mac Allister,20,2025-01-05 16:30:00+00:00,10.0,0.0,2.0,90.0,True,Man Utd,10.0,0.3716233333333333,0.5153137529137529,30.0,0.2,0.7,0.2235,0.38808148148148147,3.0,27.0,False,2.4669478760723527,1.2889358821103278,-1.1780119939620248
329,Alexis Mac Allister,21,2025-01-14 20:00:00+00:00,2.0,0.0,0.0,90.0,False,Nott'm Forest,2.0,0.058323529411764705,-0.07255476190476191,17.0,0.23529411764705882,0.4117647058823529,0.0466,0.06193076923076923,4.0,13.0,False,0.0523204334795266,-0.16120515033087005,-0.21352558381039666
329,Alexis Mac Allister,22,2025-01-18 15:00:00+00:00,3.0,0.0,0.0,79.0,False,Brentford,3.4177215189873418,0.02893076923076922,0.16073701298701307,13.0,0.3076923076923077,0.38461538461538464,0.28626666666666667,-0.04826999999999999,3.0,10.0,False,0.35414886380362987,-0.29725262645963174,-0.6514014902632617
329,Alexis Mac Allister,23,2025-01-25 15:00:00+00:00,3.0,0.0,0.0,79.0,True,Ipswich,3.4177215189873418,0.18206666666666668,0.2685904347826087,12.0,0.16666666666666666,0.4166666666666667,-0.4008,0.29864,2.0,10.0,False,0.35414886380362987,0.4115529509198369,0.057404087116207037
329,Alexis Mac Allister,24,2025-02-01 15:00:00+00:00,10.0,1.0,0.0,150.0,False,Bournemouth,6.0,0.21291000000000002,0.24943567961165047,30.0,0.16666666666666666,0.5333333333333333,0.08427142857142852,0.2520608695652174,7.0,23.0,False,2.4669478760723527,0.5543145571643304,-1.9126333189080222
329,Alexis Mac Allister,25,2025-02-16 14:00:00+00:00,4.0,0.0,0.0,170.0,True,Wolves,2.1176470588235294,-0.26002,-0.4180963963963964,25.0,0.52,0.16,-0.06458,-0.30888,5.0,20.0,False,0.6559772941277332,-1.634691595690149,-2.290668889817882
329,Alexis Mac Allister,26,2025-02-23 16:30:00+00:00,3.0,0.0,0.0,90.0,False,Man City,3.0,-0.02754285714285713,-0.3769133333333333,7.0,0.2857142857142857,0.2857142857142857,0.0,-0.03213333333333332,1.0,6.0,False,0.35414886380362987,-0.5586467346910257,-0.9127955984946555
329,Alexis Mac Allister,27,2025-02-26 20:15:00+00:00,8.0,1.0,0.0,86.0,True,Newcastle,8.372093023255813,0.33781111111111106,0.4856591397849462,18.0,0.1111111111111111,0.6111111111111112,0.2202,0.3525125,2.0,16.0,False,1.8632910154241462,1.1324324619717716,-0.7308585534523746
329,Alexis Mac Allister,28,2025-03-08 15:00:00+00:00,1.0,0.0,0.0,45.0,True,Southampton,2.0,-0.12426666666666666,-0.12824208333333337,15.0,0.5333333333333333,0.26666666666666666,-0.05135,-0.13548461538461537,2.0,13.0,False,-0.24950799684457664,-1.006343041068595,-0.7568350442240184
329,Alexis Mac Allister,30,2025-04-02 19:00:00+00:00,3.0,0.0,0.0,90.0,True,Everton,3.0,0.2875125,0.48183690476190477,8.0,0.125,0.5,0.8718,0.20404285714285716,1.0,7.0,False,0.35414886380362987,0.8996200601316329,0.545471196328003
329,Alexis Mac Allister,31,2025-04-06 13:00:00+00:00,9.0,1.0,0.0,90.0,False,Fulham,9.0,0.43689999999999996,0.5628956043956044,10.0,0.0,0.6,0.4374,0.4366857142857143,3.0,7.0,False,2.165119445748249,1.5910757864749574,-0.5740436592732918
329,Alexis Mac Allister,32,2025-04-13 13:00:00+00:00,5.0,0.0,1.0,90.0,True,West Ham,5.0,0.06289166666666668,0.012771249999999967,12.0,0.3333333333333333,0.4166666666666667,0.06289166666666668,0.06289166666666668,0.0,12.0,False,0.9578057244518364,-0.14006104748676163,-1.0978667719385982
329,Alexis Mac Allister,33,2025-04-20 15:30:00+00:00,3.0,0.0,0.0,90.0,False,Leicester,3.0,-0.11379333333333334,-0.16961173184357542,15.0,0.26666666666666666,0.26666666666666666,-0.2092,-0.09911538461538462,2.0,13.0,False,0.35414886380362987,-0.9578661182521895,-1.3120149820558193
329,Alexis Mac Allister,34,2025-04-27 15:30:00+00:00,10.0,1.0,0.0,82.0,True,Spurs,10.975609756097562,0.16116111111111112,0.13160512367491173,36.0,0.3333333333333333,0.5555555555555556,0.06239999999999999,0.17013939393939392,3.0,33.0,False,2.4669478760723527,0.31478939238061904,-2.152158483691734
329,Alexis Mac Allister,35,2025-05-04 15:30:00+00:00,4.0,0.0,1.0,21.0,False,Chelsea,17.142857142857142,0.1495,-0.13245375,7.0,0.2857142857142857,0.5714285714285714,0.6249,0.07026666666666666,1.0,6.0,False,0.6559772941277332,0.2608147154277043,-0.3951625787000289
329,Alexis Mac Allister,36,2025-05-11 15:30:00+00:00,1.0,0.0,0.0,24.0,True,Arsenal,3.75,0.015035714285714267,0.2024505319148936,14.0,0.35714285714285715,0.2857142857142857,0.015035714285714267,0.015035714285714267,0.0,14.0,False,-0.24950799684457664,-0.36156734696578774,-0.1120593501212111
329,Alexis Mac Allister,37,2025-05-19 19:00:00+00:00,0.0,0.0,0.0,0.0,False,Brighton,0.0,0.0,0.0,1.0,0.0,0.0,0.0,0.0,0.0,1.0,True,-0.5513364271686799,-0.43116172897579036,0.12017469819288956
329,Alexis Mac Allister,38,2025-05-25 15:00:00+00:00,0.0,0.0,0.0,0.0,True,Crystal Palace,0.0,,,,,,,,,,,-0.5513364271686799,,
330,James McConnell,1,2024-08-17 11:30:00+00:00,0.0,0.0,0.0,0.0,False,Ipswich,0.0,,,,,,,,,,,-0.5513364271686799,,
330,James McConnell,2,2024-08-25 15:30:00+00:00,0.0,0.0,0.0,0.0,True,Brentford,0.0,,,,,,,,,,,-0.5513364271686799,,
330,James McConnell,3,2024-09-01 15:00:00+00:00,0.0,0.0,0.0,0.0,False,Man Utd,0.0,,,,,,,,,,,-0.5513364271686799,,
330,James McConnell,4,2024-09-14 14:00:00+00:00,0.0,0.0,0.0,0.0,True,Nott'm Forest,0.0,,,,,,,,,,,-0.5513364271686799,,
330,James McConnell,5,2024-09-21 14:00:00+00:00,0.0,0.0,0.0,0.0,True,Bournemouth,0.0,,,,,,,,,,,-0.5513364271686799,,
330,James McConnell,6,2024-09-28 16:30:00+00:00,0.0,0.0,0.0,0.0,False,Wolves,0.0,0.0,0.0,1.0,0.0,0.0,0.0,0.0,0.0,1.0,True,-0.5513364271686799,-0.43116172897579036,0.12017469819288956
330,James McConnell,7,2024-10-05 11:30:00+00:00,0.0,0.0,0.0,0.0,False,Crystal Palace,0.0,,,,,,,,,,,-0.5513364271686799,,
330,James McConnell,8,2024-10-20 15:30:00+00:00,0.0,0.0,0.0,0.0,True,Chelsea,0.0,0.0814,0.011511111111111126,2.0,0.5,0.5,0.0814,0.0814,0.0,2.0,True,-0.5513364271686799,-0.05439328366178054,0.4969431435068994
330,James McConnell,9,2024-10-27 16:30:00+00:00,0.0,0.0,0.0,0.0,False,Arsenal,0.0,,,,,,,,,,,-0.5513364271686799,,
330,James McConnell,10,2024-11-02 15:00:00+00:00,0.0,0.0,0.0,0.0,True,Brighton,0.0,,,,,,,,,,,-0.5513364271686799,,
330,James McConnell,11,2024-11-09 20:00:00+00:00,0.0,0.0,0.0,0.0,True,Aston Villa,0.0,,,,,,,,,,,-0.5513364271686799,,
330,James McConnell,12,2024-11-24 14:00:00+00:00,0.0,0.0,0.0,0.0,False,Southampton,0.0,-0.2202,-0.1468,2.0,0.5,0.0,-0.2202,-0.2202,0.0,2.0,True,-0.5513364271686799,-1.4503805454149175,-0.8990441182462375
330,James McConnell,13,2024-12-01 16:00:00+00:00,0.0,0.0,0.0,0.0,True,Man City,0.0,,,,,,,,,,,-0.5513364271686799,,
330,James McConnell,14,2024-12-04 19:30:00+00:00,0.0,0.0,0.0,0.0,False,Newcastle,0.0,,,,,,,,,,,-0.5513364271686799,,
330,James McConnell,16,2024-12-14 15:00:00+00:00,0.0,0.0,0.0,0.0,True,Fulham,0.0,,,,,,,,,,,-0.5513364271686799,,
330,James McConnell,17,2024-12-22 16:30:00+00:00,0.0,0.0,0.0,0.0,False,Spurs,0.0,,,,,,,,,,,-0.5513364271686799,,
330,James McConnell,18,2024-12-26 20:00:00+00:00,0.0,0.0,0.0,0.0,True,Leicester,0.0,,,,,,,,,,,-0.5513364271686799,,
330,James McConnell,19,2024-12-29 17:15:00+00:00,0.0,0.0,0.0,0.0,False,West Ham,0.0,,,,,,,,,,,-0.5513364271686799,,
330,James McConnell,20,2025-01-05 16:30:00+00:00,0.0,0.0,0.0,0.0,True,Man Utd,0.0,0.2294,0.3932571428571428,2.0,0.0,0.5,0.2294,0.2294,0.0,2.0,True,-0.5513364271686799,0.6306402532727827,1.1819766804414626
330,James McConnell,21,2025-01-14 20:00:00+00:00,0.0,0.0,0.0,0.0,False,Nott'm Forest,0.0,,,,,,,,,,,-0.5513364271686799,,
330,James McConnell,22,2025-01-18 15:00:00+00:00,0.0,0.0,0.0,0.0,False,Brentford,0.0,0.21075,0.24085714285714285,2.0,0.0,0.5,0.21075,0.21075,0.0,2.0,True,-0.5513364271686799,0.5443167704090691,1.095653197577749
330,James McConnell,23,2025-01-25 15:00:00+00:00,0.0,0.0,0.0,0.0,True,Ipswich,0.0,,,,,,,,,,,-0.5513364271686799,,
330,James McConnell,24,2025-02-01 15:00:00+00:00,0.0,0.0,0.0,0.0,False,Bournemouth,0.0,,,,,,,,,,,-0.5513364271686799,,
330,James McConnell,25,2025-02-16 14:00:00+00:00,0.0,0.0,0.0,0.0,True,Wolves,0.0,0.0,0.0,1.0,0.0,0.0,0.0,0.0,1.0,0.0,True,-0.5513364271686799,-0.43116172897579036,0.12017469819288956
330,James McConnell,26,2025-02-23 16:30:00+00:00,0.0,0.0,0.0,0.0,False,Man City,0.0,,,,,,,,,,,-0.5513364271686799,,
330,James McConnell,27,2025-02-26 20:15:00+00:00,0.0,0.0,0.0,0.0,True,Newcastle,0.0,0.0,0.0,1.0,0.0,0.0,0.0,0.0,0.0,1.0,True,-0.5513364271686799,-0.43116172897579036,0.12017469819288956
330,James McConnell,28,2025-03-08 15:00:00+00:00,0.0,0.0,0.0,0.0,True,Southampton,0.0,,,,,,,,,,,-0.5513364271686799,,
330,James McConnell,30,2025-04-02 19:00:00+00:00,0.0,0.0,0.0,0.0,True,Everton,0.0,,,,,,,,,,,-0.5513364271686799,,
330,James McConnell,31,2025-04-06 13:00:00+00:00,0.0,0.0,0.0,0.0,False,Fulham,0.0,,,,,,,,,,,-0.5513364271686799,,
330,James McConnell,32,2025-04-13 13:00:00+00:00,0.0,0.0,0.0,0.0,True,West Ham,0.0,,,,,,,,,,,-0.5513364271686799,,
330,James McConnell,33,2025-04-20 15:30:00+00:00,0.0,0.0,0.0,0.0,False,Leicester,0.0,,,,,,,,,,,-0.5513364271686799,,
330,James McConnell,34,2025-04-27 15:30:00+00:00,0.0,0.0,0.0,0.0,True,Spurs,0.0,0.0,0.0,1.0,0.0,0.0,0.0,0.0,0.0,1.0,True,-0.5513364271686799,-0.43116172897579036,0.12017469819288956
330,James McConnell,35,2025-05-04 15:30:00+00:00,0.0,0.0,0.0,0.0,False,Chelsea,0.0,,,,,,,,,,,-0.5513364271686799,,
330,James McConnell,36,2025-05-11 15:30:00+00:00,0.0,0.0,0.0,0.0,True,Arsenal,0.0,,,,,,,,,,,-0.5513364271686799,,
330,James McConnell,37,2025-05-19 19:00:00+00:00,0.0,0.0,0.0,0.0,False,Brighton,0.0,,,,,,,,,,,-0.5513364271686799,,
330,James McConnell,38,2025-05-25 15:00:00+00:00,0.0,0.0,0.0,0.0,True,Crystal Palace,0.0,0.55545,0.5975414634146342,2.0,0.0,1.0,0.55545,0.55545,0.0,2.0,True,-0.5513364271686799,2.1397969067695013,2.6911333339381813
331,Tyler Morton,1,2024-08-17 11:30:00+00:00,0.0,0.0,0.0,0.0,False,Ipswich,0.0,0.0,0.0,1.0,0.0,0.0,0.0,0.0,0.0,1.0,True,-0.5513364271686799,-0.43116172897579036,0.12017469819288956
331,Tyler Morton,2,2024-08-25 15:30:00+00:00,0.0,0.0,0.0,0.0,True,Brentford,0.0,,,,,,,,,,,-0.5513364271686799,,
331,Tyler Morton,3,2024-09-01 15:00:00+00:00,0.0,0.0,0.0,0.0,False,Man Utd,0.0,,,,,,,,,,,-0.5513364271686799,,
331,Tyler Morton,4,2024-09-14 14:00:00+00:00,0.0,0.0,0.0,0.0,True,Nott'm Forest,0.0,,,,,,,,,,,-0.5513364271686799,,
331,Tyler Morton,5,2024-09-21 14:00:00+00:00,0.0,0.0,0.0,0.0,True,Bournemouth,0.0,,,,,,,,,,,-0.5513364271686799,,
331,Tyler Morton,6,2024-09-28 16:30:00+00:00,0.0,0.0,0.0,0.0,False,Wolves,0.0,,,,,,,,,,,-0.5513364271686799,,
331,Tyler Morton,7,2024-10-05 11:30:00+00:00,0.0,0.0,0.0,0.0,False,Crystal Palace,0.0,,,,,,,,,,,-0.5513364271686799,,
331,Tyler Morton,8,2024-10-20 15:30:00+00:00,0.0,0.0,0.0,0.0,True,Chelsea,0.0,,,,,,,,,,,-0.5513364271686799,,
331,Tyler Morton,9,2024-10-27 16:30:00+00:00,0.0,0.0,0.0,0.0,False,Arsenal,0.0,,,,,,,,,,,-0.5513364271686799,,
331,Tyler Morton,10,2024-11-02 15:00:00+00:00,0.0,0.0,0.0,0.0,True,Brighton,0.0,,,,,,,,,,,-0.5513364271686799,,
331,Tyler Morton,11,2024-11-09 20:00:00+00:00,0.0,0.0,0.0,0.0,True,Aston Villa,0.0,0.4215,0.4215,2.0,0.0,1.0,0.4215,0.4215,0.0,2.0,True,-0.5513364271686799,1.5197952697939288,2.071131696962609
331,Tyler Morton,12,2024-11-24 14:00:00+00:00,0.0,0.0,0.0,0.0,False,Southampton,0.0,,,,,,,,,,,-0.5513364271686799,,
331,Tyler Morton,13,2024-12-01 16:00:00+00:00,0.0,0.0,0.0,0.0,True,Man City,0.0,,,,,,,,,,,-0.5513364271686799,,
331,Tyler Morton,14,2024-12-04 19:30:00+00:00,0.0,0.0,0.0,0.0,False,Newcastle,0.0,,,,,,,,,,,-0.5513364271686799,,
331,Tyler Morton,16,2024-12-14 15:00:00+00:00,0.0,0.0,0.0,0.0,True,Fulham,0.0,,,,,,,,,,,-0.5513364271686799,,
331,Tyler Morton,17,2024-12-22 16:30:00+00:00,0.0,0.0,0.0,0.0,False,Spurs,0.0,0.3182,0.3182,1.0,0.0,1.0,0.3182,0.3182,0.0,1.0,True,-0.5513364271686799,1.0416603754335207,1.5929968026022006
331,Tyler Morton,18,2024-12-26 20:00:00+00:00,0.0,0.0,0.0,0.0,True,Leicester,0.0,0.2202,0.41942857142857143,2.0,0.0,0.5,0.0,0.4404,1.0,1.0,True,-0.5513364271686799,0.588057087463337,1.1393935146320169
331,Tyler Morton,19,2024-12-29 17:15:00+00:00,0.0,0.0,0.0,0.0,False,West Ham,0.0,,,,,,,,,,,-0.5513364271686799,,
331,Tyler Morton,20,2025-01-05 16:30:00+00:00,0.0,0.0,0.0,0.0,True,Man Utd,0.0,0.1591,0.1631794871794872,2.0,0.0,0.5,0.3182,0.0,1.0,1.0,True,-0.5513364271686799,0.3052493232288651,0.856585750397545
331,Tyler Morton,21,2025-01-14 20:00:00+00:00,0.0,0.0,0.0,0.0,False,Nott'm Forest,0.0,,,,,,,,,,,-0.5513364271686799,,
331,Tyler Morton,22,2025-01-18 15:00:00+00:00,0.0,0.0,0.0,0.0,False,Brentford,0.0,,,,,,,,,,,-0.5513364271686799,,
331,Tyler Morton,23,2025-01-25 15:00:00+00:00,0.0,0.0,0.0,0.0,True,Ipswich,0.0,,,,,,,,,,,-0.5513364271686799,,
331,Tyler Morton,24,2025-02-01 15:00:00+00:00,0.0,0.0,0.0,0.0,False,Bournemouth,0.0,,,,,,,,,,,-0.5513364271686799,,
331,Tyler Morton,25,2025-02-16 14:00:00+00:00,0.0,0.0,0.0,0.0,True,Wolves,0.0,0.4215,0.4215,1.0,0.0,1.0,0.4215,0.4215,0.0,1.0,True,-0.5513364271686799,1.5197952697939288,2.071131696962609
331,Tyler Morton,26,2025-02-23 16:30:00+00:00,0.0,0.0,0.0,0.0,False,Man City,0.0,,,,,,,,,,,-0.5513364271686799,,
331,Tyler Morton,27,2025-02-26 20:15:00+00:00,0.0,0.0,0.0,0.0,True,Newcastle,0.0,0.31245,0.3392314285714286,2.0,0.0,0.5,0.31245,0.31245,0.0,2.0,True,-0.5513364271686799,1.015045896802617,1.5663823239712968
331,Tyler Morton,28,2025-03-08 15:00:00+00:00,0.0,0.0,0.0,0.0,True,Southampton,0.0,,,,,,,,,,,-0.5513364271686799,,
331,Tyler Morton,30,2025-04-02 19:00:00+00:00,0.0,0.0,0.0,0.0,True,Everton,0.0,,,,,,,,,,,-0.5513364271686799,,
331,Tyler Morton,31,2025-04-06 13:00:00+00:00,0.0,0.0,0.0,0.0,False,Fulham,0.0,,,,,,,,,,,-0.5513364271686799,,
331,Tyler Morton,32,2025-04-13 13:00:00+00:00,0.0,0.0,0.0,0.0,True,West Ham,0.0,,,,,,,,,,,-0.5513364271686799,,
331,Tyler Morton,33,2025-04-20 15:30:00+00:00,0.0,0.0,0.0,0.0,False,Leicester,0.0,0.0,0.0,1.0,0.0,0.0,0.0,0.0,0.0,1.0,True,-0.5513364271686799,-0.43116172897579036,0.12017469819288956
331,Tyler Morton,34,2025-04-27 15:30:00+00:00,0.0,0.0,0.0,0.0,True,Spurs,0.0,,,,,,,,,,,-0.5513364271686799,,
331,Tyler Morton,35,2025-05-04 15:30:00+00:00,0.0,0.0,0.0,0.0,False,Chelsea,0.0,,,,,,,,,,,-0.5513364271686799,,
331,Tyler Morton,36,2025-05-11 15:30:00+00:00,0.0,0.0,0.0,0.0,True,Arsenal,0.0,,,,,,,,,,,-0.5513364271686799,,
331,Tyler Morton,37,2025-05-19 19:00:00+00:00,0.0,0.0,0.0,0.0,False,Brighton,0.0,,,,,,,,,,,-0.5513364271686799,,
331,Tyler Morton,38,2025-05-25 15:00:00+00:00,0.0,0.0,0.0,0.0,True,Crystal Palace,0.0,,,,,,,,,,,-0.5513364271686799,,
332,Nathaniel Phillips,1,2024-08-17 11:30:00+00:00,0.0,0.0,0.0,0.0,False,Ipswich,0.0,,,,,,,,,,,-0.5513364271686799,,
332,Nathaniel Phillips,2,2024-08-25 15:30:00+00:00,0.0,0.0,0.0,0.0,True,Brentford,0.0,,,,,,,,,,,-0.5513364271686799,,
332,Nathaniel Phillips,3,2024-09-01 15:00:00+00:00,0.0,0.0,0.0,0.0,False,Man Utd,0.0,,,,,,,,,,,-0.5513364271686799,,
332,Nathaniel Phillips,4,2024-09-14 14:00:00+00:00,0.0,0.0,0.0,0.0,True,Nott'm Forest,0.0,,,,,,,,,,,-0.5513364271686799,,
332,Nathaniel Phillips,5,2024-09-21 14:00:00+00:00,0.0,0.0,0.0,0.0,True,Bournemouth,0.0,0.52235,0.5535864406779661,2.0,0.0,1.0,0.52235,0.52235,0.0,2.0,True,-0.5513364271686799,1.9865900819550821,2.537926509123762
332,Nathaniel Phillips,6,2024-09-28 16:30:00+00:00,0.0,0.0,0.0,0.0,False,Wolves,0.0,0.0,0.0,1.0,0.0,0.0,0.0,0.0,0.0,1.0,True,-0.5513364271686799,-0.43116172897579036,0.12017469819288956
332,Nathaniel Phillips,7,2024-10-05 11:30:00+00:00,0.0,0.0,0.0,0.0,False,Crystal Palace,0.0,,,,,,,,,,,-0.5513364271686799,,
332,Nathaniel Phillips,8,2024-10-20 15:30:00+00:00,0.0,0.0,0.0,0.0,True,Chelsea,0.0,,,,,,,,,,,-0.5513364271686799,,
332,Nathaniel Phillips,9,2024-10-27 16:30:00+00:00,0.0,0.0,0.0,0.0,False,Arsenal,0.0,,,,,,,,,,,-0.5513364271686799,,
332,Nathaniel Phillips,10,2024-11-02 15:00:00+00:00,0.0,0.0,0.0,0.0,True,Brighton,0.0,,,,,,,,,,,-0.5513364271686799,,
332,Nathaniel Phillips,11,2024-11-09 20:00:00+00:00,0.0,0.0,0.0,0.0,True,Aston Villa,0.0,,,,,,,,,,,-0.5513364271686799,,
332,Nathaniel Phillips,12,2024-11-24 14:00:00+00:00,0.0,0.0,0.0,0.0,False,Southampton,0.0,,,,,,,,,,,-0.5513364271686799,,
332,Nathaniel Phillips,13,2024-12-01 16:00:00+00:00,0.0,0.0,0.0,0.0,True,Man City,0.0,-0.05135,-0.04356969696969697,2.0,0.5,0.0,-0.1027,0.0,1.0,1.0,True,-0.5513364271686799,-0.668840594662208,-0.1175041674935281
332,Nathaniel Phillips,14,2024-12-04 19:30:00+00:00,0.0,0.0,0.0,0.0,False,Newcastle,0.0,,,,,,,,,,,-0.5513364271686799,,
332,Nathaniel Phillips,16,2024-12-14 15:00:00+00:00,0.0,0.0,0.0,0.0,True,Fulham,0.0,,,,,,,,,,,-0.5513364271686799,,
332,Nathaniel Phillips,17,2024-12-22 16:30:00+00:00,0.0,0.0,0.0,0.0,False,Spurs,0.0,,,,,,,,,,,-0.5513364271686799,,
332,Nathaniel Phillips,18,2024-12-26 20:00:00+00:00,0.0,0.0,0.0,0.0,True,Leicester,0.0,0.0,0.0,1.0,0.0,0.0,0.0,0.0,0.0,1.0,True,-0.5513364271686799,-0.43116172897579036,0.12017469819288956
332,Nathaniel Phillips,19,2024-12-29 17:15:00+00:00,0.0,0.0,0.0,0.0,False,West Ham,0.0,,,,,,,,,,,-0.5513364271686799,,
332,Nathaniel Phillips,20,2025-01-05 16:30:00+00:00,0.0,0.0,0.0,0.0,True,Man Utd,0.0,,,,,,,,,,,-0.5513364271686799,,
332,Nathaniel Phillips,21,2025-01-14 20:00:00+00:00,0.0,0.0,0.0,0.0,False,Nott'm Forest,0.0,,,,,,,,,,,-0.5513364271686799,,
332,Nathaniel Phillips,22,2025-01-18 15:00:00+00:00,0.0,0.0,0.0,0.0,False,Brentford,0.0,0.0,0.0,1.0,0.0,0.0,0.0,0.0,0.0,1.0,True,-0.5513364271686799,-0.43116172897579036,0.12017469819288956
332,Nathaniel Phillips,23,2025-01-25 15:00:00+00:00,0.0,0.0,0.0,0.0,True,Ipswich,0.0,0.2202,0.3914666666666667,2.0,0.0,0.5,0.0,0.4404,1.0,1.0,True,-0.5513364271686799,0.588057087463337,1.1393935146320169
332,Nathaniel Phillips,24,2025-02-01 15:00:00+00:00,0.0,0.0,0.0,0.0,False,Bournemouth,0.0,,,,,,,,,,,-0.5513364271686799,,
332,Nathaniel Phillips,25,2025-02-16 14:00:00+00:00,0.0,0.0,0.0,0.0,True,Wolves,0.0,,,,,,,,,,,-0.5513364271686799,,
332,Nathaniel Phillips,26,2025-02-23 16:30:00+00:00,0.0,0.0,0.0,0.0,False,Man City,0.0,,,,,,,,,,,-0.5513364271686799,,
332,Nathaniel Phillips,27,2025-02-26 20:15:00+00:00,0.0,0.0,0.0,0.0,True,Newcastle,0.0,-0.1027,-0.1027,1.0,1.0,0.0,-0.1027,-0.1027,0.0,1.0,True,-0.5513364271686799,-0.9065194603486257,-0.3551830331799458
332,Nathaniel Phillips,28,2025-03-08 15:00:00+00:00,0.0,0.0,0.0,0.0,True,Southampton,0.0,,,,,,,,,,,-0.5513364271686799,,
332,Nathaniel Phillips,30,2025-04-02 19:00:00+00:00,0.0,0.0,0.0,0.0,True,Everton,0.0,,,,,,,,,,,-0.5513364271686799,,
332,Nathaniel Phillips,31,2025-04-06 13:00:00+00:00,0.0,0.0,0.0,0.0,False,Fulham,0.0,,,,,,,,,,,-0.5513364271686799,,
332,Nathaniel Phillips,32,2025-04-13 13:00:00+00:00,0.0,0.0,0.0,0.0,True,West Ham,0.0,0.0,0.0,1.0,0.0,0.0,0.0,0.0,0.0,1.0,True,-0.5513364271686799,-0.43116172897579036,0.12017469819288956
332,Nathaniel Phillips,33,2025-04-20 15:30:00+00:00,0.0,0.0,0.0,0.0,False,Leicester,0.0,,,,,,,,,,,-0.5513364271686799,,
332,Nathaniel Phillips,34,2025-04-27 15:30:00+00:00,0.0,0.0,0.0,0.0,True,Spurs,0.0,,,,,,,,,,,-0.5513364271686799,,
332,Nathaniel Phillips,35,2025-05-04 15:30:00+00:00,0.0,0.0,0.0,0.0,False,Chelsea,0.0,,,,,,,,,,,-0.5513364271686799,,
332,Nathaniel Phillips,36,2025-05-11 15:30:00+00:00,0.0,0.0,0.0,0.0,True,Arsenal,0.0,,,,,,,,,,,-0.5513364271686799,,
332,Nathaniel Phillips,37,2025-05-19 19:00:00+00:00,0.0,0.0,0.0,0.0,False,Brighton,0.0,0.0,0.0,1.0,0.0,0.0,0.0,0.0,0.0,1.0,True,-0.5513364271686799,-0.43116172897579036,0.12017469819288956
332,Nathaniel Phillips,38,2025-05-25 15:00:00+00:00,0.0,0.0,0.0,0.0,True,Crystal Palace,0.0,,,,,,,,,,,-0.5513364271686799,,
333,Jarell Quansah,1,2024-08-17 11:30:00+00:00,1.0,0.0,0.0,45.0,False,Ipswich,2.0,0.04194444444444445,-0.16028429752066117,9.0,0.1111111111111111,0.3333333333333333,0.0,0.05392857142857144,2.0,7.0,False,-0.24950799684457664,-0.23701746456678308,0.012490532277793565
333,Jarell Quansah,2,2024-08-25 15:30:00+00:00,0.0,0.0,0.0,0.0,True,Brentford,0.0,,,,,,,,,,,-0.5513364271686799,,
333,Jarell Quansah,3,2024-09-01 15:00:00+00:00,0.0,0.0,0.0,0.0,False,Man Utd,0.0,0.6249,0.6249,1.0,0.0,1.0,0.6249,0.6249,0.0,1.0,True,-0.5513364271686799,2.4612535225810244,3.0125899497497044
333,Jarell Quansah,4,2024-09-14 14:00:00+00:00,0.0,0.0,0.0,0.0,True,Nott'm Forest,0.0,,,,,,,,,,,-0.5513364271686799,,
333,Jarell Quansah,5,2024-09-21 14:00:00+00:00,0.0,0.0,0.0,0.0,True,Bournemouth,0.0,,,,,,,,,,,-0.5513364271686799,,
333,Jarell Quansah,6,2024-09-28 16:30:00+00:00,0.0,0.0,0.0,0.0,False,Wolves,0.0,,,,,,,,,,,-0.5513364271686799,,
333,Jarell Quansah,7,2024-10-05 11:30:00+00:00,0.0,0.0,0.0,0.0,False,Crystal Palace,0.0,0.31245,0.5920105263157895,2.0,0.0,0.5,0.0,0.6249,1.0,1.0,True,-0.5513364271686799,1.015045896802617,1.5663823239712968
333,Jarell Quansah,8,2024-10-20 15:30:00+00:00,0.0,0.0,0.0,0.0,True,Chelsea,0.0,-0.10749999999999998,-0.002871428571428541,2.0,0.5,0.5,-0.10749999999999998,-0.10749999999999998,0.0,2.0,True,-0.5513364271686799,-0.928736764249206,-0.3774003370805261
333,Jarell Quansah,9,2024-10-27 16:30:00+00:00,0.0,0.0,0.0,0.0,False,Arsenal,0.0,0.0,0.0,1.0,0.0,0.0,0.0,0.0,0.0,1.0,True,-0.5513364271686799,-0.43116172897579036,0.12017469819288956
333,Jarell Quansah,10,2024-11-02 15:00:00+00:00,0.0,0.0,0.0,0.0,True,Brighton,0.0,,,,,,,,,,,-0.5513364271686799,,
333,Jarell Quansah,11,2024-11-09 20:00:00+00:00,0.0,0.0,0.0,0.0,True,Aston Villa,0.0,,,,,,,,,,,-0.5513364271686799,,
333,Jarell Quansah,12,2024-11-24 14:00:00+00:00,0.0,0.0,0.0,0.0,False,Southampton,0.0,,,,,,,,,,,-0.5513364271686799,,
333,Jarell Quansah,13,2024-12-01 16:00:00+00:00,1.0,0.0,0.0,17.0,True,Man City,5.294117647058823,0.1252,0.1609794871794872,11.0,0.18181818181818182,0.36363636363636365,0.0,0.15302222222222223,2.0,9.0,False,-0.24950799684457664,0.1483396144310159,0.39784761127559254
333,Jarell Quansah,14,2024-12-04 19:30:00+00:00,0.0,0.0,0.0,90.0,False,Newcastle,0.0,-0.2576588235294118,-0.4396987179487179,17.0,0.5882352941176471,0.23529411764705882,-0.07355000000000002,-0.31430769230769234,4.0,13.0,False,-0.5513364271686799,-1.623762642521408,-1.0724262153527282
333,Jarell Quansah,16,2024-12-14 15:00:00+00:00,1.0,0.0,0.0,20.0,True,Fulham,4.5,0.13049230769230769,0.12176174496644294,13.0,0.3076923076923077,0.38461538461538464,0.4501,-0.011555555555555565,4.0,9.0,False,-0.24950799684457664,0.17283561616755325,0.42234361301212986
333,Jarell Quansah,17,2024-12-22 16:30:00+00:00,0.0,0.0,0.0,0.0,False,Spurs,0.0,,,,,,,,,,,-0.5513364271686799,,
333,Jarell Quansah,18,2024-12-26 20:00:00+00:00,0.0,0.0,0.0,0.0,True,Leicester,0.0,,,,,,,,,,,-0.5513364271686799,,
333,Jarell Quansah,19,2024-12-29 17:15:00+00:00,1.0,0.0,0.0,53.0,False,West Ham,1.6981132075471697,-0.08005882352941178,-0.14129798994974876,17.0,0.35294117647058826,0.17647058823529413,0.0,-0.09073333333333335,2.0,15.0,False,-0.24950799684457664,-0.8017223981999322,-0.5522144013553556
333,Jarell Quansah,20,2025-01-05 16:30:00+00:00,0.0,0.0,0.0,0.0,True,Man Utd,0.0,0.6249,0.6249,1.0,0.0,1.0,0.6249,0.6249,0.0,1.0,True,-0.5513364271686799,2.4612535225810244,3.0125899497497044
333,Jarell Quansah,21,2025-01-14 20:00:00+00:00,0.0,0.0,0.0,0.0,False,Nott'm Forest,0.0,,,,,,,,,,,-0.5513364271686799,,
333,Jarell Quansah,22,2025-01-18 15:00:00+00:00,0.0,0.0,0.0,0.0,False,Brentford,0.0,0.0,0.0,1.0,0.0,0.0,0.0,0.0,0.0,1.0,True,-0.5513364271686799,-0.43116172897579036,0.12017469819288956
333,Jarell Quansah,23,2025-01-25 15:00:00+00:00,0.0,0.0,0.0,0.0,True,Ipswich,0.0,,,,,,,,,,,-0.5513364271686799,,
333,Jarell Quansah,24,2025-02-01 15:00:00+00:00,0.0,0.0,0.0,0.0,False,Bournemouth,0.0,0.6249,0.6249,1.0,0.0,1.0,0.6249,0.6249,0.0,1.0,True,-0.5513364271686799,2.4612535225810244,3.0125899497497044
333,Jarell Quansah,25,2025-02-16 14:00:00+00:00,2.0,0.0,0.0,46.0,True,Wolves,3.91304347826087,-0.04360952380952381,-0.07649051383399207,21.0,0.3333333333333333,0.23809523809523808,0.0,-0.04579000000000001,1.0,20.0,False,0.0523204334795266,-0.6330129880249129,-0.6853334215044395
333,Jarell Quansah,26,2025-02-23 16:30:00+00:00,1.0,0.0,0.0,1.0,False,Man City,1.0,0.17471818181818183,0.4236906832298136,11.0,0.36363636363636365,0.36363636363636365,0.4294,0.11812222222222221,2.0,9.0,False,-0.24950799684457664,0.3775397173599205,0.6270477142044971
333,Jarell Quansah,27,2025-02-26 20:15:00+00:00,1.0,0.0,0.0,13.0,True,Newcastle,1.0,-0.23551875,-0.3207480158730159,16.0,0.625,0.25,-0.7906,-0.19851333333333335,1.0,15.0,False,-0.24950799684457664,-1.5212849879413792,-1.2717769910968026
333,Jarell Quansah,28,2025-03-08 15:00:00+00:00,1.0,0.0,0.0,1.0,True,Southampton,1.0,0.1249,0.20596099290780143,13.0,0.3076923076923077,0.46153846153846156,0.1249,0.1249,0.0,13.0,False,-0.24950799684457664,0.14695103293722958,0.39645902978180625
333,Jarell Quansah,30,2025-04-02 19:00:00+00:00,0.0,0.0,0.0,0.0,True,Everton,0.0,,,,,,,,,,,-0.5513364271686799,,
333,Jarell Quansah,31,2025-04-06 13:00:00+00:00,0.0,0.0,0.0,0.0,False,Fulham,0.0,0.2202,0.023178947368421052,2.0,0.0,0.5,0.2202,0.2202,0.0,2.0,True,-0.5513364271686799,0.588057087463337,1.1393935146320169
333,Jarell Quansah,32,2025-04-13 13:00:00+00:00,1.0,0.0,0.0,22.0,True,West Ham,4.090909090909091,0.009958333333333342,-0.09409285714285713,12.0,0.25,0.3333333333333333,-0.7906,0.08273636363636362,1.0,11.0,False,-0.24950799684457664,-0.385068537723718,-0.13556054087914138
333,Jarell Quansah,33,2025-04-20 15:30:00+00:00,0.0,0.0,0.0,0.0,False,Leicester,0.0,,,,,,,,,,,-0.5513364271686799,,
333,Jarell Quansah,34,2025-04-27 15:30:00+00:00,0.0,0.0,0.0,0.0,True,Spurs,0.0,,,,,,,,,,,-0.5513364271686799,,
333,Jarell Quansah,35,2025-05-04 15:30:00+00:00,-2.0,0.0,0.0,90.0,False,Chelsea,-2.0,-0.24754666666666664,-0.26123598130841125,15.0,0.5333333333333333,0.26666666666666666,-0.2202,-0.25175384615384616,2.0,13.0,False,-1.1549932878168863,-1.5769574629151686,-0.4219641750982823
333,Jarell Quansah,36,2025-05-11 15:30:00+00:00,0.0,0.0,0.0,0.0,True,Arsenal,0.0,0.4215,0.4215,1.0,0.0,1.0,0.4215,0.4215,0.0,1.0,True,-0.5513364271686799,1.5197952697939288,2.071131696962609
333,Jarell Quansah,37,2025-05-19 19:00:00+00:00,1.0,0.0,0.0,90.0,False,Brighton,1.0,0.10195999999999998,0.10151333333333333,10.0,0.2,0.4,0.1591,0.08767499999999999,2.0,8.0,False,-0.24950799684457664,0.04077083471237221,0.29027883155694884
333,Jarell Quansah,38,2025-05-25 15:00:00+00:00,0.0,0.0,0.0,0.0,True,Crystal Palace,0.0,,,,,,,,,,,-0.5513364271686799,,
334,Rhys Williams,1,2024-08-17 11:30:00+00:00,0.0,0.0,0.0,0.0,False,Ipswich,0.0,,,,,,,,,,,-0.5513364271686799,,
334,Rhys Williams,2,2024-08-25 15:30:00+00:00,0.0,0.0,0.0,0.0,True,Brentford,0.0,,,,,,,,,,,-0.5513364271686799,,
334,Rhys Williams,3,2024-09-01 15:00:00+00:00,0.0,0.0,0.0,0.0,False,Man Utd,0.0,,,,,,,,,,,-0.5513364271686799,,
334,Rhys Williams,4,2024-09-14 14:00:00+00:00,0.0,0.0,0.0,0.0,True,Nott'm Forest,0.0,0.0,0.0,1.0,0.0,0.0,0.0,0.0,1.0,0.0,True,-0.5513364271686799,-0.43116172897579036,0.12017469819288956
334,Rhys Williams,5,2024-09-21 14:00:00+00:00,0.0,0.0,0.0,0.0,True,Bournemouth,0.0,,,,,,,,,,,-0.5513364271686799,,
334,Rhys Williams,6,2024-09-28 16:30:00+00:00,0.0,0.0,0.0,0.0,False,Wolves,0.0,0.5859,0.5859,1.0,0.0,1.0,0.5859,0.5859,1.0,0.0,True,-0.5513364271686799,2.2807379283888083,2.8320743555574883
334,Rhys Williams,7,2024-10-05 11:30:00+00:00,0.0,0.0,0.0,0.0,False,Crystal Palace,0.0,0.0,0.0,1.0,0.0,0.0,0.0,0.0,0.0,1.0,True,-0.5513364271686799,-0.43116172897579036,0.12017469819288956
334,Rhys Williams,8,2024-10-20 15:30:00+00:00,0.0,0.0,0.0,0.0,True,Chelsea,0.0,,,,,,,,,,,-0.5513364271686799,,
334,Rhys Williams,9,2024-10-27 16:30:00+00:00,0.0,0.0,0.0,0.0,False,Arsenal,0.0,,,,,,,,,,,-0.5513364271686799,,
334,Rhys Williams,10,2024-11-02 15:00:00+00:00,0.0,0.0,0.0,0.0,True,Brighton,0.0,0.0,0.0,1.0,0.0,0.0,0.0,0.0,1.0,0.0,True,-0.5513364271686799,-0.43116172897579036,0.12017469819288956
334,Rhys Williams,11,2024-11-09 20:00:00+00:00,0.0,0.0,0.0,0.0,True,Aston Villa,0.0,-0.148,-0.1326896551724138,2.0,0.5,0.0,-0.148,-0.148,0.0,2.0,True,-0.5513364271686799,-1.1161952659103536,-0.5648588387416736
334,Rhys Williams,12,2024-11-24 14:00:00+00:00,0.0,0.0,0.0,0.0,False,Southampton,0.0,0.6249,0.6249,1.0,0.0,1.0,0.6249,0.6249,1.0,0.0,True,-0.5513364271686799,2.4612535225810244,3.0125899497497044
334,Rhys Williams,13,2024-12-01 16:00:00+00:00,0.0,0.0,0.0,0.0,True,Man City,0.0,,,,,,,,,,,-0.5513364271686799,,
334,Rhys Williams,14,2024-12-04 19:30:00+00:00,0.0,0.0,0.0,0.0,False,Newcastle,0.0,-0.1027,-0.1027,1.0,1.0,0.0,-0.1027,-0.1027,0.0,1.0,True,-0.5513364271686799,-0.9065194603486257,-0.3551830331799458
334,Rhys Williams,16,2024-12-14 15:00:00+00:00,0.0,0.0,0.0,0.0,True,Fulham,0.0,,,,,,,,,,,-0.5513364271686799,,
334,Rhys Williams,17,2024-12-22 16:30:00+00:00,0.0,0.0,0.0,0.0,False,Spurs,0.0,0.4404,0.4404,1.0,0.0,1.0,0.4404,0.4404,0.0,1.0,True,-0.5513364271686799,1.6072759039024642,2.158612331071144
334,Rhys Williams,18,2024-12-26 20:00:00+00:00,0.0,0.0,0.0,0.0,True,Leicester,0.0,,,,,,,,,,,-0.5513364271686799,,
334,Rhys Williams,19,2024-12-29 17:15:00+00:00,0.0,0.0,0.0,0.0,False,West Ham,0.0,,,,,,,,,,,-0.5513364271686799,,
334,Rhys Williams,20,2025-01-05 16:30:00+00:00,0.0,0.0,0.0,0.0,True,Man Utd,0.0,,,,,,,,,,,-0.5513364271686799,,
334,Rhys Williams,21,2025-01-14 20:00:00+00:00,0.0,0.0,0.0,0.0,False,Nott'm Forest,0.0,,,,,,,,,,,-0.5513364271686799,,
334,Rhys Williams,22,2025-01-18 15:00:00+00:00,0.0,0.0,0.0,0.0,False,Brentford,0.0,0.2294,0.038233333333333334,2.0,0.0,0.5,0.2294,0.2294,0.0,2.0,True,-0.5513364271686799,0.6306402532727827,1.1819766804414626
334,Rhys Williams,23,2025-01-25 15:00:00+00:00,0.0,0.0,0.0,0.0,True,Ipswich,0.0,0.6249,0.6249,2.0,0.0,1.0,0.6249,0.6249,0.0,2.0,True,-0.5513364271686799,2.4612535225810244,3.0125899497497044
334,Rhys Williams,24,2025-02-01 15:00:00+00:00,0.0,0.0,0.0,0.0,False,Bournemouth,0.0,0.3182,0.3182,1.0,0.0,1.0,0.3182,0.3182,0.0,1.0,True,-0.5513364271686799,1.0416603754335207,1.5929968026022006
334,Rhys Williams,25,2025-02-16 14:00:00+00:00,0.0,0.0,0.0,0.0,True,Wolves,0.0,0.0,0.0,1.0,0.0,0.0,0.0,0.0,0.0,1.0,True,-0.5513364271686799,-0.43116172897579036,0.12017469819288956
334,Rhys Williams,26,2025-02-23 16:30:00+00:00,0.0,0.0,0.0,0.0,False,Man City,0.0,,,,,,,,,,,-0.5513364271686799,,
334,Rhys Williams,27,2025-02-26 20:15:00+00:00,0.0,0.0,0.0,0.0,True,Newcastle,0.0,,,,,,,,,,,-0.5513364271686799,,
334,Rhys Williams,28,2025-03-08 15:00:00+00:00,0.0,0.0,0.0,0.0,True,Southampton,0.0,0.3182,0.3182,1.0,0.0,1.0,0.3182,0.3182,0.0,1.0,True,-0.5513364271686799,1.0416603754335207,1.5929968026022006
334,Rhys Williams,30,2025-04-02 19:00:00+00:00,0.0,0.0,0.0,0.0,True,Everton,0.0,,,,,,,,,,,-0.5513364271686799,,
334,Rhys Williams,31,2025-04-06 13:00:00+00:00,0.0,0.0,0.0,0.0,False,Fulham,0.0,,,,,,,,,,,-0.5513364271686799,,
334,Rhys Williams,32,2025-04-13 13:00:00+00:00,0.0,0.0,0.0,0.0,True,West Ham,0.0,,,,,,,,,,,-0.5513364271686799,,
334,Rhys Williams,33,2025-04-20 15:30:00+00:00,0.0,0.0,0.0,0.0,False,Leicester,0.0,,,,,,,,,,,-0.5513364271686799,,
334,Rhys Williams,34,2025-04-27 15:30:00+00:00,0.0,0.0,0.0,0.0,True,Spurs,0.0,,,,,,,,,,,-0.5513364271686799,,
334,Rhys Williams,35,2025-05-04 15:30:00+00:00,0.0,0.0,0.0,0.0,False,Chelsea,0.0,-0.1027,-0.10269999999999999,1.0,1.0,0.0,-0.1027,-0.1027,1.0,0.0,True,-0.5513364271686799,-0.9065194603486257,-0.3551830331799458
334,Rhys Williams,36,2025-05-11 15:30:00+00:00,0.0,0.0,0.0,0.0,True,Arsenal,0.0,,,,,,,,,,,-0.5513364271686799,,
334,Rhys Williams,37,2025-05-19 19:00:00+00:00,0.0,0.0,0.0,0.0,False,Brighton,0.0,,,,,,,,,,,-0.5513364271686799,,
334,Rhys Williams,38,2025-05-25 15:00:00+00:00,0.0,0.0,0.0,0.0,True,Crystal Palace,0.0,,,,,,,,,,,-0.5513364271686799,,
335,Andrew Robertson,1,2024-08-17 11:30:00+00:00,6.0,0.0,0.0,78.0,False,Ipswich,6.9230769230769225,0.2628235294117647,0.2366135964912281,17.0,0.23529411764705882,0.5882352941176471,0.3529166666666667,0.21368181818181817,6.0,11.0,False,1.2596341547759395,0.785344567933442,-0.47428958684249756
335,Andrew Robertson,2,2024-08-25 15:30:00+00:00,6.0,0.0,0.0,90.0,True,Brentford,6.0,0.1172090909090909,0.23003166666666663,11.0,0.45454545454545453,0.45454545454545453,-0.2808333333333334,0.266475,3.0,8.0,False,1.2596341547759395,0.11135285282379956,-1.14828130195214
335,Andrew Robertson,3,2024-09-01 15:00:00+00:00,6.0,0.0,0.0,82.0,False,Man Utd,6.585365853658537,0.17702941176470585,0.19858620689655165,17.0,0.23529411764705882,0.4117647058823529,0.3995,0.12935714285714286,3.0,14.0,False,1.2596341547759395,0.38823748779868017,-0.8713966669772594
335,Andrew Robertson,4,2024-09-14 14:00:00+00:00,1.0,0.0,0.0,74.0,True,Nott'm Forest,1.2162162162162162,-0.08191666666666668,-0.17298698630136983,12.0,0.4166666666666667,0.16666666666666666,-0.4404,-0.049327272727272733,1.0,11.0,False,-0.24950799684457664,-0.8103216201957655,-0.5608136233511889
335,Andrew Robertson,5,2024-09-21 14:00:00+00:00,6.0,0.0,0.0,90.0,True,Bournemouth,6.0,0.48994,0.5339548387096774,10.0,0.1,0.8,0.4215,0.49754444444444446,1.0,9.0,False,1.2596341547759395,1.8365769945763712,0.5769428398004317
335,Andrew Robertson,6,2024-09-28 16:30:00+00:00,2.0,0.0,0.0,88.0,False,Wolves,2.0454545454545454,0.4233545454545455,0.28532256410256407,11.0,0.09090909090909091,0.9090909090909091,-0.8016,0.5458500000000001,1.0,10.0,False,0.0523204334795266,1.528379228119153,1.4760587946396264
335,Andrew Robertson,7,2024-10-05 11:30:00+00:00,1.0,0.0,0.0,11.0,False,Crystal Palace,1.0,0.09393125000000001,0.22398356164383562,16.0,0.25,0.25,0.146475,0.07641666666666669,4.0,12.0,False,-0.24950799684457664,0.003608922484917099,0.25311691932949376
335,Andrew Robertson,8,2024-10-20 15:30:00+00:00,2.0,0.0,0.0,90.0,True,Chelsea,2.0,0.054711111111111106,0.015866666666666664,9.0,0.1111111111111111,0.2222222222222222,0.0,0.061549999999999994,1.0,8.0,False,0.0523204334795266,-0.1779256076645449,-0.2302460411440715
335,Andrew Robertson,9,2024-10-27 16:30:00+00:00,1.0,0.0,0.0,62.0,False,Arsenal,1.4516129032258065,-0.016111111111111114,-0.12107816091954023,9.0,0.4444444444444444,0.3333333333333333,0.31245,-0.10998571428571428,2.0,7.0,False,-0.24950799684457664,-0.5057336980865349,-0.25622570124195826
335,Andrew Robertson,10,2024-11-02 15:00:00+00:00,0.0,0.0,0.0,0.0,True,Brighton,0.0,,,,,,,,,,,-0.5513364271686799,,
335,Andrew Robertson,11,2024-11-09 20:00:00+00:00,8.0,0.0,0.0,90.0,True,Aston Villa,8.0,0.3170928571428571,0.3320595238095238,14.0,0.07142857142857142,0.6428571428571429,0.4215,0.3090615384615384,1.0,13.0,False,1.8632910154241462,1.0365358484921665,-0.8267551669319797
335,Andrew Robertson,12,2024-11-24 14:00:00+00:00,1.0,0.0,0.0,90.0,False,Southampton,1.0,-0.08177777777777777,0.17188333333333336,9.0,0.4444444444444444,0.2222222222222222,0.6696,-0.1757,1.0,8.0,False,-0.24950799684457664,-0.8096787583930866,-0.5601707615485099
335,Andrew Robertson,13,2024-12-01 16:00:00+00:00,6.0,0.0,0.0,90.0,True,Man City,6.0,0.14101176470588234,-0.02275185185185183,17.0,0.35294117647058826,0.47058823529411764,0.11869999999999999,0.14579285714285714,3.0,14.0,False,1.2596341547759395,0.22152602727998663,-1.038108127495953
335,Andrew Robertson,14,2024-12-04 19:30:00+00:00,1.0,0.0,0.0,90.0,False,Newcastle,1.0,-0.05170526315789474,-0.061586010362694316,19.0,0.3684210526315789,0.15789473684210525,0.008559999999999993,-0.07322857142857142,5.0,14.0,False,-0.24950799684457664,-0.670484967483797,-0.4209769706392204
335,Andrew Robertson,16,2024-12-14 15:00:00+00:00,-3.0,0.0,0.0,16.0,True,Fulham,-16.875,-0.2698565217391304,-0.4701678125,23.0,0.5652173913043478,0.13043478260869565,-0.2068625,-0.30345333333333335,8.0,15.0,False,-1.4568217181409895,-1.6802209691907588,-0.22339925104976932
335,Andrew Robertson,17,2024-12-22 16:30:00+00:00,1.0,0.0,0.0,90.0,False,Spurs,1.0,-0.15113636363636365,-0.16260595238095238,11.0,0.36363636363636365,0.18181818181818182,-0.15113636363636365,-0.15113636363636365,0.0,11.0,False,-0.24950799684457664,-1.130712254254483,-0.8812042574099064
335,Andrew Robertson,18,2024-12-26 20:00:00+00:00,1.0,0.0,0.0,85.0,True,Leicester,1.0588235294117647,-0.0005400000000000072,-0.08445909090909089,15.0,0.2,0.2,-0.092275,0.03281818181818181,4.0,11.0,False,-0.24950799684457664,-0.4336611756646057,-0.18415317882002907
335,Andrew Robertson,19,2024-12-29 17:15:00+00:00,6.0,0.0,0.0,73.0,False,West Ham,7.397260273972603,0.13520000000000001,0.011197948717948719,11.0,0.2727272727272727,0.45454545454545453,-0.0719,0.2128625,3.0,8.0,False,1.2596341547759395,0.19462566422389185,-1.0650084905520476
335,Andrew Robertson,20,2025-01-05 16:30:00+00:00,1.0,0.0,0.0,90.0,True,Man Utd,1.0,0.030209090909090897,0.13420701754385964,11.0,0.36363636363636365,0.36363636363636365,-0.23276666666666668,0.128825,3.0,8.0,False,-0.24950799684457664,-0.29133578037422075,-0.041827783529644114
335,Andrew Robertson,21,2025-01-14 20:00:00+00:00,2.0,0.0,0.0,64.0,False,Nott'm Forest,2.8125,0.091425,0.11482331606217613,16.0,0.25,0.3125,0.0,0.10448571428571429,2.0,14.0,False,0.0523204334795266,-0.00799151874442243,-0.06031195222394903
335,Andrew Robertson,22,2025-01-18 15:00:00+00:00,1.0,0.0,0.0,25.0,False,Brentford,3.5999999999999996,0.13221333333333335,0.39236973684210524,15.0,0.2,0.3333333333333333,-0.05622500000000001,0.20073636363636363,4.0,11.0,False,-0.24950799684457664,0.18080156401908626,0.4303095608636629
335,Andrew Robertson,23,2025-01-25 15:00:00+00:00,2.0,0.0,0.0,90.0,True,Ipswich,2.0,0.18490000000000004,0.051699999999999996,11.0,0.2727272727272727,0.45454545454545453,0.6608999999999999,0.006399999999999989,3.0,8.0,False,0.0523204334795266,0.4246673316944852,0.3723468982149586
335,Andrew Robertson,24,2025-02-01 15:00:00+00:00,8.0,0.0,0.0,158.0,False,Bournemouth,4.556962025316456,0.10075806451612905,0.06035946666666666,31.0,0.2903225806451613,0.45161290322580644,0.28996666666666665,0.05534799999999999,6.0,25.0,False,1.8632910154241462,0.03520755014694479,-1.8280834652772013
335,Andrew Robertson,25,2025-02-16 14:00:00+00:00,3.0,0.0,0.0,180.0,True,Wolves,1.5,-0.05089090909090908,-0.07437388059701489,22.0,0.3181818181818182,0.3181818181818182,-0.13756,-0.025400000000000006,5.0,17.0,False,0.35414886380362987,-0.6667156441944442,-1.020864507998074
335,Andrew Robertson,26,2025-02-23 16:30:00+00:00,6.0,0.0,0.0,73.0,False,Man City,7.397260273972603,0.14806842105263157,0.2934757322175731,19.0,0.2631578947368421,0.47368421052631576,0.0,0.16548823529411766,2.0,17.0,False,1.2596341547759395,0.2541885019836715,-1.0054456527922682
335,Andrew Robertson,27,2025-02-26 20:15:00+00:00,0.0,0.0,0.0,0.0,True,Newcastle,0.0,,,,,,,,,,,-0.5513364271686799,,
335,Andrew Robertson,28,2025-03-08 15:00:00+00:00,1.0,0.0,0.0,45.0,True,Southampton,2.0,0.022411764705882367,-0.224792,17.0,0.23529411764705882,0.35294117647058826,-0.130425,0.06943846153846155,4.0,13.0,False,-0.24950799684457664,-0.32742652326352134,-0.0779185264189447
335,Andrew Robertson,30,2025-04-02 19:00:00+00:00,7.0,0.0,0.0,90.0,True,Everton,7.0,0.3663409090909091,0.36926809338521394,22.0,0.13636363636363635,0.6363636363636364,0.4215,0.36371428571428577,1.0,21.0,False,1.5614625851000428,1.2644856269591338,-0.29697695814090896
335,Andrew Robertson,31,2025-04-06 13:00:00+00:00,1.0,0.0,0.0,81.0,False,Fulham,1.1111111111111112,0.06360714285714286,0.03191574074074076,14.0,0.21428571428571427,0.35714285714285715,0.17984,-0.0009666666666666836,5.0,9.0,False,-0.24950799684457664,-0.13674939082896184,0.1127586060156148
335,Andrew Robertson,32,2025-04-13 13:00:00+00:00,-1.0,0.0,0.0,30.0,True,West Ham,-3.0,-0.14534090909090908,-0.25464373177842564,22.0,0.3181818181818182,0.13636363636363635,0.0,-0.16828947368421052,3.0,19.0,False,-0.853164857492783,-1.103887384488157,-0.2507225269953739
335,Andrew Robertson,33,2025-04-20 15:30:00+00:00,0.0,0.0,0.0,0.0,False,Leicester,0.0,,,,,,,,,,,-0.5513364271686799,,
335,Andrew Robertson,34,2025-04-27 15:30:00+00:00,2.0,0.0,0.0,90.0,True,Spurs,2.0,-0.3895461538461538,-0.4033659176029963,13.0,0.7692307692307693,0.0,-0.49265000000000003,-0.3437222222222222,4.0,9.0,False,0.0523204334795266,-2.2342169963304275,-2.286537429809954
335,Andrew Robertson,35,2025-05-04 15:30:00+00:00,0.0,0.0,0.0,0.0,False,Chelsea,0.0,-0.1027,-0.1027,1.0,1.0,0.0,-0.1027,-0.1027,0.0,1.0,True,-0.5513364271686799,-0.9065194603486257,-0.3551830331799458
335,Andrew Robertson,36,2025-05-11 15:30:00+00:00,4.0,0.0,1.0,90.0,True,Arsenal,4.0,0.30816875,0.2837864516129033,16.0,0.1875,0.5625,0.8281999999999999,0.1881615384615385,3.0,13.0,False,0.6559772941277332,0.9952296817350421,0.3392523876073089
335,Andrew Robertson,37,2025-05-19 19:00:00+00:00,0.0,0.0,0.0,0.0,False,Brighton,0.0,,,,,,,,,,,-0.5513364271686799,,
335,Andrew Robertson,38,2025-05-25 15:00:00+00:00,2.0,0.0,0.0,84.0,True,Crystal Palace,2.142857142857143,-0.16147333333333333,-0.04955067873303165,15.0,0.4666666666666667,0.2,0.3348,-0.23782307692307691,2.0,13.0,False,0.0523204334795266,-1.1785580036646217,-1.2308784371441484
336,Dominik Szoboszlai,1,2024-08-17 11:30:00+00:00,7.0,0.0,1.0,90.0,False,Ipswich,7.0,0.2839842105263158,0.3731443579766537,19.0,0.2631578947368421,0.5263157894736842,0.33525,0.27795294117647057,2.0,17.0,False,1.5614625851000428,0.8832890019053701,-0.6781735831946727
336,Dominik Szoboszlai,2,2024-08-25 15:30:00+00:00,2.0,0.0,0.0,90.0,True,Brentford,2.0,-0.052850000000000036,-0.010570666666666662,16.0,0.375,0.3125,0.0377,-0.08303333333333333,4.0,12.0,False,0.0523204334795266,-0.6757835021311397,-0.7281039356106663
336,Dominik Szoboszlai,3,2024-09-01 15:00:00+00:00,6.0,0.0,1.0,90.0,False,Man Utd,6.0,0.23855652173913047,0.08667862318840582,23.0,0.34782608695652173,0.5217391304347826,-0.41995,0.3012714285714286,2.0,21.0,False,1.2596341547759395,0.673022175387477,-0.5866119793884625
336,Dominik Szoboszlai,4,2024-09-14 14:00:00+00:00,1.0,0.0,0.0,90.0,True,Nott'm Forest,1.0,-0.16337272727272725,-0.39000342465753424,11.0,0.45454545454545453,0.18181818181818182,-0.1027,-0.16943999999999998,1.0,10.0,False,-0.24950799684457664,-1.1873495479101293,-0.9378415510655527
336,Dominik Szoboszlai,5,2024-09-21 14:00:00+00:00,3.0,0.0,0.0,60.0,True,Bournemouth,4.5,0.11783529411764704,0.16879353448275863,17.0,0.23529411764705882,0.4117647058823529,0.12079999999999999,0.1169230769230769,4.0,13.0,False,0.35414886380362987,0.11425130011296836,-0.2398975636906615
336,Dominik Szoboszlai,6,2024-09-28 16:30:00+00:00,2.0,0.0,0.0,72.0,False,Wolves,2.5,-0.029081249999999996,-0.08317619047619047,16.0,0.25,0.25,-0.0033000000000000065,-0.04455,6.0,10.0,False,0.0523204334795266,-0.5657673475296975,-0.6180877810092241
336,Dominik Szoboszlai,7,2024-10-05 11:30:00+00:00,1.0,0.0,0.0,45.0,False,Crystal Palace,2.0,0.17955714285714283,0.11794751381215471,14.0,0.21428571428571427,0.5,-0.05135,0.21804166666666666,2.0,12.0,False,-0.24950799684457664,0.399937356519434,0.6494453533640107
336,Dominik Szoboszlai,8,2024-10-20 15:30:00+00:00,1.0,0.0,0.0,90.0,True,Chelsea,1.0,0.16963333333333336,0.18883,15.0,0.13333333333333333,0.5333333333333333,0.0,0.18175000000000002,1.0,14.0,False,-0.24950799684457664,0.3540039623440279,0.6035119591886046
336,Dominik Szoboszlai,9,2024-10-27 16:30:00+00:00,1.0,0.0,0.0,27.0,False,Arsenal,3.3333333333333335,0.09480714285714287,0.14521592356687898,14.0,0.21428571428571427,0.2857142857142857,-0.8271,0.16572307692307692,1.0,13.0,False,-0.24950799684457664,0.007663084524810973,0.2571710813693876
336,Dominik Szoboszlai,10,2024-11-02 15:00:00+00:00,2.0,0.0,0.0,65.0,True,Brighton,2.769230769230769,-0.00033571428571428045,0.1764877192982456,14.0,0.21428571428571427,0.35714285714285715,-0.2235,0.06052727272727272,3.0,11.0,False,0.0523204334795266,-0.43271561779026546,-0.48503605126979205
336,Dominik Szoboszlai,11,2024-11-09 20:00:00+00:00,1.0,0.0,0.0,25.0,True,Aston Villa,3.5999999999999996,-0.2673083333333333,-0.5304102040816325,12.0,0.5,0.16666666666666666,-0.41355,-0.23806,2.0,10.0,False,-0.24950799684457664,-1.6684264116475236,-1.418918414802947
336,Dominik Szoboszlai,12,2024-11-24 14:00:00+00:00,10.0,1.0,0.0,90.0,False,Southampton,10.0,0.3683942857142857,0.5175639097744361,35.0,0.17142857142857143,0.6285714285714286,0.3828571428571429,0.36477857142857145,7.0,28.0,False,2.4669478760723527,1.2739898962224474,-1.1929579798499053
336,Dominik Szoboszlai,13,2024-12-01 16:00:00+00:00,3.0,0.0,0.0,90.0,True,Man City,3.0,-0.013577777777777775,-0.3125564356435644,9.0,0.3333333333333333,0.3333333333333333,-0.013577777777777775,-0.013577777777777775,0.0,9.0,False,0.35414886380362987,-0.4940078988056729,-0.8481567626093027
336,Dominik Szoboszlai,14,2024-12-04 19:30:00+00:00,1.0,0.0,0.0,23.0,False,Newcastle,3.91304347826087,0.09344705882352941,-0.06552061403508769,17.0,0.17647058823529413,0.35294117647058826,0.24348,0.030933333333333337,5.0,12.0,False,-0.24950799684457664,0.001367792794578178,0.2508757896391548
336,Dominik Szoboszlai,16,2024-12-14 15:00:00+00:00,2.0,0.0,0.0,78.0,True,Fulham,2.3076923076923075,0.020021428571428572,-0.26077359550561796,14.0,0.2857142857142857,0.35714285714285715,-0.37439999999999996,0.17778999999999998,4.0,10.0,False,0.0523204334795266,-0.33849044499762526,-0.39081087847715185
336,Dominik Szoboszlai,17,2024-12-22 16:30:00+00:00,17.0,1.0,3.0,90.0,False,Spurs,17.0,0.5040473684210527,0.6464211165048543,19.0,0.15789473684210525,0.8421052631578947,0.34615,0.5461533333333334,4.0,15.0,False,4.5797468883410755,1.9018744302947004,-2.677872458046375
336,Dominik Szoboszlai,18,2024-12-26 20:00:00+00:00,0.0,0.0,0.0,12.0,True,Leicester,0.0,-0.26198,-0.4871697841726619,20.0,0.6,0.15,-0.24546666666666664,-0.2648941176470588,3.0,17.0,False,-0.5513364271686799,-1.643763661449553,-1.0924272342808732
336,Dominik Szoboszlai,19,2024-12-29 17:15:00+00:00,0.0,0.0,0.0,0.0,False,West Ham,0.0,-0.1696333333333333,-0.5926277777777778,3.0,0.3333333333333333,0.3333333333333333,-0.25444999999999995,0.0,2.0,1.0,False,-0.5513364271686799,-1.2163274202956083,-0.6649909931269283
336,Dominik Szoboszlai,20,2025-01-05 16:30:00+00:00,0.0,0.0,0.0,0.0,True,Man Utd,0.0,,,,,,,,,,,-0.5513364271686799,,
336,Dominik Szoboszlai,21,2025-01-14 20:00:00+00:00,2.0,0.0,0.0,90.0,False,Nott'm Forest,2.0,-0.07212142857142857,-0.13987330097087378,14.0,0.42857142857142855,0.14285714285714285,0.0,-0.09179090909090909,3.0,11.0,False,0.0523204334795266,-0.7649833323748388,-0.8173037658543655
336,Dominik Szoboszlai,22,2025-01-18 15:00:00+00:00,2.0,0.0,0.0,79.0,False,Brentford,2.278481012658228,-0.09181764705882352,-0.2638162011173184,17.0,0.35294117647058826,0.23529411764705882,-0.5428999999999999,0.004842857142857141,3.0,14.0,False,0.0523204334795266,-0.8561493473387314,-0.908469780818258
336,Dominik Szoboszlai,23,2025-01-25 15:00:00+00:00,13.0,1.0,1.0,67.0,True,Ipswich,17.46268656716418,0.26546000000000003,0.26052731958762887,20.0,0.25,0.65,0.46014,0.20056666666666664,5.0,15.0,False,3.372433167044662,0.7975477488258934,-2.5748854182187686
336,Dominik Szoboszlai,24,2025-02-01 15:00:00+00:00,5.0,0.0,0.0,180.0,False,Bournemouth,2.5,0.10175517241379309,0.08986651685393261,29.0,0.2413793103448276,0.41379310344827586,0.10432000000000001,0.10122083333333332,5.0,24.0,False,0.9578057244518364,0.03982276872695953,-0.9179829557248769
336,Dominik Szoboszlai,25,2025-02-16 14:00:00+00:00,4.0,0.0,0.0,180.0,True,Wolves,2.0,-0.020943999999999997,-0.11374430894308943,25.0,0.2,0.16,0.0,-0.021816666666666665,1.0,24.0,False,0.6559772941277332,-0.5281032316619897,-1.184080525789723
336,Dominik Szoboszlai,26,2025-02-23 16:30:00+00:00,13.0,1.0,1.0,90.0,False,Man City,13.0,0.09361666666666664,0.06787647058823527,24.0,0.4166666666666667,0.4583333333333333,0.13899999999999998,0.07848888888888889,6.0,18.0,False,3.372433167044662,0.002152840501849384,-3.370280326542813
336,Dominik Szoboszlai,27,2025-02-26 20:15:00+00:00,11.0,1.0,0.0,90.0,True,Newcastle,11.0,0.29390869565217387,0.432246004842615,23.0,0.13043478260869565,0.6086956521739131,0.5136166666666667,0.21636470588235296,6.0,17.0,False,2.7687763063964557,0.9292255231757824,-1.8395507832206732
336,Dominik Szoboszlai,28,2025-03-08 15:00:00+00:00,1.0,0.0,0.0,45.0,True,Southampton,2.0,-0.14504615384615382,-0.40227499999999994,13.0,0.38461538461538464,0.23076923076923078,-0.14504615384615382,-0.14504615384615382,0.0,13.0,False,-0.24950799684457664,-1.1025230788946117,-0.8530150820500351
336,Dominik Szoboszlai,30,2025-04-02 19:00:00+00:00,3.0,0.0,0.0,90.0,True,Everton,3.0,0.22326666666666667,0.32803626943005176,15.0,0.2,0.6,-0.1027,0.24655000000000002,1.0,14.0,False,0.35414886380362987,0.6022514760664855,0.24810261226285568
336,Dominik Szoboszlai,31,2025-04-06 13:00:00+00:00,1.0,0.0,0.0,54.0,False,Fulham,1.6666666666666667,-0.0457,-0.1617935779816514,9.0,0.3333333333333333,0.2222222222222222,-0.47583333333333333,0.16936666666666667,3.0,6.0,False,-0.24950799684457664,-0.6426889765292332,-0.39318097968465654
336,Dominik Szoboszlai,32,2025-04-13 13:00:00+00:00,1.0,0.0,0.0,22.0,True,West Ham,4.090909090909091,-0.2591733333333333,-0.40203597883597886,15.0,0.6,0.06666666666666667,-0.4008,-0.23738461538461542,2.0,13.0,False,-0.24950799684457664,-1.630772710141019,-1.3812647132964424
336,Dominik Szoboszlai,33,2025-04-20 15:30:00+00:00,3.0,0.0,0.0,70.0,False,Leicester,3.857142857142857,0.17227777777777778,0.3621154929577465,9.0,0.1111111111111111,0.3333333333333333,0.0,0.2215,2.0,7.0,False,0.35414886380362987,0.3662440510670327,0.012095187263402862
336,Dominik Szoboszlai,34,2025-04-27 15:30:00+00:00,9.0,0.0,2.0,67.0,True,Spurs,12.08955223880597,0.19305454545454542,0.15378265895953755,11.0,0.36363636363636365,0.45454545454545453,-0.4404,0.25639999999999996,1.0,10.0,False,2.165119445748249,0.46241150138922094,-1.7027079443590283
336,Dominik Szoboszlai,35,2025-05-04 15:30:00+00:00,1.0,0.0,0.0,21.0,False,Chelsea,4.285714285714286,-0.18687058823529412,-0.26393406113537116,17.0,0.47058823529411764,0.23529411764705882,-0.2362,-0.1802933333333333,2.0,15.0,False,-0.24950799684457664,-1.2961118641640734,-1.0466038673194968
336,Dominik Szoboszlai,36,2025-05-11 15:30:00+00:00,5.0,0.0,1.0,90.0,True,Arsenal,5.0,0.1452875,0.1977796610169492,8.0,0.375,0.375,-0.296,0.20832857142857145,1.0,7.0,False,0.9578057244518364,0.2413167169524554,-0.716489007499381
336,Dominik Szoboszlai,37,2025-05-19 19:00:00+00:00,7.0,1.0,0.0,63.0,False,Brighton,10.0,0.13309230769230768,0.14670255102040813,13.0,0.23076923076923078,0.46153846153846156,0.33525,0.09633636363636366,2.0,11.0,False,1.5614625851000428,0.18486998911370095,-1.3765925959863419
336,Dominik Szoboszlai,38,2025-05-25 15:00:00+00:00,2.0,0.0,0.0,60.0,True,Crystal Palace,3.0,0.039266666666666665,0.09206933333333334,15.0,0.26666666666666666,0.26666666666666666,-0.135775,0.10291818181818181,4.0,11.0,False,0.0523204334795266,-0.249411840122431,-0.3017322736019576
337,Konstantinos Tsimikas,1,2024-08-17 11:30:00+00:00,1.0,0.0,0.0,11.0,False,Ipswich,1.0,-0.038275,-0.07580487804878049,12.0,0.25,0.16666666666666666,-0.038275,-0.038275,0.0,12.0,False,-0.24950799684457664,-0.6083215845580228,-0.3588135877134461
337,Konstantinos Tsimikas,2,2024-08-25 15:30:00+00:00,0.0,0.0,0.0,0.0,True,Brentford,0.0,0.6249,0.6249,1.0,0.0,1.0,0.6249,0.6249,0.0,1.0,True,-0.5513364271686799,2.4612535225810244,3.0125899497497044
337,Konstantinos Tsimikas,3,2024-09-01 15:00:00+00:00,1.0,0.0,0.0,7.0,False,Man Utd,1.0,0.04149411764705881,0.06020807174887896,17.0,0.47058823529411764,0.4117647058823529,-0.296,0.06258749999999999,1.0,16.0,False,-0.24950799684457664,-0.23910184942346888,0.010406147421107764
337,Konstantinos Tsimikas,4,2024-09-14 14:00:00+00:00,1.0,0.0,0.0,15.0,True,Nott'm Forest,6.0,-0.008114285714285723,-0.041806451612903237,14.0,0.42857142857142855,0.2857142857142857,-0.008114285714285723,-0.008114285714285723,0.0,14.0,False,-0.24950799684457664,-0.4687195522362954,-0.21921155539171877
337,Konstantinos Tsimikas,5,2024-09-21 14:00:00+00:00,0.0,0.0,0.0,0.0,True,Bournemouth,0.0,,,,,,,,,,,-0.5513364271686799,,
337,Konstantinos Tsimikas,6,2024-09-28 16:30:00+00:00,0.0,0.0,0.0,0.0,False,Wolves,0.0,,,,,,,,,,,-0.5513364271686799,,
337,Konstantinos Tsimikas,7,2024-10-05 11:30:00+00:00,6.0,0.0,0.0,78.0,False,Crystal Palace,6.9230769230769225,0.41868947368421056,0.484743253968254,19.0,0.05263157894736842,0.7894736842105263,0.52905,0.38926000000000005,4.0,15.0,False,1.2596341547759395,1.506786453694247,0.24715229891830748
337,Konstantinos Tsimikas,8,2024-10-20 15:30:00+00:00,0.0,0.0,0.0,0.0,True,Chelsea,0.0,,,,,,,,,,,-0.5513364271686799,,
337,Konstantinos Tsimikas,9,2024-10-27 16:30:00+00:00,1.0,0.0,0.0,27.0,False,Arsenal,3.3333333333333335,0.0830111111111111,0.04789259259259261,9.0,0.2222222222222222,0.3333333333333333,0.0830111111111111,0.0830111111111111,0.0,9.0,False,-0.24950799684457664,-0.046936086750706124,0.20257191009387052
337,Konstantinos Tsimikas,10,2024-11-02 15:00:00+00:00,3.0,0.0,0.0,90.0,True,Brighton,3.0,0.27245555555555556,0.46177300613496935,9.0,0.0,0.4444444444444444,0.72235,0.14391428571428572,2.0,7.0,False,0.35414886380362987,0.8299274121032207,0.4757785482995909
337,Konstantinos Tsimikas,11,2024-11-09 20:00:00+00:00,0.0,0.0,0.0,0.0,True,Aston Villa,0.0,,,,,,,,,,,-0.5513364271686799,,
337,Konstantinos Tsimikas,12,2024-11-24 14:00:00+00:00,0.0,0.0,0.0,0.0,False,Southampton,0.0,,,,,,,,,,,-0.5513364271686799,,
337,Konstantinos Tsimikas,13,2024-12-01 16:00:00+00:00,0.0,0.0,0.0,0.0,True,Man City,0.0,,,,,,,,,,,-0.5513364271686799,,
337,Konstantinos Tsimikas,14,2024-12-04 19:30:00+00:00,0.0,0.0,0.0,0.0,False,Newcastle,0.0,,,,,,,,,,,-0.5513364271686799,,
337,Konstantinos Tsimikas,16,2024-12-14 15:00:00+00:00,0.0,0.0,0.0,0.0,True,Fulham,0.0,0.0,0.0,1.0,0.0,0.0,0.0,0.0,0.0,1.0,True,-0.5513364271686799,-0.43116172897579036,0.12017469819288956
337,Konstantinos Tsimikas,17,2024-12-22 16:30:00+00:00,0.0,0.0,0.0,0.0,False,Spurs,0.0,,,,,,,,,,,-0.5513364271686799,,
337,Konstantinos Tsimikas,18,2024-12-26 20:00:00+00:00,1.0,0.0,0.0,4.0,True,Leicester,1.0,0.06262999999999999,0.35675677966101693,10.0,0.4,0.3,-0.296,0.1522875,2.0,8.0,False,-0.24950799684457664,-0.14127219912300865,0.108235797721568
337,Konstantinos Tsimikas,19,2024-12-29 17:15:00+00:00,1.0,0.0,0.0,16.0,False,West Ham,5.625,-0.11105714285714283,-0.3526694704049844,21.0,0.47619047619047616,0.23809523809523808,-0.145175,-0.10302941176470587,4.0,17.0,False,-0.24950799684457664,-0.9452013733898149,-0.6956933765452382
337,Konstantinos Tsimikas,20,2025-01-05 16:30:00+00:00,0.0,0.0,0.0,0.0,True,Man Utd,0.0,,,,,,,,,,,-0.5513364271686799,,
337,Konstantinos Tsimikas,21,2025-01-14 20:00:00+00:00,4.0,0.0,1.0,25.0,False,Nott'm Forest,14.399999999999999,0.40046666666666664,0.48759767441860474,9.0,0.0,0.7777777777777778,0.4404,0.395475,1.0,8.0,False,0.6559772941277332,1.4224402783962462,0.766462984268513
337,Konstantinos Tsimikas,22,2025-01-18 15:00:00+00:00,5.0,0.0,0.0,64.0,False,Brentford,7.03125,0.04806250000000001,-0.1616378787878788,8.0,0.375,0.5,0.04806250000000001,0.04806250000000001,0.0,8.0,False,0.9578057244518364,-0.20869940215878052,-1.166505126610617
337,Konstantinos Tsimikas,23,2025-01-25 15:00:00+00:00,0.0,0.0,0.0,0.0,True,Ipswich,0.0,0.31245,0.4933421052631579,2.0,0.0,0.5,0.31245,0.31245,0.0,2.0,True,-0.5513364271686799,1.015045896802617,1.5663823239712968
337,Konstantinos Tsimikas,24,2025-02-01 15:00:00+00:00,1.0,0.0,0.0,21.0,False,Bournemouth,4.285714285714286,-0.4273999999999999,-0.6370079754601226,15.0,0.6666666666666666,0.06666666666666667,-0.5435,-0.3983749999999999,3.0,12.0,False,-0.24950799684457664,-2.4094274971233056,-2.159919500278729
337,Konstantinos Tsimikas,25,2025-02-16 14:00:00+00:00,0.0,0.0,0.0,0.0,True,Wolves,0.0,0.377,0.6786,2.0,0.0,0.5,0.377,0.377,0.0,2.0,True,-0.5513364271686799,1.313822348215631,1.865158775384311
337,Konstantinos Tsimikas,26,2025-02-23 16:30:00+00:00,1.0,0.0,0.0,16.0,False,Man City,5.625,-0.033636363636363624,0.019957142857142885,11.0,0.2727272727272727,0.2727272727272727,0.8718,-0.12417999999999998,1.0,10.0,False,-0.24950799684457664,-0.586851169188191,-0.3373431723436144
337,Konstantinos Tsimikas,27,2025-02-26 20:15:00+00:00,6.0,0.0,0.0,90.0,True,Newcastle,6.0,0.29850000000000004,0.48912074074074074,14.0,0.14285714285714285,0.5714285714285714,0.11459999999999998,0.32915,2.0,12.0,False,1.2596341547759395,0.9504768573415554,-0.30915729743438414
337,Konstantinos Tsimikas,28,2025-03-08 15:00:00+00:00,0.0,0.0,0.0,45.0,True,Southampton,0.0,-0.14384814814814814,-0.34939052631578954,27.0,0.48148148148148145,0.18518518518518517,-0.19825,-0.1118470588235294,10.0,17.0,False,-0.5513364271686799,-1.0969779837556077,-0.5456415565869278
337,Konstantinos Tsimikas,30,2025-04-02 19:00:00+00:00,0.0,0.0,0.0,0.0,True,Everton,0.0,0.0,0.0,1.0,0.0,0.0,0.0,0.0,0.0,1.0,True,-0.5513364271686799,-0.43116172897579036,0.12017469819288956
337,Konstantinos Tsimikas,31,2025-04-06 13:00:00+00:00,0.0,0.0,0.0,0.0,False,Fulham,0.0,0.0,0.0,1.0,0.0,0.0,0.0,0.0,0.0,1.0,True,-0.5513364271686799,-0.43116172897579036,0.12017469819288956
337,Konstantinos Tsimikas,32,2025-04-13 13:00:00+00:00,1.0,0.0,0.0,59.0,True,West Ham,1.5254237288135593,0.13345,-0.09252366863905329,16.0,0.1875,0.5,-0.040733333333333344,0.17364615384615384,3.0,13.0,False,-0.24950799684457664,0.18652560551013855,0.4360336023547152
337,Konstantinos Tsimikas,33,2025-04-20 15:30:00+00:00,8.0,0.0,0.0,90.0,False,Leicester,8.0,0.431325,0.6028342222222222,12.0,0.08333333333333333,0.75,0.431325,0.431325,0.0,12.0,False,1.8632910154241462,1.5652713137154295,-0.2980197017087167
337,Konstantinos Tsimikas,34,2025-04-27 15:30:00+00:00,0.0,0.0,0.0,0.0,True,Spurs,0.0,-0.8399,-0.8399,1.0,1.0,0.0,-0.8399,-0.8399,0.0,1.0,True,-0.5513364271686799,-4.318727051079437,-3.7673906239107566
337,Konstantinos Tsimikas,35,2025-05-04 15:30:00+00:00,1.0,0.0,0.0,81.0,False,Chelsea,1.1111111111111112,-0.13444,-0.21699606741573033,15.0,0.4,0.13333333333333333,-0.8016,-0.08678571428571427,1.0,14.0,False,-0.24950799684457664,-1.0534313823912138,-0.8039233855466372
337,Konstantinos Tsimikas,36,2025-05-11 15:30:00+00:00,0.0,0.0,0.0,0.0,True,Arsenal,0.0,0.3182,0.3182,1.0,0.0,1.0,0.3182,0.3182,0.0,1.0,True,-0.5513364271686799,1.0416603754335207,1.5929968026022006
337,Konstantinos Tsimikas,37,2025-05-19 19:00:00+00:00,1.0,0.0,0.0,90.0,False,Brighton,1.0,-0.03808666666666669,-0.22896241134751774,15.0,0.26666666666666666,0.2,-0.36307500000000004,0.08009090909090909,4.0,11.0,False,-0.24950799684457664,-0.6074498639535905,-0.3579418671090138
337,Konstantinos Tsimikas,38,2025-05-25 15:00:00+00:00,0.0,0.0,0.0,0.0,True,Crystal Palace,0.0,,,,,,,,,,,-0.5513364271686799,,
338,Sepp van den Berg,1,2024-08-17 11:30:00+00:00,0.0,0.0,0.0,0.0,False,Ipswich,0.0,,,,,,,,,,,-0.5513364271686799,,
339,Virgil van Dijk,1,2024-08-17 11:30:00+00:00,6.0,0.0,0.0,90.0,False,Ipswich,6.0,0.4052857142857143,0.5812964601769911,14.0,0.14285714285714285,0.5714285714285714,0.0,0.4728333333333334,2.0,12.0,False,1.2596341547759395,1.4447457462011943,0.1851115914252548
339,Virgil van Dijk,2,2024-08-25 15:30:00+00:00,7.0,0.0,0.0,90.0,True,Brentford,7.0,0.13180000000000003,0.33676666666666666,18.0,0.3333333333333333,0.3888888888888889,0.0,0.13955294117647057,1.0,17.0,False,1.5614625851000428,0.1788884072943141,-1.3825741778057288
339,Virgil van Dijk,3,2024-09-01 15:00:00+00:00,5.0,0.0,0.0,90.0,False,Man Utd,5.0,0.19756666666666667,0.09628447488584475,12.0,0.3333333333333333,0.6666666666666666,-0.2561333333333333,0.3488,3.0,9.0,False,0.9578057244518364,0.48329632809879447,-0.47450939635304196
339,Virgil van Dijk,4,2024-09-14 14:00:00+00:00,2.0,0.0,0.0,90.0,True,Nott'm Forest,2.0,0.03313333333333333,-0.16478410256410256,18.0,0.2777777777777778,0.3888888888888889,-0.41355,0.08896875000000001,2.0,16.0,False,0.0523204334795266,-0.27780061732872824,-0.3301210508082548
339,Virgil van Dijk,5,2024-09-21 14:00:00+00:00,6.0,0.0,0.0,90.0,True,Bournemouth,6.0,0.34043913043478263,0.39224092526690396,23.0,0.17391304347826086,0.6521739130434783,0.36985,0.3376380952380953,2.0,21.0,False,1.2596341547759395,1.1445965252989818,-0.11503762947695773
339,Virgil van Dijk,6,2024-09-28 16:30:00+00:00,2.0,0.0,0.0,90.0,False,Wolves,2.0,0.3034555555555556,0.5604615384615385,9.0,0.2222222222222222,0.7777777777777778,0.3034555555555556,0.3034555555555556,0.0,9.0,False,0.0523204334795266,0.9734141664611361,0.9210937329816095
339,Virgil van Dijk,7,2024-10-05 11:30:00+00:00,8.0,0.0,0.0,90.0,False,Crystal Palace,8.0,0.31105,0.4858642424242425,12.0,0.08333333333333333,0.5,0.377,0.29786,2.0,10.0,False,1.8632910154241462,1.0085658498316143,-0.8547251655925319
339,Virgil van Dijk,8,2024-10-20 15:30:00+00:00,2.0,0.0,0.0,90.0,True,Chelsea,2.0,0.06624615384615383,-0.0035525423728814064,13.0,0.23076923076923078,0.38461538461538464,0.0797,0.060266666666666656,4.0,9.0,False,0.0523204334795266,-0.12453445142483102,-0.17685488490435763
339,Virgil van Dijk,9,2024-10-27 16:30:00+00:00,7.0,1.0,0.0,90.0,False,Arsenal,7.0,0.30285454545454543,0.25709777777777776,22.0,0.045454545454545456,0.5909090909090909,0.4588,0.2954285714285715,1.0,21.0,False,1.5614625851000428,0.9706323281149983,-0.5908302569850444
339,Virgil van Dijk,10,2024-11-02 15:00:00+00:00,5.0,0.0,1.0,90.0,True,Brighton,5.0,0.23988333333333334,0.1848175925925926,12.0,0.16666666666666666,0.5,0.23988333333333334,0.23988333333333334,0.0,12.0,False,0.9578057244518364,0.679163462138981,-0.2786422623128554
339,Virgil van Dijk,11,2024-11-09 20:00:00+00:00,6.0,0.0,0.0,90.0,True,Aston Villa,6.0,0.14746,0.10037719298245615,15.0,0.4666666666666667,0.4666666666666667,-0.1027,0.16532857142857144,1.0,14.0,False,1.2596341547759395,0.25137236126995766,-1.0082617935059819
339,Virgil van Dijk,12,2024-11-24 14:00:00+00:00,1.0,0.0,0.0,90.0,False,Southampton,1.0,-0.12243636363636363,-0.30096,11.0,0.45454545454545453,0.2727272727272727,-0.43579999999999997,-0.004924999999999992,3.0,8.0,False,-0.24950799684457664,-0.997871291348929,-0.7483632945043523
339,Virgil van Dijk,13,2024-12-01 16:00:00+00:00,6.0,0.0,0.0,90.0,True,Man City,6.0,0.26265000000000005,0.33178584474885847,16.0,0.3125,0.5625,0.664375,0.12874166666666667,4.0,12.0,False,1.2596341547759395,0.7845413688340954,-0.4750927859418441
339,Virgil van Dijk,14,2024-12-04 19:30:00+00:00,1.0,0.0,0.0,90.0,False,Newcastle,1.0,-0.07115333333333333,-0.03895588235294115,15.0,0.4666666666666667,0.26666666666666666,0.23285999999999998,-0.22316000000000003,5.0,10.0,False,-0.24950799684457664,-0.7605024019353667,-0.51099440509079
339,Virgil van Dijk,16,2024-12-14 15:00:00+00:00,1.0,0.0,0.0,90.0,True,Fulham,1.0,0.024399999999999998,0.042649145299145284,16.0,0.25,0.3125,0.15825,-0.02021666666666667,4.0,12.0,False,-0.24950799684457664,-0.3182237674811732,-0.06871577063659656
339,Virgil van Dijk,17,2024-12-22 16:30:00+00:00,1.0,0.0,0.0,90.0,False,Spurs,1.0,-0.014700000000000024,0.16425345911949682,12.0,0.4166666666666667,0.3333333333333333,0.25286666666666663,-0.10388888888888889,3.0,9.0,False,-0.24950799684457664,-0.499202222171318,-0.24969422532674135
339,Virgil van Dijk,18,2024-12-26 20:00:00+00:00,2.0,0.0,0.0,90.0,True,Leicester,2.0,-0.022087499999999996,-0.06177018633540371,16.0,0.3125,0.3125,-0.20413333333333336,0.01992307692307693,3.0,13.0,False,0.0523204334795266,-0.533396041455805,-0.5857164749353316
339,Virgil van Dijk,19,2024-12-29 17:15:00+00:00,6.0,0.0,0.0,90.0,False,West Ham,6.0,0.20885,0.1928912195121951,14.0,0.14285714285714285,0.5714285714285714,0.33432000000000006,0.13914444444444443,5.0,9.0,False,1.2596341547759395,0.5355224209484228,-0.7241117338275167
339,Virgil van Dijk,20,2025-01-05 16:30:00+00:00,1.0,0.0,0.0,90.0,True,Man Utd,1.0,0.060150000000000016,0.07430350877192986,10.0,0.4,0.4,0.6705,-0.007666666666666655,1.0,9.0,False,-0.24950799684457664,-0.15275113947164176,0.09675685737293488
339,Virgil van Dijk,21,2025-01-14 20:00:00+00:00,2.0,0.0,0.0,90.0,False,Nott'm Forest,2.0,0.15262307692307692,0.1470562162162162,13.0,0.15384615384615385,0.38461538461538464,0.8588,0.093775,1.0,12.0,False,0.0523204334795266,0.2752702048245563,0.2229497713450297
339,Virgil van Dijk,22,2025-01-18 15:00:00+00:00,6.0,0.0,0.0,90.0,False,Brentford,6.0,0.18961666666666666,0.2356491525423729,24.0,0.375,0.5,0.0,0.19786086956521745,1.0,23.0,False,1.2596341547759395,0.4464989185134581,-0.8131352362624815
339,Virgil van Dijk,23,2025-01-25 15:00:00+00:00,2.0,0.0,0.0,90.0,True,Ipswich,2.0,-0.1282111111111111,-0.21656438356164381,9.0,0.2222222222222222,0.1111111111111111,-0.73605,0.045457142857142856,2.0,7.0,False,0.0523204334795266,-1.0246003162646735,-1.0769207497442002
339,Virgil van Dijk,24,2025-02-01 15:00:00+00:00,6.0,0.0,0.0,180.0,False,Bournemouth,3.0,-0.07149166666666668,-0.21534262820512823,24.0,0.3333333333333333,0.25,0.057033333333333304,-0.11433333333333334,6.0,18.0,False,1.2596341547759395,-0.7620684132866923,-2.021702568062632
339,Virgil van Dijk,25,2025-02-16 14:00:00+00:00,2.0,0.0,0.0,180.0,True,Wolves,1.0,0.1891387096774194,0.1578380664652568,31.0,0.22580645161290322,0.5806451612903226,0.31245,0.17087037037037034,4.0,27.0,False,0.0523204334795266,0.44428664441314286,0.3919662109336163
339,Virgil van Dijk,26,2025-02-23 16:30:00+00:00,6.0,0.0,0.0,90.0,False,Man City,6.0,0.39576999999999996,0.5394926056338029,20.0,0.05,0.65,0.3821,0.39918750000000003,4.0,16.0,False,1.2596341547759395,1.4007012636768588,0.14106710890091922
339,Virgil van Dijk,27,2025-02-26 20:15:00+00:00,7.0,0.0,0.0,90.0,True,Newcastle,7.0,0.1612333333333333,0.16864626865671645,21.0,0.38095238095238093,0.42857142857142855,-0.07974,0.2365375,5.0,16.0,False,1.5614625851000428,0.31512368051801193,-1.2463389045820308
339,Virgil van Dijk,28,2025-03-08 15:00:00+00:00,2.0,0.0,0.0,90.0,True,Southampton,2.0,-0.06720909090909091,-0.23482314814814811,11.0,0.2727272727272727,0.18181818181818182,0.0,-0.08214444444444445,2.0,9.0,False,0.0523204334795266,-0.7422460618110008,-0.7945664952905275
339,Virgil van Dijk,30,2025-04-02 19:00:00+00:00,8.0,0.0,0.0,90.0,True,Everton,8.0,0.12493333333333334,0.02258317757009346,21.0,0.38095238095238093,0.42857142857142855,-0.17694000000000001,0.21926875,5.0,16.0,False,1.8632910154241462,0.14710531976987257,-1.7161856956542736
339,Virgil van Dijk,31,2025-04-06 13:00:00+00:00,1.0,0.0,0.0,90.0,False,Fulham,1.0,-0.18891999999999998,-0.3639259803921569,15.0,0.5333333333333333,0.26666666666666666,-0.08284999999999998,-0.2052384615384615,2.0,13.0,False,-0.24950799684457664,-1.3055977816628015,-1.056089784818225
339,Virgil van Dijk,32,2025-04-13 13:00:00+00:00,9.0,1.0,0.0,90.0,True,West Ham,9.0,0.22981666666666664,0.1269549019607843,24.0,0.3333333333333333,0.5833333333333334,-0.148,0.2641636363636364,2.0,22.0,False,2.165119445748249,0.632568838680819,-1.5325506070674302
339,Virgil van Dijk,33,2025-04-20 15:30:00+00:00,7.0,0.0,0.0,90.0,False,Leicester,7.0,0.2021090909090909,0.4060303448275862,11.0,0.2727272727272727,0.45454545454545453,0.2021090909090909,0.2021090909090909,0.0,11.0,False,1.5614625851000428,0.504321415565316,-1.0571411695347268
339,Virgil van Dijk,34,2025-04-27 15:30:00+00:00,2.0,0.0,0.0,90.0,True,Spurs,2.0,0.17656428571428573,0.22980051282051284,14.0,0.2857142857142857,0.5714285714285714,0.5037,0.12204166666666667,2.0,12.0,False,0.0523204334795266,0.38608460304570924,0.33376416956618266
339,Virgil van Dijk,35,2025-05-04 15:30:00+00:00,6.0,1.0,0.0,90.0,False,Chelsea,6.0,0.4692636363636364,0.6084068322981366,11.0,0.0,0.9090909090909091,0.4692636363636364,0.4692636363636364,0.0,11.0,False,1.2596341547759395,1.740874274895538,0.4812401201195984
339,Virgil van Dijk,36,2025-05-11 15:30:00+00:00,1.0,0.0,0.0,90.0,True,Arsenal,1.0,-0.09498000000000001,-0.10929685039370082,10.0,0.4,0.1,-0.1027,-0.09412222222222225,1.0,9.0,False,-0.24950799684457664,-0.8707866299085256,-0.621278633063949
339,Virgil van Dijk,37,2025-05-19 19:00:00+00:00,0.0,0.0,0.0,0.0,False,Brighton,0.0,,,,,,,,,,,-0.5513364271686799,,
339,Virgil van Dijk,38,2025-05-25 15:00:00+00:00,1.0,0.0,0.0,90.0,True,Crystal Palace,1.0,-0.1445071428571428,-0.24799288888888887,14.0,0.5,0.21428571428571427,0.09415000000000001,-0.18428333333333333,2.0,12.0,False,-0.24950799684457664,-1.1000282099469847,-0.8505202131024081
636,Federico Chiesa,3,2024-09-01 15:00:00+00:00,0.0,0.0,0.0,0.0,False,Man Utd,0.0,0.21075,0.3412142857142857,2.0,0.0,0.5,0.0,0.4215,1.0,1.0,True,-0.5513364271686799,0.5443167704090691,1.095653197577749
636,Federico Chiesa,4,2024-09-14 14:00:00+00:00,0.0,0.0,0.0,0.0,True,Nott'm Forest,0.0,,,,,,,,,,,-0.5513364271686799,,
636,Federico Chiesa,5,2024-09-21 14:00:00+00:00,1.0,0.0,0.0,18.0,True,Bournemouth,5.0,0.13453571428571426,0.23142115384615383,14.0,0.07142857142857142,0.35714285714285715,0.156225,0.12586,4.0,10.0,False,-0.24950799684457664,0.19155094805907918,0.4410589449036558
636,Federico Chiesa,6,2024-09-28 16:30:00+00:00,0.0,0.0,0.0,0.0,False,Wolves,0.0,,,,,,,,,,,-0.5513364271686799,,
636,Federico Chiesa,7,2024-10-05 11:30:00+00:00,0.0,0.0,0.0,0.0,False,Crystal Palace,0.0,,,,,,,,,,,-0.5513364271686799,,
636,Federico Chiesa,8,2024-10-20 15:30:00+00:00,0.0,0.0,0.0,0.0,True,Chelsea,0.0,,,,,,,,,,,-0.5513364271686799,,
636,Federico Chiesa,9,2024-10-27 16:30:00+00:00,0.0,0.0,0.0,0.0,False,Arsenal,0.0,0.0,0.0,1.0,0.0,0.0,0.0,0.0,0.0,1.0,True,-0.5513364271686799,-0.43116172897579036,0.12017469819288956
636,Federico Chiesa,10,2024-11-02 15:00:00+00:00,0.0,0.0,0.0,0.0,True,Brighton,0.0,,,,,,,,,,,-0.5513364271686799,,
636,Federico Chiesa,11,2024-11-09 20:00:00+00:00,0.0,0.0,0.0,0.0,True,Aston Villa,0.0,0.0,0.0,1.0,0.0,0.0,0.0,0.0,0.0,1.0,True,-0.5513364271686799,-0.43116172897579036,0.12017469819288956
636,Federico Chiesa,12,2024-11-24 14:00:00+00:00,0.0,0.0,0.0,0.0,False,Southampton,0.0,,,,,,,,,,,-0.5513364271686799,,
636,Federico Chiesa,13,2024-12-01 16:00:00+00:00,0.0,0.0,0.0,0.0,True,Man City,0.0,,,,,,,,,,,-0.5513364271686799,,
636,Federico Chiesa,14,2024-12-04 19:30:00+00:00,0.0,0.0,0.0,0.0,False,Newcastle,0.0,0.0,0.0,1.0,0.0,0.0,0.0,0.0,0.0,1.0,True,-0.5513364271686799,-0.43116172897579036,0.12017469819288956
636,Federico Chiesa,16,2024-12-14 15:00:00+00:00,0.0,0.0,0.0,0.0,True,Fulham,0.0,,,,,,,,,,,-0.5513364271686799,,
636,Federico Chiesa,17,2024-12-22 16:30:00+00:00,0.0,0.0,0.0,0.0,False,Spurs,0.0,0.0,0.0,1.0,0.0,0.0,0.0,0.0,0.0,1.0,True,-0.5513364271686799,-0.43116172897579036,0.12017469819288956
636,Federico Chiesa,18,2024-12-26 20:00:00+00:00,0.0,0.0,0.0,0.0,True,Leicester,0.0,,,,,,,,,,,-0.5513364271686799,,
636,Federico Chiesa,19,2024-12-29 17:15:00+00:00,0.0,0.0,0.0,0.0,False,West Ham,0.0,,,,,,,,,,,-0.5513364271686799,,
636,Federico Chiesa,20,2025-01-05 16:30:00+00:00,0.0,0.0,0.0,0.0,True,Man Utd,0.0,,,,,,,,,,,-0.5513364271686799,,
636,Federico Chiesa,21,2025-01-14 20:00:00+00:00,0.0,0.0,0.0,0.0,False,Nott'm Forest,0.0,,,,,,,,,,,-0.5513364271686799,,
636,Federico Chiesa,22,2025-01-18 15:00:00+00:00,1.0,0.0,0.0,3.0,False,Brentford,1.0,-0.024313333333333336,0.03562211221122114,15.0,0.26666666666666666,0.2,-0.148,-0.005284615384615383,2.0,13.0,False,-0.24950799684457664,-0.5436985447055359,-0.2941905478609593
636,Federico Chiesa,23,2025-01-25 15:00:00+00:00,1.0,0.0,0.0,4.0,True,Ipswich,1.0,0.011261538461538455,-0.013856353591160235,13.0,0.38461538461538464,0.23076923076923078,-0.12535,0.07197777777777775,4.0,9.0,False,-0.24950799684457664,-0.37903651597827476,-0.12952851913369812
636,Federico Chiesa,24,2025-02-01 15:00:00+00:00,0.0,0.0,0.0,0.0,False,Bournemouth,0.0,0.3182,0.3182,1.0,0.0,1.0,0.3182,0.3182,0.0,1.0,True,-0.5513364271686799,1.0416603754335207,1.5929968026022006
636,Federico Chiesa,25,2025-02-16 14:00:00+00:00,0.0,0.0,0.0,0.0,True,Wolves,0.0,,,,,,,,,,,-0.5513364271686799,,
636,Federico Chiesa,26,2025-02-23 16:30:00+00:00,0.0,0.0,0.0,0.0,False,Man City,0.0,,,,,,,,,,,-0.5513364271686799,,
636,Federico Chiesa,27,2025-02-26 20:15:00+00:00,0.0,0.0,0.0,0.0,True,Newcastle,0.0,0.0,0.0,1.0,0.0,0.0,0.0,0.0,0.0,1.0,True,-0.5513364271686799,-0.43116172897579036,0.12017469819288956
636,Federico Chiesa,28,2025-03-08 15:00:00+00:00,0.0,0.0,0.0,0.0,True,Southampton,0.0,,,,,,,,,,,-0.5513364271686799,,
636,Federico Chiesa,30,2025-04-02 19:00:00+00:00,0.0,0.0,0.0,0.0,True,Everton,0.0,,,,,,,,,,,-0.5513364271686799,,
636,Federico Chiesa,31,2025-04-06 13:00:00+00:00,1.0,0.0,0.0,8.0,False,Fulham,1.0,0.08174999999999999,0.14623837209302326,12.0,0.25,0.4166666666666667,0.08174999999999999,0.08174999999999999,0.0,12.0,False,-0.24950799684457664,-0.05277327191902994,0.1967347249255467
636,Federico Chiesa,32,2025-04-13 13:00:00+00:00,0.0,0.0,0.0,0.0,True,West Ham,0.0,-0.4008,-0.1336,2.0,0.5,0.0,-0.4008,-0.4008,0.0,2.0,True,-0.5513364271686799,-2.286306604674256,-1.7349701775055761
636,Federico Chiesa,33,2025-04-20 15:30:00+00:00,0.0,0.0,0.0,0.0,False,Leicester,0.0,,,,,,,,,,,-0.5513364271686799,,
636,Federico Chiesa,34,2025-04-27 15:30:00+00:00,0.0,0.0,0.0,0.0,True,Spurs,0.0,,,,,,,,,,,-0.5513364271686799,,
636,Federico Chiesa,35,2025-05-04 15:30:00+00:00,1.0,0.0,0.0,8.0,False,Chelsea,1.0,0.1204111111111111,0.13189745762711866,9.0,0.1111111111111111,0.3333333333333333,0.0,0.1548142857142857,2.0,7.0,False,-0.24950799684457664,0.1261737394746497,0.3756817363192263
636,Federico Chiesa,36,2025-05-11 15:30:00+00:00,0.0,0.0,0.0,0.0,True,Arsenal,0.0,,,,,,,,,,,-0.5513364271686799,,
636,Federico Chiesa,37,2025-05-19 19:00:00+00:00,2.0,0.0,0.0,62.0,False,Brighton,2.903225806451613,0.27558,0.4419055555555556,15.0,0.13333333333333333,0.5333333333333333,0.1046,0.3377545454545455,4.0,11.0,False,0.0523204334795266,0.8443892312162836,0.792068797736757
636,Federico Chiesa,38,2025-05-25 15:00:00+00:00,0.0,0.0,0.0,0.0,True,Crystal Palace,0.0,,,,,,,,,,,-0.5513364271686799,,
660,Vítezslav Jaros,5,2024-09-21 14:00:00+00:00,0.0,0.0,0.0,0.0,True,Bournemouth,0.0,,,,,,,,,,,-0.5513364271686799,,
660,Vítezslav Jaros,6,2024-09-28 16:30:00+00:00,0.0,0.0,0.0,0.0,False,Wolves,0.0,,,,,,,,,,,-0.5513364271686799,,
660,Vítezslav Jaros,7,2024-10-05 11:30:00+00:00,1.0,0.0,0.0,11.0,False,Crystal Palace,1.0,0.021309999999999996,-0.19149261744966442,10.0,0.3,0.4,-0.7906,0.1115222222222222,1.0,9.0,False,-0.24950799684457664,-0.33252615686717185,-0.08301816002259521
660,Vítezslav Jaros,8,2024-10-20 15:30:00+00:00,0.0,0.0,0.0,0.0,True,Chelsea,0.0,0.4588,0.45880000000000004,1.0,0.0,1.0,0.4588,0.4588,0.0,1.0,True,-0.5513364271686799,1.6924422355213558,2.2437786626900356
660,Vítezslav Jaros,9,2024-10-27 16:30:00+00:00,0.0,0.0,0.0,0.0,False,Arsenal,0.0,0.3182,0.3182,1.0,0.0,1.0,0.3182,0.3182,0.0,1.0,True,-0.5513364271686799,1.0416603754335207,1.5929968026022006
660,Vítezslav Jaros,10,2024-11-02 15:00:00+00:00,0.0,0.0,0.0,0.0,True,Brighton,0.0,,,,,,,,,,,-0.5513364271686799,,
660,Vítezslav Jaros,11,2024-11-09 20:00:00+00:00,0.0,0.0,0.0,0.0,True,Aston Villa,0.0,,,,,,,,,,,-0.5513364271686799,,
660,Vítezslav Jaros,12,2024-11-24 14:00:00+00:00,0.0,0.0,0.0,0.0,False,Southampton,0.0,,,,,,,,,,,-0.5513364271686799,,
660,Vítezslav Jaros,13,2024-12-01 16:00:00+00:00,0.0,0.0,0.0,0.0,True,Man City,0.0,,,,,,,,,,,-0.5513364271686799,,
660,Vítezslav Jaros,14,2024-12-04 19:30:00+00:00,0.0,0.0,0.0,0.0,False,Newcastle,0.0,,,,,,,,,,,-0.5513364271686799,,
660,Vítezslav Jaros,16,2024-12-14 15:00:00+00:00,0.0,0.0,0.0,0.0,True,Fulham,0.0,0.754,0.754,1.0,0.0,1.0,0.754,0.754,0.0,1.0,True,-0.5513364271686799,3.0588064254070524,3.6101428525757324
660,Vítezslav Jaros,17,2024-12-22 16:30:00+00:00,0.0,0.0,0.0,0.0,False,Spurs,0.0,,,,,,,,,,,-0.5513364271686799,,
660,Vítezslav Jaros,18,2024-12-26 20:00:00+00:00,0.0,0.0,0.0,0.0,True,Leicester,0.0,-0.1027,-0.1027,1.0,1.0,0.0,-0.1027,-0.1027,0.0,1.0,True,-0.5513364271686799,-0.9065194603486257,-0.3551830331799458
660,Vítezslav Jaros,19,2024-12-29 17:15:00+00:00,0.0,0.0,0.0,0.0,False,West Ham,0.0,,,,,,,,,,,-0.5513364271686799,,
660,Vítezslav Jaros,20,2025-01-05 16:30:00+00:00,0.0,0.0,0.0,0.0,True,Man Utd,0.0,0.0,0.0,1.0,0.0,0.0,0.0,0.0,1.0,0.0,True,-0.5513364271686799,-0.43116172897579036,0.12017469819288956
660,Vítezslav Jaros,21,2025-01-14 20:00:00+00:00,0.0,0.0,0.0,0.0,False,Nott'm Forest,0.0,-0.1027,-0.1027,1.0,1.0,0.0,-0.1027,-0.1027,0.0,1.0,True,-0.5513364271686799,-0.9065194603486257,-0.3551830331799458
660,Vítezslav Jaros,22,2025-01-18 15:00:00+00:00,0.0,0.0,0.0,0.0,False,Brentford,0.0,,,,,,,,,,,-0.5513364271686799,,
660,Vítezslav Jaros,23,2025-01-25 15:00:00+00:00,0.0,0.0,0.0,0.0,True,Ipswich,0.0,,,,,,,,,,,-0.5513364271686799,,
660,Vítezslav Jaros,24,2025-02-01 15:00:00+00:00,0.0,0.0,0.0,0.0,False,Bournemouth,0.0,,,,,,,,,,,-0.5513364271686799,,
660,Vítezslav Jaros,25,2025-02-16 14:00:00+00:00,0.0,0.0,0.0,0.0,True,Wolves,0.0,0.5232,0.5571,2.0,0.0,1.0,0.5232,0.5232,0.0,2.0,True,-0.5513364271686799,1.9905243961874766,2.5418608233561564
660,Vítezslav Jaros,26,2025-02-23 16:30:00+00:00,0.0,0.0,0.0,0.0,False,Man City,0.0,,,,,,,,,,,-0.5513364271686799,,
660,Vítezslav Jaros,27,2025-02-26 20:15:00+00:00,0.0,0.0,0.0,0.0,True,Newcastle,0.0,,,,,,,,,,,-0.5513364271686799,,
660,Vítezslav Jaros,28,2025-03-08 15:00:00+00:00,0.0,0.0,0.0,0.0,True,Southampton,0.0,,,,,,,,,,,-0.5513364271686799,,
660,Vítezslav Jaros,30,2025-04-02 19:00:00+00:00,0.0,0.0,0.0,0.0,True,Everton,0.0,,,,,,,,,,,-0.5513364271686799,,
660,Vítezslav Jaros,31,2025-04-06 13:00:00+00:00,0.0,0.0,0.0,0.0,False,Fulham,0.0,,,,,,,,,,,-0.5513364271686799,,
660,Vítezslav Jaros,32,2025-04-13 13:00:00+00:00,0.0,0.0,0.0,0.0,True,West Ham,0.0,,,,,,,,,,,-0.5513364271686799,,
660,Vítezslav Jaros,33,2025-04-20 15:30:00+00:00,0.0,0.0,0.0,0.0,False,Leicester,0.0,,,,,,,,,,,-0.5513364271686799,,
660,Vítezslav Jaros,34,2025-04-27 15:30:00+00:00,0.0,0.0,0.0,0.0,True,Spurs,0.0,,,,,,,,,,,-0.5513364271686799,,
660,Vítezslav Jaros,35,2025-05-04 15:30:00+00:00,0.0,0.0,0.0,0.0,False,Chelsea,0.0,,,,,,,,,,,-0.5513364271686799,,
660,Vítezslav Jaros,36,2025-05-11 15:30:00+00:00,0.0,0.0,0.0,0.0,True,Arsenal,0.0,,,,,,,,,,,-0.5513364271686799,,
660,Vítezslav Jaros,37,2025-05-19 19:00:00+00:00,0.0,0.0,0.0,0.0,False,Brighton,0.0,0.0,0.0,1.0,0.0,0.0,0.0,0.0,0.0,1.0,True,-0.5513364271686799,-0.43116172897579036,0.12017469819288956
660,Vítezslav Jaros,38,2025-05-25 15:00:00+00:00,0.0,0.0,0.0,0.0,True,Crystal Palace,0.0,,,,,,,,,,,-0.5513364271686799,,
669,Harvey Davies,9,2024-10-27 16:30:00+00:00,0.0,0.0,0.0,0.0,False,Arsenal,0.0,,,,,,,,,,,-0.5513364271686799,,
669,Harvey Davies,10,2024-11-02 15:00:00+00:00,0.0,0.0,0.0,0.0,True,Brighton,0.0,,,,,,,,,,,-0.5513364271686799,,
669,Harvey Davies,11,2024-11-09 20:00:00+00:00,0.0,0.0,0.0,0.0,True,Aston Villa,0.0,0.0,0.0,1.0,0.0,0.0,0.0,0.0,0.0,1.0,True,-0.5513364271686799,-0.43116172897579036,0.12017469819288956
669,Harvey Davies,12,2024-11-24 14:00:00+00:00,0.0,0.0,0.0,0.0,False,Southampton,0.0,,,,,,,,,,,-0.5513364271686799,,
669,Harvey Davies,13,2024-12-01 16:00:00+00:00,0.0,0.0,0.0,0.0,True,Man City,0.0,,,,,,,,,,,-0.5513364271686799,,
669,Harvey Davies,14,2024-12-04 19:30:00+00:00,0.0,0.0,0.0,0.0,False,Newcastle,0.0,,,,,,,,,,,-0.5513364271686799,,
669,Harvey Davies,16,2024-12-14 15:00:00+00:00,0.0,0.0,0.0,0.0,True,Fulham,0.0,,,,,,,,,,,-0.5513364271686799,,
669,Harvey Davies,17,2024-12-22 16:30:00+00:00,0.0,0.0,0.0,0.0,False,Spurs,0.0,,,,,,,,,,,-0.5513364271686799,,
669,Harvey Davies,18,2024-12-26 20:00:00+00:00,0.0,0.0,0.0,0.0,True,Leicester,0.0,,,,,,,,,,,-0.5513364271686799,,
669,Harvey Davies,19,2024-12-29 17:15:00+00:00,0.0,0.0,0.0,0.0,False,West Ham,0.0,,,,,,,,,,,-0.5513364271686799,,
669,Harvey Davies,20,2025-01-05 16:30:00+00:00,0.0,0.0,0.0,0.0,True,Man Utd,0.0,,,,,,,,,,,-0.5513364271686799,,
669,Harvey Davies,21,2025-01-14 20:00:00+00:00,0.0,0.0,0.0,0.0,False,Nott'm Forest,0.0,,,,,,,,,,,-0.5513364271686799,,
669,Harvey Davies,22,2025-01-18 15:00:00+00:00,0.0,0.0,0.0,0.0,False,Brentford,0.0,,,,,,,,,,,-0.5513364271686799,,
669,Harvey Davies,23,2025-01-25 15:00:00+00:00,0.0,0.0,0.0,0.0,True,Ipswich,0.0,0.0,0.0,1.0,0.0,0.0,0.0,0.0,0.0,1.0,True,-0.5513364271686799,-0.43116172897579036,0.12017469819288956
669,Harvey Davies,24,2025-02-01 15:00:00+00:00,0.0,0.0,0.0,0.0,False,Bournemouth,0.0,,,,,,,,,,,-0.5513364271686799,,
669,Harvey Davies,25,2025-02-16 14:00:00+00:00,0.0,0.0,0.0,0.0,True,Wolves,0.0,0.17804999999999999,0.037675,2.0,0.5,0.5,0.17804999999999999,0.17804999999999999,0.0,2.0,True,-0.5513364271686799,0.39296138758636495,0.9442978147550449
669,Harvey Davies,26,2025-02-23 16:30:00+00:00,0.0,0.0,0.0,0.0,False,Man City,0.0,,,,,,,,,,,-0.5513364271686799,,
669,Harvey Davies,27,2025-02-26 20:15:00+00:00,0.0,0.0,0.0,0.0,True,Newcastle,0.0,0.4588,0.4588,1.0,0.0,1.0,0.4588,0.4588,0.0,1.0,True,-0.5513364271686799,1.6924422355213558,2.2437786626900356
669,Harvey Davies,28,2025-03-08 15:00:00+00:00,0.0,0.0,0.0,0.0,True,Southampton,0.0,,,,,,,,,,,-0.5513364271686799,,
669,Harvey Davies,30,2025-04-02 19:00:00+00:00,0.0,0.0,0.0,0.0,True,Everton,0.0,,,,,,,,,,,-0.5513364271686799,,
669,Harvey Davies,31,2025-04-06 13:00:00+00:00,0.0,0.0,0.0,0.0,False,Fulham,0.0,0.33525,0.36103846153846153,2.0,0.0,0.5,0.33525,0.33525,0.0,2.0,True,-0.5513364271686799,1.1205780903303741,1.671914517499054
669,Harvey Davies,32,2025-04-13 13:00:00+00:00,0.0,0.0,0.0,0.0,True,West Ham,0.0,,,,,,,,,,,-0.5513364271686799,,
669,Harvey Davies,33,2025-04-20 15:30:00+00:00,0.0,0.0,0.0,0.0,False,Leicester,0.0,,,,,,,,,,,-0.5513364271686799,,
669,Harvey Davies,34,2025-04-27 15:30:00+00:00,0.0,0.0,0.0,0.0,True,Spurs,0.0,,,,,,,,,,,-0.5513364271686799,,
669,Harvey Davies,35,2025-05-04 15:30:00+00:00,0.0,0.0,0.0,0.0,False,Chelsea,0.0,,,,,,,,,,,-0.5513364271686799,,
669,Harvey Davies,36,2025-05-11 15:30:00+00:00,0.0,0.0,0.0,0.0,True,Arsenal,0.0,-0.8399,-0.8399,1.0,1.0,0.0,-0.8399,-0.8399,0.0,1.0,True,-0.5513364271686799,-4.318727051079437,-3.7673906239107566
669,Harvey Davies,37,2025-05-19 19:00:00+00:00,0.0,0.0,0.0,0.0,False,Brighton,0.0,,,,,,,,,,,-0.5513364271686799,,
669,Harvey Davies,38,2025-05-25 15:00:00+00:00,0.0,0.0,0.0,0.0,True,Crystal Palace,0.0,,,,,,,,,,,-0.5513364271686799,,
688,Trey Nyoni,13,2024-12-01 16:00:00+00:00,0.0,0.0,0.0,0.0,True,Man City,0.0,,,,,,,,,,,-0.5513364271686799,,
688,Trey Nyoni,14,2024-12-04 19:30:00+00:00,0.0,0.0,0.0,0.0,False,Newcastle,0.0,,,,,,,,,,,-0.5513364271686799,,
688,Trey Nyoni,16,2024-12-14 15:00:00+00:00,0.0,0.0,0.0,0.0,True,Fulham,0.0,,,,,,,,,,,-0.5513364271686799,,
688,Trey Nyoni,17,2024-12-22 16:30:00+00:00,0.0,0.0,0.0,0.0,False,Spurs,0.0,,,,,,,,,,,-0.5513364271686799,,
688,Trey Nyoni,18,2024-12-26 20:00:00+00:00,0.0,0.0,0.0,0.0,True,Leicester,0.0,0.0,0.0,1.0,0.0,0.0,0.0,0.0,0.0,1.0,True,-0.5513364271686799,-0.43116172897579036,0.12017469819288956
688,Trey Nyoni,19,2024-12-29 17:15:00+00:00,0.0,0.0,0.0,0.0,False,West Ham,0.0,,,,,,,,,,,-0.5513364271686799,,
688,Trey Nyoni,20,2025-01-05 16:30:00+00:00,0.0,0.0,0.0,0.0,True,Man Utd,0.0,-0.31845,-0.48316551724137935,2.0,0.5,0.0,-0.31845,-0.31845,0.0,2.0,True,-0.5513364271686799,-1.9051409846299232,-1.3538045574612432
688,Trey Nyoni,21,2025-01-14 20:00:00+00:00,0.0,0.0,0.0,0.0,False,Nott'm Forest,0.0,,,,,,,,,,,-0.5513364271686799,,
688,Trey Nyoni,22,2025-01-18 15:00:00+00:00,0.0,0.0,0.0,0.0,False,Brentford,0.0,-0.148,-0.21630769230769228,2.0,0.5,0.0,-0.148,-0.148,0.0,2.0,True,-0.5513364271686799,-1.1161952659103536,-0.5648588387416736
688,Trey Nyoni,23,2025-01-25 15:00:00+00:00,0.0,0.0,0.0,0.0,True,Ipswich,0.0,0.0,0.0,1.0,0.0,0.0,0.0,0.0,0.0,1.0,True,-0.5513364271686799,-0.43116172897579036,0.12017469819288956
688,Trey Nyoni,24,2025-02-01 15:00:00+00:00,0.0,0.0,0.0,0.0,False,Bournemouth,0.0,0.0,0.0,1.0,0.0,0.0,0.0,0.0,1.0,0.0,True,-0.5513364271686799,-0.43116172897579036,0.12017469819288956
688,Trey Nyoni,25,2025-02-16 14:00:00+00:00,0.0,0.0,0.0,0.0,True,Wolves,0.0,0.16445,0.330212,2.0,0.5,0.5,0.16445,0.16445,0.0,2.0,True,-0.5513364271686799,0.33001235986805383,0.8813487870367338
688,Trey Nyoni,26,2025-02-23 16:30:00+00:00,0.0,0.0,0.0,0.0,False,Man City,0.0,,,,,,,,,,,-0.5513364271686799,,
688,Trey Nyoni,27,2025-02-26 20:15:00+00:00,0.0,0.0,0.0,0.0,True,Newcastle,0.0,,,,,,,,,,,-0.5513364271686799,,
688,Trey Nyoni,28,2025-03-08 15:00:00+00:00,0.0,0.0,0.0,0.0,True,Southampton,0.0,,,,,,,,,,,-0.5513364271686799,,
688,Trey Nyoni,30,2025-04-02 19:00:00+00:00,0.0,0.0,0.0,0.0,True,Everton,0.0,,,,,,,,,,,-0.5513364271686799,,
688,Trey Nyoni,31,2025-04-06 13:00:00+00:00,0.0,0.0,0.0,0.0,False,Fulham,0.0,0.3182,0.3182,1.0,0.0,1.0,0.3182,0.3182,0.0,1.0,True,-0.5513364271686799,1.0416603754335207,1.5929968026022006
688,Trey Nyoni,32,2025-04-13 13:00:00+00:00,0.0,0.0,0.0,0.0,True,West Ham,0.0,,,,,,,,,,,-0.5513364271686799,,
688,Trey Nyoni,33,2025-04-20 15:30:00+00:00,0.0,0.0,0.0,0.0,False,Leicester,0.0,,,,,,,,,,,-0.5513364271686799,,
688,Trey Nyoni,34,2025-04-27 15:30:00+00:00,0.0,0.0,0.0,0.0,True,Spurs,0.0,-0.1027,-0.1027,1.0,1.0,0.0,-0.1027,-0.1027,0.0,1.0,True,-0.5513364271686799,-0.9065194603486257,-0.3551830331799458
688,Trey Nyoni,35,2025-05-04 15:30:00+00:00,0.0,0.0,0.0,0.0,False,Chelsea,0.0,0.0,0.0,1.0,0.0,0.0,0.0,0.0,0.0,1.0,True,-0.5513364271686799,-0.43116172897579036,0.12017469819288956
688,Trey Nyoni,36,2025-05-11 15:30:00+00:00,0.0,0.0,0.0,0.0,True,Arsenal,0.0,,,,,,,,,,,-0.5513364271686799,,
688,Trey Nyoni,37,2025-05-19 19:00:00+00:00,0.0,0.0,0.0,0.0,False,Brighton,0.0,,,,,,,,,,,-0.5513364271686799,,
688,Trey Nyoni,38,2025-05-25 15:00:00+00:00,0.0,0.0,0.0,0.0,True,Crystal Palace,0.0,,,,,,,,,,,-0.5513364271686799,,
692,Amara Nallo,14,2024-12-04 19:30:00+00:00,0.0,0.0,0.0,0.0,False,Newcastle,0.0,,,,,,,,,,,-0.5513364271686799,,
692,Amara Nallo,16,2024-12-14 15:00:00+00:00,0.0,0.0,0.0,0.0,True,Fulham,0.0,0.0,0.0,1.0,0.0,0.0,0.0,0.0,1.0,0.0,True,-0.5513364271686799,-0.43116172897579036,0.12017469819288956
692,Amara Nallo,17,2024-12-22 16:30:00+00:00,0.0,0.0,0.0,0.0,False,Spurs,0.0,,,,,,,,,,,-0.5513364271686799,,
692,Amara Nallo,18,2024-12-26 20:00:00+00:00,0.0,0.0,0.0,0.0,True,Leicester,0.0,0.4404,0.4404,1.0,0.0,1.0,0.4404,0.4404,0.0,1.0,True,-0.5513364271686799,1.6072759039024642,2.158612331071144
692,Amara Nallo,19,2024-12-29 17:15:00+00:00,0.0,0.0,0.0,0.0,False,West Ham,0.0,,,,,,,,,,,-0.5513364271686799,,
692,Amara Nallo,20,2025-01-05 16:30:00+00:00,0.0,0.0,0.0,0.0,True,Man Utd,0.0,,,,,,,,,,,-0.5513364271686799,,
692,Amara Nallo,21,2025-01-14 20:00:00+00:00,0.0,0.0,0.0,0.0,False,Nott'm Forest,0.0,0.5859,0.5859,1.0,0.0,1.0,0.5859,0.5859,0.0,1.0,True,-0.5513364271686799,2.2807379283888083,2.8320743555574883
692,Amara Nallo,22,2025-01-18 15:00:00+00:00,0.0,0.0,0.0,0.0,False,Brentford,0.0,,,,,,,,,,,-0.5513364271686799,,
692,Amara Nallo,23,2025-01-25 15:00:00+00:00,0.0,0.0,0.0,0.0,True,Ipswich,0.0,,,,,,,,,,,-0.5513364271686799,,
692,Amara Nallo,24,2025-02-01 15:00:00+00:00,0.0,0.0,0.0,0.0,False,Bournemouth,0.0,0.29295,0.4595294117647059,2.0,0.0,0.5,0.0,0.5859,1.0,1.0,True,-0.5513364271686799,0.9247880997065091,1.476124526875189
692,Amara Nallo,25,2025-02-16 14:00:00+00:00,0.0,0.0,0.0,0.0,True,Wolves,0.0,,,,,,,,,,,-0.5513364271686799,,
692,Amara Nallo,26,2025-02-23 16:30:00+00:00,0.0,0.0,0.0,0.0,False,Man City,0.0,0.0,0.0,1.0,0.0,0.0,0.0,0.0,0.0,1.0,True,-0.5513364271686799,-0.43116172897579036,0.12017469819288956
692,Amara Nallo,27,2025-02-26 20:15:00+00:00,0.0,0.0,0.0,0.0,True,Newcastle,0.0,0.31245,0.5624100000000001,2.0,0.0,0.5,0.31245,0.31245,0.0,2.0,True,-0.5513364271686799,1.015045896802617,1.5663823239712968
692,Amara Nallo,28,2025-03-08 15:00:00+00:00,0.0,0.0,0.0,0.0,True,Southampton,0.0,,,,,,,,,,,-0.5513364271686799,,
692,Amara Nallo,30,2025-04-02 19:00:00+00:00,0.0,0.0,0.0,0.0,True,Everton,0.0,,,,,,,,,,,-0.5513364271686799,,
692,Amara Nallo,31,2025-04-06 13:00:00+00:00,0.0,0.0,0.0,0.0,False,Fulham,0.0,,,,,,,,,,,-0.5513364271686799,,
692,Amara Nallo,32,2025-04-13 13:00:00+00:00,0.0,0.0,0.0,0.0,True,West Ham,0.0,,,,,,,,,,,-0.5513364271686799,,
692,Amara Nallo,33,2025-04-20 15:30:00+00:00,0.0,0.0,0.0,0.0,False,Leicester,0.0,,,,,,,,,,,-0.5513364271686799,,
692,Amara Nallo,34,2025-04-27 15:30:00+00:00,0.0,0.0,0.0,0.0,True,Spurs,0.0,,,,,,,,,,,-0.5513364271686799,,
692,Amara Nallo,35,2025-05-04 15:30:00+00:00,0.0,0.0,0.0,0.0,False,Chelsea,0.0,,,,,,,,,,,-0.5513364271686799,,
692,Amara Nallo,36,2025-05-11 15:30:00+00:00,0.0,0.0,0.0,0.0,True,Arsenal,0.0,0.4215,0.4215,1.0,0.0,1.0,0.4215,0.4215,0.0,1.0,True,-0.5513364271686799,1.5197952697939288,2.071131696962609
692,Amara Nallo,37,2025-05-19 19:00:00+00:00,0.0,0.0,0.0,0.0,False,Brighton,0.0,,,,,,,,,,,-0.5513364271686799,,
692,Amara Nallo,38,2025-05-25 15:00:00+00:00,0.0,0.0,0.0,0.0,True,Crystal Palace,0.0,,,,,,,,,,,-0.5513364271686799,,
709,Jayden Danns,19,2024-12-29 17:15:00+00:00,0.0,0.0,0.0,0.0,False,West Ham,0.0,,,,,,,,,,,-0.5513364271686799,,
709,Jayden Danns,20,2025-01-05 16:30:00+00:00,0.0,0.0,0.0,0.0,True,Man Utd,0.0,0.0,0.0,1.0,0.0,0.0,0.0,0.0,1.0,0.0,True,-0.5513364271686799,-0.43116172897579036,0.12017469819288956
709,Jayden Danns,21,2025-01-14 20:00:00+00:00,0.0,0.0,0.0,0.0,False,Nott'm Forest,0.0,0.8718,0.8718,1.0,0.0,1.0,0.8718,0.8718,0.0,1.0,True,-0.5513364271686799,3.6040560919671303,4.15539251913581
709,Jayden Danns,22,2025-01-18 15:00:00+00:00,0.0,0.0,0.0,0.0,False,Brentford,0.0,,,,,,,,,,,-0.5513364271686799,,
709,Jayden Danns,23,2025-01-25 15:00:00+00:00,1.0,0.0,0.0,10.0,True,Ipswich,1.0,-0.06222000000000001,-0.3137046511627907,10.0,0.5,0.4,0.4588,-0.12011111111111113,1.0,9.0,False,-0.24950799684457664,-0.7191535307870642,-0.4696455339424876
709,Jayden Danns,24,2025-02-01 15:00:00+00:00,0.0,0.0,0.0,0.0,False,Bournemouth,0.0,0.0,0.0,2.0,0.0,0.0,0.0,0.0,0.0,2.0,True,-0.5513364271686799,-0.43116172897579036,0.12017469819288956
709,Jayden Danns,25,2025-02-16 14:00:00+00:00,0.0,0.0,0.0,0.0,True,Wolves,0.0,0.0,0.0,2.0,0.0,0.0,0.0,0.0,1.0,1.0,True,-0.5513364271686799,-0.43116172897579036,0.12017469819288956
709,Jayden Danns,26,2025-02-23 16:30:00+00:00,0.0,0.0,0.0,0.0,False,Man City,0.0,0.0,0.0,1.0,0.0,0.0,0.0,0.0,0.0,1.0,True,-0.5513364271686799,-0.43116172897579036,0.12017469819288956
709,Jayden Danns,27,2025-02-26 20:15:00+00:00,0.0,0.0,0.0,0.0,True,Newcastle,0.0,,,,,,,,,,,-0.5513364271686799,,
709,Jayden Danns,28,2025-03-08 15:00:00+00:00,0.0,0.0,0.0,0.0,True,Southampton,0.0,0.5859,0.5859,1.0,0.0,1.0,0.5859,0.5859,0.0,1.0,True,-0.5513364271686799,2.2807379283888083,2.8320743555574883
709,Jayden Danns,30,2025-04-02 19:00:00+00:00,0.0,0.0,0.0,0.0,True,Everton,0.0,,,,,,,,,,,-0.5513364271686799,,
709,Jayden Danns,31,2025-04-06 13:00:00+00:00,0.0,0.0,0.0,0.0,False,Fulham,0.0,,,,,,,,,,,-0.5513364271686799,,
709,Jayden Danns,32,2025-04-13 13:00:00+00:00,0.0,0.0,0.0,0.0,True,West Ham,0.0,,,,,,,,,,,-0.5513364271686799,,
709,Jayden Danns,33,2025-04-20 15:30:00+00:00,0.0,0.0,0.0,0.0,False,Leicester,0.0,-0.4404,-0.4404,1.0,1.0,0.0,-0.4404,-0.4404,0.0,1.0,True,-0.5513364271686799,-2.4695993618540446,-1.9182629346853646
709,Jayden Danns,34,2025-04-27 15:30:00+00:00,0.0,0.0,0.0,0.0,True,Spurs,0.0,0.1591,0.1591,2.0,0.0,0.5,0.1591,0.1591,0.0,2.0,True,-0.5513364271686799,0.3052493232288651,0.856585750397545
709,Jayden Danns,35,2025-05-04 15:30:00+00:00,0.0,0.0,0.0,0.0,False,Chelsea,0.0,,,,,,,,,,,-0.5513364271686799,,
709,Jayden Danns,36,2025-05-11 15:30:00+00:00,0.0,0.0,0.0,0.0,True,Arsenal,0.0,,,,,,,,,,,-0.5513364271686799,,
709,Jayden Danns,37,2025-05-19 19:00:00+00:00,0.0,0.0,0.0,0.0,False,Brighton,0.0,0.4215,0.4215,1.0,0.0,1.0,0.4215,0.4215,0.0,1.0,True,-0.5513364271686799,1.5197952697939288,2.071131696962609
709,Jayden Danns,38,2025-05-25 15:00:00+00:00,0.0,0.0,0.0,0.0,True,Crystal Palace,0.0,,,,,,,,,,,-0.5513364271686799,,
744,Arne Slot,23,2025-01-25 15:00:00+00:00,10.0,0.0,0.0,0.0,True,Ipswich,0.0,,,,,,,,,,,2.4669478760723527,,
744,Arne Slot,24,2025-02-01 15:00:00+00:00,15.0,0.0,0.0,0.0,False,Bournemouth,0.0,0.2202,0.39636,2.0,0.0,0.5,0.2202,0.2202,0.0,2.0,True,3.976090027692869,0.588057087463337,-3.388032940229532
744,Arne Slot,25,2025-02-16 14:00:00+00:00,13.0,0.0,0.0,0.0,True,Wolves,0.0,,,,,,,,,,,3.372433167044662,,
744,Arne Slot,26,2025-02-23 16:30:00+00:00,10.0,0.0,0.0,0.0,False,Man City,0.0,,,,,,,,,,,2.4669478760723527,,
744,Arne Slot,27,2025-02-26 20:15:00+00:00,10.0,0.0,0.0,0.0,True,Newcastle,0.0,0.44015,0.45507,2.0,0.0,1.0,0.4215,0.4588,1.0,1.0,True,2.4669478760723527,1.6061187526576421,-0.8608291234147105
744,Arne Slot,28,2025-03-08 15:00:00+00:00,9.0,0.0,0.0,0.0,True,Southampton,0.0,,,,,,,,,,,2.165119445748249,,
744,Arne Slot,30,2025-04-02 19:00:00+00:00,9.0,0.0,0.0,0.0,True,Everton,0.0,,,,,,,,,,,2.165119445748249,,
744,Arne Slot,31,2025-04-06 13:00:00+00:00,2.0,0.0,0.0,0.0,False,Fulham,0.0,0.0,0.0,1.0,0.0,0.0,0.0,0.0,0.0,1.0,True,0.0523204334795266,-0.43116172897579036,-0.48348216245531694
744,Arne Slot,32,2025-04-13 13:00:00+00:00,8.0,0.0,0.0,0.0,True,West Ham,0.0,0.0,0.0,1.0,0.0,0.0,0.0,0.0,1.0,0.0,True,1.8632910154241462,-0.43116172897579036,-2.2944527443999365
744,Arne Slot,33,2025-04-20 15:30:00+00:00,9.0,0.0,0.0,0.0,False,Leicester,0.0,,,,,,,,,,,2.165119445748249,,
744,Arne Slot,34,2025-04-27 15:30:00+00:00,11.0,0.0,0.0,0.0,True,Spurs,0.0,,,,,,,,,,,2.7687763063964557,,
744,Arne Slot,35,2025-05-04 15:30:00+00:00,1.0,0.0,0.0,0.0,False,Chelsea,0.0,0.4359,0.48905853658536586,2.0,0.0,0.5,0.4359,0.4359,0.0,2.0,True,-0.24950799684457664,1.58644718149567,1.8359551783402466
744,Arne Slot,36,2025-05-11 15:30:00+00:00,5.0,0.0,0.0,0.0,True,Arsenal,0.0,,,,,,,,,,,0.9578057244518364,,
744,Arne Slot,37,2025-05-19 19:00:00+00:00,2.0,0.0,0.0,0.0,False,Brighton,0.0,0.6249,0.6249,1.0,0.0,1.0,0.6249,0.6249,1.0,0.0,True,0.0523204334795266,2.4612535225810244,2.408933089101498
744,Arne Slot,38,2025-05-25 15:00:00+00:00,4.0,0.0,0.0,0.0,True,Crystal Palace,0.0,,,,,,,,,,,0.6559772941277332,,
