player_id,player_name,round,gw_date,total_points,goals_scored,assists,minutes,was_home,opponent,points_per_90,avg_sentiment,weighted_sentiment,n_comments,negative_share,positive_share,pre_sentiment,post_sentiment,n_comments_pre,n_comments_post,low_sample_flag,points_zscore,sentiment_zscore,divergence_zscore
366,Alisson Becker,1,2025-08-15 19:00:00+00:00,1,0,0,90,True,Bournemouth,1.0,-0.05213076923076922,-0.1476287958115184,13.0,0.3076923076923077,0.23076923076923078,-0.2757,0.014939999999999998,3.0,10.0,False,-0.12905480780168835,-0.5920308491686918,-0.46297604136700343
366,Alisson Becker,2,2025-08-25 19:00:00+00:00,1,0,0,90,False,Newcastle,1.0,-0.12283,-0.1987054054054054,10.0,0.3,0.2,0.3421,-0.32208571428571425,3.0,7.0,False,-0.12905480780168835,-0.8799070292674971,-0.7508522214658088
366,Alisson Becker,3,2025-08-31 15:30:00+00:00,8,0,0,90,True,Arsenal,8.0,0.3976352941176471,0.39852499999999996,17.0,0.058823529411764705,0.7058823529411765,0.6249,0.38343125,1.0,16.0,False,2.6166003171320478,1.2393460250358497,-1.377254292096198
366,Alisson Becker,4,2025-09-14 13:00:00+00:00,6,0,0,90,False,Burnley,6.0,0.3445357142857143,0.3221923423423423,14.0,0.2857142857142857,0.6428571428571429,0.4215,0.3317083333333333,2.0,12.0,False,1.8321274242938375,1.0231328634420025,-0.808994560851835
366,Alisson Becker,5,2025-09-20 11:30:00+00:00,2,0,0,90,True,Everton,2.0,0.005425000000000009,-0.06767364341085272,12.0,0.16666666666666666,0.3333333333333333,0.005425000000000009,0.005425000000000009,0.0,12.0,False,0.2631816386174168,-0.35767278319644896,-0.6208544218138657
366,Alisson Becker,6,2025-09-27 14:00:00+00:00,2,0,0,90,False,Crystal Palace,2.0,0.05385000000000001,-0.06937094017094017,12.0,0.25,0.25,0.0,0.05874545454545455,1.0,11.0,False,0.2631816386174168,-0.16049377757490985,-0.4236754161923266
366,Alisson Becker,7,2025-10-04 16:30:00+00:00,0,0,0,0,False,Chelsea,0.0,,,,,,,,,,,-0.5212912542207935,,
366,Alisson Becker,8,2025-10-19 15:30:00+00:00,0,0,0,0,True,Man Utd,0.0,-0.05135,-0.05135,2.0,0.5,0.0,-0.05135,-0.05135,0.0,2.0,True,-0.5212912542207935,-0.5888516793071952,-0.0675604250864017
366,Alisson Becker,9,2025-10-25 19:00:00+00:00,0,0,0,0,False,Brentford,0.0,,,,,,,,,,,-0.5212912542207935,,
366,Alisson Becker,10,2025-11-01 20:00:00+00:00,0,0,0,0,True,Aston Villa,0.0,,,,,,,,,,,-0.5212912542207935,,
366,Alisson Becker,11,2025-11-09 16:30:00+00:00,0,0,0,0,False,Man City,0.0,,,,,,,,,,,-0.5212912542207935,,
366,Alisson Becker,12,2025-11-22 15:00:00+00:00,2,0,0,90,True,Nott'm Forest,2.0,-0.10073749999999998,-0.16673333333333337,16.0,0.4375,0.25,0.0,-0.10745333333333332,1.0,15.0,False,0.2631816386174168,-0.7899498339821309,-1.0531314725995478
366,Alisson Becker,13,2025-11-30 14:05:00+00:00,6,0,0,90,False,West Ham,6.0,0.17816,0.2536210084033614,10.0,0.3,0.5,0.8588,0.10253333333333331,1.0,9.0,False,1.8321274242938375,0.34567704718117753,-1.4864503771126598
366,Alisson Becker,14,2025-12-03 20:15:00+00:00,3,0,0,90,True,Sunderland,3.0,0.16808,0.14992075471698113,5.0,0.2,0.4,0.0,0.2101,1.0,4.0,False,0.6554180850365219,0.30463286800378747,-0.3507852170327344
366,Alisson Becker,15,2025-12-06 17:30:00+00:00,1,0,0,90,False,Leeds,1.0,-0.061525,-0.026005882352941143,16.0,0.4375,0.375,-0.12365,-0.02425,6.0,10.0,False,-0.12905480780168835,-0.6302826835859595,-0.5012278757842712
366,Alisson Becker,16,2025-12-13 15:00:00+00:00,7,0,0,90,True,Brighton,7.0,0.38369523809523814,0.5305880258899676,21.0,0.19047619047619047,0.6666666666666666,0.58424,0.321025,5.0,16.0,False,2.2243638707129425,1.182584303098686,-1.0417795676142565
366,Alisson Becker,17,2025-12-20 17:30:00+00:00,3,0,0,90,False,Spurs,3.0,0.19105714285714284,0.1784280487804878,7.0,0.42857142857142855,0.5714285714285714,-0.1027,0.24001666666666666,1.0,6.0,False,0.6554180850365219,0.39819219026698777,-0.2572258947695341
366,Alisson Becker,18,2025-12-27 15:00:00+00:00,3,0,0,90,True,Wolves,3.0,0.38788125,0.4304963636363637,16.0,0.125,0.6875,0.595,0.35829285714285714,2.0,14.0,False,0.6554180850365219,1.1996290870925088,0.5442110020559869
366,Alisson Becker,19,2026-01-01 17:30:00+00:00,6,0,0,90,True,Leeds,6.0,0.38421052631578945,0.47480255591054316,19.0,0.15789473684210525,0.631578947368421,0.575875,0.3331,4.0,15.0,False,1.8321274242938375,1.1846824759213355,-0.647444948372502
366,Alisson Becker,20,2026-01-04 15:15:00+00:00,1,0,0,90,False,Fulham,1.0,0.013426315789473679,-0.1768678714859438,19.0,0.3684210526315789,0.42105263157894735,-0.021242857142857157,0.033650000000000006,7.0,12.0,False,-0.12905480780168835,-0.32509268012918335,-0.196037872327495
366,Alisson Becker,21,2026-01-08 20:00:00+00:00,10,0,0,90,False,Arsenal,10.0,0.3187464285714286,0.46249393939393946,28.0,0.25,0.6071428571428571,0.3700333333333334,0.312592,3.0,25.0,False,3.401073209970258,0.9181229364862438,-2.482950273484014
366,Alisson Becker,22,2026-01-17 15:00:00+00:00,2,0,0,90,True,Burnley,2.0,-0.10384117647058823,-0.03553198198198197,17.0,0.4117647058823529,0.17647058823529413,0.25203333333333333,-0.18009999999999998,3.0,14.0,False,0.2631816386174168,-0.8025875178281104,-1.0657691564455272
366,Alisson Becker,23,2026-01-24 17:30:00+00:00,1,0,0,90,False,Bournemouth,1.0,-0.058582352941176474,-0.20905517241379307,17.0,0.35294117647058826,0.17647058823529413,-0.280775,0.00978461538461538,4.0,13.0,False,-0.12905480780168835,-0.6183006862508232,-0.4892458784491349
366,Alisson Becker,24,2026-01-31 20:00:00+00:00,2,0,0,90,True,Newcastle,2.0,0.00409444444444445,-0.06136217616580311,18.0,0.2777777777777778,0.3333333333333333,0.0,0.005264285714285698,4.0,14.0,False,0.2631816386174168,-0.3630905967507837,-0.6262722353682004
366,Alisson Becker,25,2026-02-08 16:30:00+00:00,1,0,0,90,True,Man City,1.0,-0.0933181818181818,-0.06558285714285715,11.0,0.5454545454545454,0.2727272727272727,-0.17865999999999999,-0.022199999999999998,5.0,6.0,False,-0.12905480780168835,-0.7597395338999272,-0.6306847260982389
366,Alisson Becker,26,2026-02-11 20:15:00+00:00,7,0,0,90,False,Sunderland,7.0,0.24833333333333332,0.27867164556962026,24.0,0.2916666666666667,0.5416666666666666,0.15452,0.2730210526315789,5.0,19.0,False,2.2243638707129425,0.6314118553962621,-1.5929520153166803
366,Alisson Becker,27,2026-02-22 14:00:00+00:00,7,0,0,90,False,Nott'm Forest,7.0,0.21848499999999998,0.27501861313868614,20.0,0.25,0.6,0.4215,0.20779999999999998,1.0,19.0,False,2.2243638707129425,0.5098741231065996,-1.714489747606343
366,Alisson Becker,28,2026-02-28 15:00:00+00:00,2,0,0,90,True,West Ham,2.0,-0.18971111111111108,-0.6438465909090909,9.0,0.5555555555555556,0.2222222222222222,-0.18971111111111108,-0.18971111111111108,0.0,9.0,False,0.2631816386174168,-1.1522364249051338,-1.4154180635225506
366,Alisson Becker,29,2026-03-03 20:15:00+00:00,1,0,0,90,False,Wolves,1.0,0.009144444444444443,0.08417407407407407,9.0,0.3333333333333333,0.2222222222222222,-0.23156666666666667,0.12949999999999998,3.0,6.0,False,-0.12905480780168835,-0.3425277887303651,-0.21347298092867675
366,Alisson Becker,30,2026-03-15 16:30:00+00:00,4,0,0,90,True,Spurs,4.0,0.24766428571428573,0.510165945945946,14.0,0.14285714285714285,0.5714285714285714,-0.6124,0.3138230769230769,1.0,13.0,False,1.047654531455627,0.6286875984166594,-0.4189669330389675
366,Alisson Becker,31,2026-03-21 12:45:00+00:00,0,0,0,0,False,Brighton,0.0,0.0,0.0,1.0,0.0,0.0,0.0,0.0,0.0,1.0,True,-0.5212912542207935,-0.3797625324065027,0.14152872181429077
366,Alisson Becker,32,2026-04-11 16:30:00+00:00,0,0,0,0,True,Fulham,0.0,,,,,,,,,,,-0.5212912542207935,,
366,Alisson Becker,33,2026-04-19 13:00:00+00:00,0,0,0,0,False,Everton,0.0,,,,,,,,,,,-0.5212912542207935,,
366,Alisson Becker,34,2026-04-25 14:00:00+00:00,0,0,0,0,True,Crystal Palace,0.0,,,,,,,,,,,-0.5212912542207935,,
366,Alisson Becker,35,2026-05-03 14:30:00+00:00,0,0,0,0,False,Man Utd,0.0,,,,,,,,,,,-0.5212912542207935,,
366,Alisson Becker,36,2026-05-09 11:30:00+00:00,0,0,0,0,True,Chelsea,0.0,0.4215,0.4215,1.0,0.0,1.0,0.4215,0.4215,1.0,0.0,True,-0.5212912542207935,1.3365193647432907,1.8578106189640842
366,Alisson Becker,37,2026-05-15 19:00:00+00:00,0,0,0,0,False,Aston Villa,0.0,,,,,,,,,,,-0.5212912542207935,,
366,Alisson Becker,38,2026-05-24 15:00:00+00:00,2,0,0,90,True,Brentford,2.0,0.010150000000000001,0.15394823529411766,12.0,0.25,0.25,0.0,0.011072727272727264,1.0,11.0,False,0.2631816386174168,-0.3384333242070474,-0.6016149628244642
367,Giorgi Mamardashvili,1,2025-08-15 19:00:00+00:00,0,0,0,0,True,Bournemouth,0.0,,,,,,,,,,,-0.5212912542207935,,
367,Giorgi Mamardashvili,2,2025-08-25 19:00:00+00:00,0,0,0,0,False,Newcastle,0.0,,,,,,,,,,,-0.5212912542207935,,
367,Giorgi Mamardashvili,3,2025-08-31 15:30:00+00:00,0,0,0,0,True,Arsenal,0.0,0.6249,0.6249,2.0,0.0,1.0,0.6249,0.6249,1.0,1.0,True,-0.5212912542207935,2.164732266001341,2.6860235202221343
367,Giorgi Mamardashvili,4,2025-09-14 13:00:00+00:00,0,0,0,0,False,Burnley,0.0,0.10774999999999998,0.0284,2.0,0.5,0.5,0.10774999999999998,0.10774999999999998,0.0,2.0,True,-0.5212912542207935,0.0589785694153009,0.5802698236360944
367,Giorgi Mamardashvili,5,2025-09-20 11:30:00+00:00,0,0,0,0,True,Everton,0.0,,,,,,,,,,,-0.5212912542207935,,
367,Giorgi Mamardashvili,6,2025-09-27 14:00:00+00:00,0,0,0,0,False,Crystal Palace,0.0,0.0,0.0,1.0,0.0,0.0,0.0,0.0,1.0,0.0,True,-0.5212912542207935,-0.3797625324065027,0.14152872181429077
367,Giorgi Mamardashvili,7,2025-10-04 16:30:00+00:00,2,0,0,90,False,Chelsea,2.0,0.09903529411764705,0.10071135371179038,17.0,0.35294117647058826,0.4117647058823529,-0.148,0.13197333333333336,2.0,15.0,False,0.2631816386174168,0.02349365376911549,-0.23968798484830128
367,Giorgi Mamardashvili,8,2025-10-19 15:30:00+00:00,1,0,0,90,True,Man Utd,1.0,0.02860833333333333,-0.1649471544715447,12.0,0.3333333333333333,0.4166666666666667,0.6249,-0.025600000000000015,1.0,11.0,False,-0.12905480780168835,-0.26327388565056675,-0.1342190778488784
367,Giorgi Mamardashvili,9,2025-10-25 19:00:00+00:00,2,0,0,90,False,Brentford,2.0,-0.14576363636363635,-0.22427999999999998,11.0,0.2727272727272727,0.0,-0.33525,-0.10365555555555556,2.0,9.0,False,0.2631816386174168,-0.9732891999121598,-1.2364708385295766
367,Giorgi Mamardashvili,10,2025-11-01 20:00:00+00:00,7,0,0,90,True,Aston Villa,7.0,0.1925090909090909,0.2976155555555556,11.0,0.36363636363636365,0.45454545454545453,0.1925090909090909,0.1925090909090909,0.0,11.0,False,2.2243638707129425,0.4041042950289341,-1.8202595756840085
367,Giorgi Mamardashvili,11,2025-11-09 16:30:00+00:00,7,0,0,90,False,Man City,7.0,0.25343846153846156,0.40472240663900416,13.0,0.3076923076923077,0.5384615384615384,0.5859,0.22573333333333334,1.0,12.0,False,2.2243638707129425,0.6521991368223367,-1.572164733890606
367,Giorgi Mamardashvili,12,2025-11-22 15:00:00+00:00,0,0,0,0,True,Nott'm Forest,0.0,,,,,,,,,,,-0.5212912542207935,,
367,Giorgi Mamardashvili,13,2025-11-30 14:05:00+00:00,0,0,0,0,False,West Ham,0.0,,,,,,,,,,,-0.5212912542207935,,
367,Giorgi Mamardashvili,14,2025-12-03 20:15:00+00:00,0,0,0,0,True,Sunderland,0.0,0.0,0.0,1.0,0.0,0.0,0.0,0.0,0.0,1.0,True,-0.5212912542207935,-0.3797625324065027,0.14152872181429077
367,Giorgi Mamardashvili,15,2025-12-06 17:30:00+00:00,0,0,0,0,False,Leeds,0.0,-0.1027,-0.1027,1.0,1.0,0.0,-0.1027,-0.1027,1.0,0.0,True,-0.5212912542207935,-0.7979408262078878,-0.2766495719870943
367,Giorgi Mamardashvili,16,2025-12-13 15:00:00+00:00,0,0,0,0,True,Brighton,0.0,,,,,,,,,,,-0.5212912542207935,,
367,Giorgi Mamardashvili,17,2025-12-20 17:30:00+00:00,0,0,0,0,False,Spurs,0.0,,,,,,,,,,,-0.5212912542207935,,
367,Giorgi Mamardashvili,18,2025-12-27 15:00:00+00:00,0,0,0,0,True,Wolves,0.0,,,,,,,,,,,-0.5212912542207935,,
367,Giorgi Mamardashvili,19,2026-01-01 17:30:00+00:00,0,0,0,0,True,Leeds,0.0,,,,,,,,,,,-0.5212912542207935,,
367,Giorgi Mamardashvili,20,2026-01-04 15:15:00+00:00,0,0,0,0,False,Fulham,0.0,,,,,,,,,,,-0.5212912542207935,,
367,Giorgi Mamardashvili,21,2026-01-08 20:00:00+00:00,0,0,0,0,False,Arsenal,0.0,,,,,,,,,,,-0.5212912542207935,,
367,Giorgi Mamardashvili,22,2026-01-17 15:00:00+00:00,0,0,0,0,True,Burnley,0.0,-0.2202,-0.19084,2.0,0.5,0.0,-0.2202,-0.2202,0.0,2.0,True,-0.5212912542207935,-1.2763823989602026,-0.7550911447394091
367,Giorgi Mamardashvili,23,2026-01-24 17:30:00+00:00,0,0,0,0,False,Bournemouth,0.0,,,,,,,,,,,-0.5212912542207935,,
367,Giorgi Mamardashvili,24,2026-01-31 20:00:00+00:00,0,0,0,0,True,Newcastle,0.0,0.0,0.0,1.0,0.0,0.0,0.0,0.0,0.0,1.0,True,-0.5212912542207935,-0.3797625324065027,0.14152872181429077
367,Giorgi Mamardashvili,25,2026-02-08 16:30:00+00:00,0,0,0,0,True,Man City,0.0,0.4404,0.4404,1.0,0.0,1.0,0.4404,0.4404,0.0,1.0,True,-0.5212912542207935,1.4134772007008973,1.9347684549216908
367,Giorgi Mamardashvili,26,2026-02-11 20:15:00+00:00,0,0,0,0,False,Sunderland,0.0,0.0,0.0,1.0,0.0,0.0,0.0,0.0,0.0,1.0,True,-0.5212912542207935,-0.3797625324065027,0.14152872181429077
367,Giorgi Mamardashvili,27,2026-02-22 14:00:00+00:00,0,0,0,0,False,Nott'm Forest,0.0,,,,,,,,,,,-0.5212912542207935,,
367,Giorgi Mamardashvili,28,2026-02-28 15:00:00+00:00,0,0,0,0,True,West Ham,0.0,0.0,0.0,1.0,0.0,0.0,0.0,0.0,0.0,1.0,True,-0.5212912542207935,-0.3797625324065027,0.14152872181429077
367,Giorgi Mamardashvili,29,2026-03-03 20:15:00+00:00,0,0,0,0,False,Wolves,0.0,,,,,,,,,,,-0.5212912542207935,,
367,Giorgi Mamardashvili,30,2026-03-15 16:30:00+00:00,0,0,0,0,True,Spurs,0.0,0.4215,0.4215,1.0,0.0,1.0,0.4215,0.4215,0.0,1.0,True,-0.5212912542207935,1.3365193647432907,1.8578106189640842
367,Giorgi Mamardashvili,31,2026-03-21 12:45:00+00:00,2,0,0,90,False,Brighton,2.0,-0.03152222222222223,-0.07578279569892475,9.0,0.3333333333333333,0.1111111111111111,-0.1468,0.02611666666666666,3.0,6.0,False,0.2631816386174168,-0.5081160777396769,-0.7712977163570938
367,Giorgi Mamardashvili,32,2026-04-11 16:30:00+00:00,9,0,0,90,True,Fulham,9.0,0.04374166666666667,0.012343653250774,24.0,0.375,0.3333333333333333,0.13328,0.02017894736842105,5.0,19.0,False,3.0088367635511526,-0.20165332564218347,-3.210490089193336
367,Giorgi Mamardashvili,33,2026-04-19 13:00:00+00:00,1,0,0,57,False,Everton,1.5789473684210527,-0.05487058823529412,-0.09799700374531835,17.0,0.4117647058823529,0.29411764705882354,0.007920000000000016,-0.08103333333333333,5.0,12.0,False,-0.12905480780168835,-0.603186962475769,-0.47413215467408065
367,Giorgi Mamardashvili,34,2026-04-25 14:00:00+00:00,0,0,0,0,True,Crystal Palace,0.0,,,,,,,,,,,-0.5212912542207935,,
367,Giorgi Mamardashvili,35,2026-05-03 14:30:00+00:00,0,0,0,0,False,Man Utd,0.0,,,,,,,,,,,-0.5212912542207935,,
367,Giorgi Mamardashvili,36,2026-05-09 11:30:00+00:00,2,0,0,90,True,Chelsea,2.0,-0.11864999999999999,-0.3077370370370371,18.0,0.3888888888888889,0.2777777777777778,0.0,-0.12562941176470588,1.0,17.0,False,0.2631816386174168,-0.8628867248070318,-1.1260683634244486
367,Giorgi Mamardashvili,37,2026-05-15 19:00:00+00:00,1,0,0,90,False,Aston Villa,1.0,0.04062500000000001,0.05557218045112781,16.0,0.3125,0.375,0.31245,0.0017928571428571516,2.0,14.0,False,-0.12905480780168835,-0.21434390352937252,-0.08528909572768417
367,Giorgi Mamardashvili,38,2026-05-24 15:00:00+00:00,0,0,0,0,True,Brentford,0.0,,,,,,,,,,,-0.5212912542207935,,
368,Ármin Pécsi,1,2025-08-15 19:00:00+00:00,0,0,0,0,True,Bournemouth,0.0,0.0,0.0,1.0,0.0,0.0,0.0,0.0,0.0,1.0,True,-0.5212912542207935,-0.3797625324065027,0.14152872181429077
368,Ármin Pécsi,2,2025-08-25 19:00:00+00:00,0,0,0,0,False,Newcastle,0.0,,,,,,,,,,,-0.5212912542207935,,
368,Ármin Pécsi,3,2025-08-31 15:30:00+00:00,0,0,0,0,True,Arsenal,0.0,,,,,,,,,,,-0.5212912542207935,,
368,Ármin Pécsi,4,2025-09-14 13:00:00+00:00,0,0,0,0,False,Burnley,0.0,,,,,,,,,,,-0.5212912542207935,,
368,Ármin Pécsi,5,2025-09-20 11:30:00+00:00,0,0,0,0,True,Everton,0.0,,,,,,,,,,,-0.5212912542207935,,
368,Ármin Pécsi,6,2025-09-27 14:00:00+00:00,0,0,0,0,False,Crystal Palace,0.0,,,,,,,,,,,-0.5212912542207935,,
368,Ármin Pécsi,7,2025-10-04 16:30:00+00:00,0,0,0,0,False,Chelsea,0.0,0.3182,0.3182,1.0,0.0,1.0,0.3182,0.3182,0.0,1.0,True,-0.5212912542207935,0.9158979650384896,1.4371892192592832
368,Ármin Pécsi,8,2025-10-19 15:30:00+00:00,0,0,0,0,True,Man Utd,0.0,,,,,,,,,,,-0.5212912542207935,,
368,Ármin Pécsi,9,2025-10-25 19:00:00+00:00,0,0,0,0,False,Brentford,0.0,,,,,,,,,,,-0.5212912542207935,,
368,Ármin Pécsi,10,2025-11-01 20:00:00+00:00,0,0,0,0,True,Aston Villa,0.0,,,,,,,,,,,-0.5212912542207935,,
368,Ármin Pécsi,11,2025-11-09 16:30:00+00:00,0,0,0,0,False,Man City,0.0,,,,,,,,,,,-0.5212912542207935,,
368,Ármin Pécsi,12,2025-11-22 15:00:00+00:00,0,0,0,0,True,Nott'm Forest,0.0,0.0,0.0,1.0,0.0,0.0,0.0,0.0,0.0,1.0,True,-0.5212912542207935,-0.3797625324065027,0.14152872181429077
368,Ármin Pécsi,13,2025-11-30 14:05:00+00:00,0,0,0,0,False,West Ham,0.0,,,,,,,,,,,-0.5212912542207935,,
368,Ármin Pécsi,14,2025-12-03 20:15:00+00:00,0,0,0,0,True,Sunderland,0.0,0.6249,0.6249,1.0,0.0,1.0,0.6249,0.6249,0.0,1.0,True,-0.5212912542207935,2.164732266001341,2.6860235202221343
368,Ármin Pécsi,15,2025-12-06 17:30:00+00:00,0,0,0,0,False,Leeds,0.0,0.4404,0.4404,1.0,0.0,1.0,0.4404,0.4404,1.0,0.0,True,-0.5212912542207935,1.4134772007008973,1.9347684549216908
368,Ármin Pécsi,16,2025-12-13 15:00:00+00:00,0,0,0,0,True,Brighton,0.0,,,,,,,,,,,-0.5212912542207935,,
368,Ármin Pécsi,17,2025-12-20 17:30:00+00:00,0,0,0,0,False,Spurs,0.0,,,,,,,,,,,-0.5212912542207935,,
368,Ármin Pécsi,18,2025-12-27 15:00:00+00:00,0,0,0,0,True,Wolves,0.0,0.6249,0.6249,1.0,0.0,1.0,0.6249,0.6249,0.0,1.0,True,-0.5212912542207935,2.164732266001341,2.6860235202221343
368,Ármin Pécsi,19,2026-01-01 17:30:00+00:00,0,0,0,0,True,Leeds,0.0,,,,,,,,,,,-0.5212912542207935,,
368,Ármin Pécsi,20,2026-01-04 15:15:00+00:00,0,0,0,0,False,Fulham,0.0,,,,,,,,,,,-0.5212912542207935,,
368,Ármin Pécsi,21,2026-01-08 20:00:00+00:00,0,0,0,0,False,Arsenal,0.0,0.6249,0.6249,1.0,0.0,1.0,0.6249,0.6249,1.0,0.0,True,-0.5212912542207935,2.164732266001341,2.6860235202221343
368,Ármin Pécsi,22,2026-01-17 15:00:00+00:00,0,0,0,0,True,Burnley,0.0,,,,,,,,,,,-0.5212912542207935,,
368,Ármin Pécsi,23,2026-01-24 17:30:00+00:00,0,0,0,0,False,Bournemouth,0.0,,,,,,,,,,,-0.5212912542207935,,
368,Ármin Pécsi,24,2026-01-31 20:00:00+00:00,0,0,0,0,True,Newcastle,0.0,,,,,,,,,,,-0.5212912542207935,,
368,Ármin Pécsi,25,2026-02-08 16:30:00+00:00,0,0,0,0,True,Man City,0.0,,,,,,,,,,,-0.5212912542207935,,
368,Ármin Pécsi,26,2026-02-11 20:15:00+00:00,0,0,0,0,False,Sunderland,0.0,0.2611,0.2813111111111111,2.0,0.5,0.5,0.6249,-0.1027,1.0,1.0,True,-0.5212912542207935,0.6833957198967265,1.2046869741175201
368,Ármin Pécsi,27,2026-02-22 14:00:00+00:00,0,0,0,0,False,Nott'm Forest,0.0,,,,,,,,,,,-0.5212912542207935,,
368,Ármin Pécsi,28,2026-02-28 15:00:00+00:00,0,0,0,0,True,West Ham,0.0,,,,,,,,,,,-0.5212912542207935,,
368,Ármin Pécsi,29,2026-03-03 20:15:00+00:00,0,0,0,0,False,Wolves,0.0,0.1591,0.1674736842105263,2.0,0.0,0.5,0.1591,0.1591,0.0,2.0,True,-0.5212912542207935,0.26806771631599347,0.7893589705367869
368,Ármin Pécsi,30,2026-03-15 16:30:00+00:00,0,0,0,0,True,Spurs,0.0,,,,,,,,,,,-0.5212912542207935,,
368,Ármin Pécsi,31,2026-03-21 12:45:00+00:00,0,0,0,0,False,Brighton,0.0,-0.4404,-0.4404,1.0,1.0,0.0,-0.4404,-0.4404,0.0,1.0,True,-0.5212912542207935,-2.1730022655139027,-1.6517110112931093
368,Ármin Pécsi,32,2026-04-11 16:30:00+00:00,0,0,0,0,True,Fulham,0.0,0.3182,0.3182,1.0,0.0,1.0,0.3182,0.3182,0.0,1.0,True,-0.5212912542207935,0.9158979650384896,1.4371892192592832
368,Ármin Pécsi,33,2026-04-19 13:00:00+00:00,0,0,0,0,False,Everton,0.0,,,,,,,,,,,-0.5212912542207935,,
368,Ármin Pécsi,34,2026-04-25 14:00:00+00:00,0,0,0,0,True,Crystal Palace,0.0,,,,,,,,,,,-0.5212912542207935,,
368,Ármin Pécsi,35,2026-05-03 14:30:00+00:00,0,0,0,0,False,Man Utd,0.0,0.5859,0.5859,1.0,0.0,1.0,0.5859,0.5859,0.0,1.0,True,-0.5212912542207935,2.0059303822792955,2.527221636500089
368,Ármin Pécsi,36,2026-05-09 11:30:00+00:00,0,0,0,0,True,Chelsea,0.0,,,,,,,,,,,-0.5212912542207935,,
368,Ármin Pécsi,37,2026-05-15 19:00:00+00:00,0,0,0,0,False,Aston Villa,0.0,,,,,,,,,,,-0.5212912542207935,,
368,Ármin Pécsi,38,2026-05-24 15:00:00+00:00,0,0,0,0,True,Brentford,0.0,0.6249,0.6249,1.0,0.0,1.0,0.6249,0.6249,0.0,1.0,True,-0.5212912542207935,2.164732266001341,2.6860235202221343
369,Freddie Woodman,1,2025-08-15 19:00:00+00:00,0,0,0,0,True,Bournemouth,0.0,0.3182,0.3182,1.0,0.0,1.0,0.3182,0.3182,0.0,1.0,True,-0.5212912542207935,0.9158979650384896,1.4371892192592832
369,Freddie Woodman,2,2025-08-25 19:00:00+00:00,0,0,0,0,False,Newcastle,0.0,,,,,,,,,,,-0.5212912542207935,,
369,Freddie Woodman,3,2025-08-31 15:30:00+00:00,0,0,0,0,True,Arsenal,0.0,,,,,,,,,,,-0.5212912542207935,,
369,Freddie Woodman,4,2025-09-14 13:00:00+00:00,0,0,0,0,False,Burnley,0.0,0.0,0.0,1.0,0.0,0.0,0.0,0.0,1.0,0.0,True,-0.5212912542207935,-0.3797625324065027,0.14152872181429077
369,Freddie Woodman,5,2025-09-20 11:30:00+00:00,0,0,0,0,True,Everton,0.0,,,,,,,,,,,-0.5212912542207935,,
369,Freddie Woodman,6,2025-09-27 14:00:00+00:00,0,0,0,0,False,Crystal Palace,0.0,,,,,,,,,,,-0.5212912542207935,,
369,Freddie Woodman,7,2025-10-04 16:30:00+00:00,0,0,0,0,False,Chelsea,0.0,,,,,,,,,,,-0.5212912542207935,,
369,Freddie Woodman,8,2025-10-19 15:30:00+00:00,0,0,0,0,True,Man Utd,0.0,,,,,,,,,,,-0.5212912542207935,,
369,Freddie Woodman,9,2025-10-25 19:00:00+00:00,0,0,0,0,False,Brentford,0.0,,,,,,,,,,,-0.5212912542207935,,
369,Freddie Woodman,10,2025-11-01 20:00:00+00:00,0,0,0,0,True,Aston Villa,0.0,0.33525,0.3725,2.0,0.0,0.5,0.33525,0.33525,0.0,2.0,True,-0.5212912542207935,0.9853228911272299,1.5066141453480233
369,Freddie Woodman,11,2025-11-09 16:30:00+00:00,0,0,0,0,False,Man City,0.0,0.6249,0.6249,1.0,0.0,1.0,0.6249,0.6249,0.0,1.0,True,-0.5212912542207935,2.164732266001341,2.6860235202221343
369,Freddie Woodman,12,2025-11-22 15:00:00+00:00,0,0,0,0,True,Nott'm Forest,0.0,,,,,,,,,,,-0.5212912542207935,,
369,Freddie Woodman,13,2025-11-30 14:05:00+00:00,0,0,0,0,False,West Ham,0.0,,,,,,,,,,,-0.5212912542207935,,
369,Freddie Woodman,14,2025-12-03 20:15:00+00:00,0,0,0,0,True,Sunderland,0.0,-0.14710000000000004,-0.5459285714285714,2.0,0.5,0.5,-0.14710000000000004,-0.14710000000000004,0.0,2.0,True,-0.5212912542207935,-0.9787306630606776,-0.4574394088398841
369,Freddie Woodman,15,2025-12-06 17:30:00+00:00,0,0,0,0,False,Leeds,0.0,,,,,,,,,,,-0.5212912542207935,,
369,Freddie Woodman,16,2025-12-13 15:00:00+00:00,0,0,0,0,True,Brighton,0.0,,,,,,,,,,,-0.5212912542207935,,
369,Freddie Woodman,17,2025-12-20 17:30:00+00:00,0,0,0,0,False,Spurs,0.0,-0.05135,-0.01867272727272727,2.0,0.5,0.0,0.0,-0.1027,1.0,1.0,True,-0.5212912542207935,-0.5888516793071952,-0.0675604250864017
369,Freddie Woodman,18,2025-12-27 15:00:00+00:00,0,0,0,0,True,Wolves,0.0,,,,,,,,,,,-0.5212912542207935,,
369,Freddie Woodman,19,2026-01-01 17:30:00+00:00,0,0,0,0,True,Leeds,0.0,,,,,,,,,,,-0.5212912542207935,,
369,Freddie Woodman,20,2026-01-04 15:15:00+00:00,0,0,0,0,False,Fulham,0.0,-0.63375,-0.704645,2.0,1.0,0.0,-0.63375,-0.63375,0.0,2.0,True,-0.5212912542207935,-2.9602931428897334,-2.43900188866894
369,Freddie Woodman,21,2026-01-08 20:00:00+00:00,0,0,0,0,False,Arsenal,0.0,,,,,,,,,,,-0.5212912542207935,,
369,Freddie Woodman,22,2026-01-17 15:00:00+00:00,0,0,0,0,True,Burnley,0.0,,,,,,,,,,,-0.5212912542207935,,
369,Freddie Woodman,23,2026-01-24 17:30:00+00:00,0,0,0,0,False,Bournemouth,0.0,,,,,,,,,,,-0.5212912542207935,,
369,Freddie Woodman,24,2026-01-31 20:00:00+00:00,0,0,0,0,True,Newcastle,0.0,0.1591,0.18561666666666665,2.0,0.0,0.5,0.3182,0.0,1.0,1.0,True,-0.5212912542207935,0.26806771631599347,0.7893589705367869
369,Freddie Woodman,25,2026-02-08 16:30:00+00:00,0,0,0,0,True,Man City,0.0,,,,,,,,,,,-0.5212912542207935,,
369,Freddie Woodman,26,2026-02-11 20:15:00+00:00,0,0,0,0,False,Sunderland,0.0,,,,,,,,,,,-0.5212912542207935,,
369,Freddie Woodman,27,2026-02-22 14:00:00+00:00,0,0,0,0,False,Nott'm Forest,0.0,,,,,,,,,,,-0.5212912542207935,,
369,Freddie Woodman,28,2026-02-28 15:00:00+00:00,0,0,0,0,True,West Ham,0.0,0.0,0.0,2.0,0.0,0.0,0.0,0.0,0.0,2.0,True,-0.5212912542207935,-0.3797625324065027,0.14152872181429077
369,Freddie Woodman,29,2026-03-03 20:15:00+00:00,0,0,0,0,False,Wolves,0.0,,,,,,,,,,,-0.5212912542207935,,
369,Freddie Woodman,30,2026-03-15 16:30:00+00:00,0,0,0,0,True,Spurs,0.0,,,,,,,,,,,-0.5212912542207935,,
369,Freddie Woodman,31,2026-03-21 12:45:00+00:00,0,0,0,0,False,Brighton,0.0,,,,,,,,,,,-0.5212912542207935,,
369,Freddie Woodman,32,2026-04-11 16:30:00+00:00,0,0,0,0,True,Fulham,0.0,,,,,,,,,,,-0.5212912542207935,,
369,Freddie Woodman,33,2026-04-19 13:00:00+00:00,1,0,0,32,False,Everton,2.8125,-0.060980000000000006,-0.22962071005917162,15.0,0.4,0.2,-0.060980000000000006,-0.060980000000000006,0.0,15.0,False,-0.12905480780168835,-0.6280635290570233,-0.499008721255335
369,Freddie Woodman,34,2026-04-25 14:00:00+00:00,3,0,0,90,True,Crystal Palace,3.0,0.08602857142857143,0.022362595419847347,14.0,0.35714285714285715,0.35714285714285715,-0.148,0.12503333333333333,2.0,12.0,False,0.6554180850365219,-0.02946768120717866,-0.6848857662437006
369,Freddie Woodman,35,2026-05-03 14:30:00+00:00,2,0,0,90,False,Man Utd,2.0,0.009993749999999996,0.0655287878787879,16.0,0.4375,0.1875,-0.19935,0.03989999999999999,2.0,14.0,False,0.2631816386174168,-0.33906954970272873,-0.6022511883201456
369,Freddie Woodman,36,2026-05-09 11:30:00+00:00,0,0,0,0,True,Chelsea,0.0,,,,,,,,,,,-0.5212912542207935,,
369,Freddie Woodman,37,2026-05-15 19:00:00+00:00,0,0,0,0,False,Aston Villa,0.0,,,,,,,,,,,-0.5212912542207935,,
369,Freddie Woodman,38,2026-05-24 15:00:00+00:00,0,0,0,0,True,Brentford,0.0,,,,,,,,,,,-0.5212912542207935,,
370,Jeremie Frimpong,1,2025-08-15 19:00:00+00:00,1,0,0,59,True,Bournemouth,1.5254237288135593,0.013923076923076918,0.026334020618556695,13.0,0.38461538461538464,0.3076923076923077,-0.19935,0.0527,2.0,11.0,False,-0.12905480780168835,-0.32306994669902717,-0.19401513889733882
370,Jeremie Frimpong,2,2025-08-25 19:00:00+00:00,0,0,0,0,False,Newcastle,0.0,,,,,,,,,,,-0.5212912542207935,,
370,Jeremie Frimpong,3,2025-08-31 15:30:00+00:00,0,0,0,0,True,Arsenal,0.0,,,,,,,,,,,-0.5212912542207935,,
370,Jeremie Frimpong,4,2025-09-14 13:00:00+00:00,4,0,1,3,False,Burnley,4.0,0.055090909090909086,0.06700615384615384,11.0,0.09090909090909091,0.18181818181818182,0.14049999999999999,0.0230625,3.0,8.0,False,1.047654531455627,-0.1554409903655721,-1.203095521821199
370,Jeremie Frimpong,5,2025-09-20 11:30:00+00:00,0,0,0,0,True,Everton,0.0,,,,,,,,,,,-0.5212912542207935,,
370,Jeremie Frimpong,6,2025-09-27 14:00:00+00:00,1,0,0,16,False,Crystal Palace,5.625,0.016753846153846157,0.09993706896551725,13.0,0.46153846153846156,0.3076923076923077,-0.3062,0.0754727272727273,2.0,11.0,False,-0.12905480780168835,-0.31154349833419226,-0.1824886905325039
370,Jeremie Frimpong,7,2025-10-04 16:30:00+00:00,0,0,0,0,False,Chelsea,0.0,,,,,,,,,,,-0.5212912542207935,,
370,Jeremie Frimpong,8,2025-10-19 15:30:00+00:00,1,0,0,5,True,Man Utd,1.0,0.09283076923076922,-0.08260721649484534,13.0,0.15384615384615385,0.38461538461538464,0.21306000000000003,0.01768750000000001,5.0,8.0,False,-0.12905480780168835,-0.0017701985292565246,0.12728460927243182
370,Jeremie Frimpong,9,2025-10-25 19:00:00+00:00,0,0,0,0,False,Brentford,0.0,,,,,,,,,,,-0.5212912542207935,,
370,Jeremie Frimpong,10,2025-11-01 20:00:00+00:00,0,0,0,0,True,Aston Villa,0.0,,,,,,,,,,,-0.5212912542207935,,
370,Jeremie Frimpong,11,2025-11-09 16:30:00+00:00,0,0,0,0,False,Man City,0.0,,,,,,,,,,,-0.5212912542207935,,
370,Jeremie Frimpong,12,2025-11-22 15:00:00+00:00,0,0,0,0,True,Nott'm Forest,0.0,,,,,,,,,,,-0.5212912542207935,,
370,Jeremie Frimpong,13,2025-11-30 14:05:00+00:00,0,0,0,0,False,West Ham,0.0,,,,,,,,,,,-0.5212912542207935,,
370,Jeremie Frimpong,14,2025-12-03 20:15:00+00:00,0,0,0,0,True,Sunderland,0.0,,,,,,,,,,,-0.5212912542207935,,
370,Jeremie Frimpong,15,2025-12-06 17:30:00+00:00,0,0,0,0,False,Leeds,0.0,0.0,0.0,1.0,0.0,0.0,0.0,0.0,1.0,0.0,True,-0.5212912542207935,-0.3797625324065027,0.14152872181429077
370,Jeremie Frimpong,16,2025-12-13 15:00:00+00:00,0,0,0,0,True,Brighton,0.0,,,,,,,,,,,-0.5212912542207935,,
370,Jeremie Frimpong,17,2025-12-20 17:30:00+00:00,4,0,1,30,False,Spurs,12.0,0.06362941176470589,0.12909525691699603,17.0,0.4117647058823529,0.47058823529411764,-0.296,0.08610625,1.0,16.0,False,1.047654531455627,-0.12067354655109389,-1.168328078006721
370,Jeremie Frimpong,18,2025-12-27 15:00:00+00:00,5,0,1,90,True,Wolves,5.0,-0.014012500000000011,0.07004971751412428,16.0,0.5,0.25,-0.296,0.026271428571428567,2.0,14.0,False,1.4398909778747322,-0.43681923485919905,-1.8767102127339312
370,Jeremie Frimpong,19,2026-01-01 17:30:00+00:00,6,0,0,83,True,Leeds,6.506024096385541,0.29995652173913046,0.35240000000000005,23.0,0.21739130434782608,0.6086956521739131,0.41822,0.2671055555555555,5.0,18.0,False,1.8321274242938375,0.8416133826418677,-0.9905140416519698
370,Jeremie Frimpong,20,2026-01-04 15:15:00+00:00,4,0,1,14,False,Fulham,4.0,0.02194117647058822,0.03319612068965516,17.0,0.35294117647058826,0.29411764705882354,0.16106666666666666,-0.007871428571428585,3.0,14.0,False,1.047654531455627,-0.2904215028011894,-1.3380760342568163
370,Jeremie Frimpong,21,2026-01-08 20:00:00+00:00,6,0,0,90,False,Arsenal,6.0,0.2422,0.34949267399267403,22.0,0.36363636363636365,0.5,-0.187125,0.33760555555555555,4.0,18.0,False,1.8321274242938375,0.60643788393912,-1.2256895403547174
370,Jeremie Frimpong,22,2026-01-17 15:00:00+00:00,2,0,0,90,True,Burnley,2.0,0.052149999999999995,-0.017642758620689675,12.0,0.3333333333333333,0.3333333333333333,-0.135775,0.1461125,4.0,8.0,False,0.2631816386174168,-0.1674159109679221,-0.4305975495853389
370,Jeremie Frimpong,23,2026-01-24 17:30:00+00:00,0,0,0,58,False,Bournemouth,0.0,-0.12181249999999999,-0.20386866666666664,16.0,0.4375,0.25,0.0,-0.12993333333333332,1.0,15.0,False,-0.5212912542207935,-0.8757639288396206,-0.35447267461882714
370,Jeremie Frimpong,24,2026-01-31 20:00:00+00:00,0,0,0,0,True,Newcastle,0.0,,,,,,,,,,,-0.5212912542207935,,
370,Jeremie Frimpong,25,2026-02-08 16:30:00+00:00,0,0,0,0,True,Man City,0.0,,,,,,,,,,,-0.5212912542207935,,
370,Jeremie Frimpong,26,2026-02-11 20:15:00+00:00,0,0,0,0,False,Sunderland,0.0,0.3182,0.3182,1.0,0.0,1.0,0.3182,0.3182,0.0,1.0,True,-0.5212912542207935,0.9158979650384896,1.4371892192592832
370,Jeremie Frimpong,27,2026-02-22 14:00:00+00:00,0,0,0,0,False,Nott'm Forest,0.0,,,,,,,,,,,-0.5212912542207935,,
370,Jeremie Frimpong,28,2026-02-28 15:00:00+00:00,4,0,1,13,True,West Ham,4.0,-0.08962000000000003,0.006440740740740775,10.0,0.4,0.2,-0.08962000000000003,-0.08962000000000003,0.0,10.0,False,1.047654531455627,-0.7446811175134174,-1.7923356489690443
370,Jeremie Frimpong,29,2026-03-03 20:15:00+00:00,7,0,0,71,False,Wolves,8.873239436619718,0.39568333333333333,0.42912214532871973,18.0,0.1111111111111111,0.7222222222222222,0.4215,0.394164705882353,1.0,17.0,False,2.2243638707129425,1.231397946843527,-0.9929659238694155
370,Jeremie Frimpong,30,2026-03-15 16:30:00+00:00,6,0,0,63,True,Spurs,8.571428571428571,0.28894444444444445,0.4247721518987342,18.0,0.16666666666666666,0.5555555555555556,0.4588,0.2789529411764706,1.0,17.0,False,1.8321274242938375,0.7967739308959985,-1.035353493397839
370,Jeremie Frimpong,31,2026-03-21 12:45:00+00:00,0,0,0,62,False,Brighton,0.0,-0.06655625000000001,-0.17020000000000005,16.0,0.1875,0.1875,0.24656666666666668,-0.13881538461538462,3.0,13.0,False,-0.5212912542207935,-0.6507691445468965,-0.12947789032610302
370,Jeremie Frimpong,32,2026-04-11 16:30:00+00:00,6,0,0,68,True,Fulham,7.9411764705882355,0.36730714285714294,0.6314622857142858,14.0,0.21428571428571427,0.6428571428571429,0.2671333333333333,0.39462727272727266,3.0,11.0,False,1.8321274242938375,1.1158545493954606,-0.7162728748983769
370,Jeremie Frimpong,33,2026-04-19 13:00:00+00:00,1,0,0,6,False,Everton,1.0,0.047486666666666656,0.19769066147859926,15.0,0.4,0.3333333333333333,-0.46645000000000003,0.12655384615384618,2.0,13.0,False,-0.12905480780168835,-0.18640427296169487,-0.057349465160006524
370,Jeremie Frimpong,34,2026-04-25 14:00:00+00:00,1,0,0,31,True,Crystal Palace,2.903225806451613,0.09538333333333333,0.02656096491228069,18.0,0.2777777777777778,0.4444444444444444,0.192475,0.06764285714285714,4.0,14.0,False,-0.12905480780168835,0.00862344218378073,0.13767824998546907
370,Jeremie Frimpong,35,2026-05-03 14:30:00+00:00,1,0,0,74,False,Man Utd,1.2162162162162162,-0.032111764705882354,-0.19225364583333335,17.0,0.47058823529411764,0.29411764705882354,-0.1849,0.014899999999999998,4.0,13.0,False,-0.12905480780168835,-0.5105166022765847,-0.38146179447489637
370,Jeremie Frimpong,36,2026-05-09 11:30:00+00:00,2,0,0,90,True,Chelsea,2.0,0.19211250000000002,0.1990812121212121,16.0,0.125,0.5,0.3182,0.18370666666666668,1.0,15.0,False,0.2631816386174168,0.40248943904353224,0.13930780042611546
370,Jeremie Frimpong,37,2026-05-15 19:00:00+00:00,0,0,0,0,False,Aston Villa,0.0,,,,,,,,,,,-0.5212912542207935,,
370,Jeremie Frimpong,38,2026-05-24 15:00:00+00:00,1,0,0,16,True,Brentford,5.625,0.09367777777777778,0.18481822916666665,18.0,0.2222222222222222,0.3888888888888889,0.09367777777777778,0.09367777777777778,0.0,18.0,False,-0.12905480780168835,0.001678687439810951,0.1307334952414993
371,Milos Kerkez,1,2025-08-15 19:00:00+00:00,0,0,0,59,True,Bournemouth,0.0,-0.038909523809523824,-0.26038566878980896,21.0,0.38095238095238093,0.3333333333333333,-0.2525,0.027837499999999994,5.0,16.0,False,-0.5212912542207935,-0.5381960112700961,-0.01690475704930261
371,Milos Kerkez,2,2025-08-25 19:00:00+00:00,1,0,0,90,False,Newcastle,1.0,-0.15128666666666668,-0.3523,15.0,0.4,0.13333333333333333,0.29295,-0.21963076923076924,2.0,13.0,False,-0.12905480780168835,-0.9957781131422918,-0.8667233053406035
371,Milos Kerkez,3,2025-08-31 15:30:00+00:00,6,0,0,90,True,Arsenal,6.0,0.0801611111111111,0.24682520661157023,18.0,0.2222222222222222,0.2777777777777778,0.6705,0.04543529411764705,1.0,17.0,False,1.8321274242938375,-0.05335905943992347,-1.8854864837337608
371,Milos Kerkez,4,2025-09-14 13:00:00+00:00,0,0,0,37,False,Burnley,0.0,0.018229166666666668,0.027921865889212832,24.0,0.25,0.25,-0.153225,0.10395625,8.0,16.0,False,-0.5212912542207935,-0.30553622457702123,0.21575502964377224
371,Milos Kerkez,5,2025-09-20 11:30:00+00:00,4,0,0,90,True,Everton,4.0,0.07757142857142856,-0.03868197424892702,14.0,0.42857142857142855,0.42857142857142855,-0.16689999999999997,0.14424545454545454,3.0,11.0,False,1.047654531455627,-0.06390384060771008,-1.111558372063337
371,Milos Kerkez,6,2025-09-27 14:00:00+00:00,1,0,0,90,False,Crystal Palace,1.0,-0.19123846153846152,-0.36913578947368425,13.0,0.38461538461538464,0.07692307692307693,0.0,-0.207175,1.0,12.0,False,-0.12905480780168835,-1.158455556314542,-1.0294007485128536
371,Milos Kerkez,7,2025-10-04 16:30:00+00:00,1,0,0,54,False,Chelsea,1.6666666666666667,0.01937000000000001,-0.259587619047619,10.0,0.3,0.3,-0.7906,0.10936666666666667,1.0,9.0,False,-0.12905480780168835,-0.300890930157887,-0.17183612235619863
371,Milos Kerkez,8,2025-10-19 15:30:00+00:00,1,0,0,90,True,Man Utd,1.0,0.13277857142857144,0.2004063559322034,14.0,0.21428571428571427,0.35714285714285715,0.0,0.15490833333333334,2.0,12.0,False,-0.12905480780168835,0.16089098710065733,0.2899457949023457
371,Milos Kerkez,9,2025-10-25 19:00:00+00:00,6,1,0,60,False,Brentford,9.0,0.24902857142857146,0.25026759259259257,21.0,0.23809523809523808,0.47619047619047616,0.35612000000000005,0.2155625,5.0,16.0,False,1.8321274242938375,0.6342427558875221,-1.1978846684063154
371,Milos Kerkez,10,2025-11-01 20:00:00+00:00,0,0,0,0,True,Aston Villa,0.0,,,,,,,,,,,-0.5212912542207935,,
371,Milos Kerkez,11,2025-11-09 16:30:00+00:00,1,0,0,34,False,Man City,2.6470588235294117,0.027127272727272708,0.12537860962566846,11.0,0.45454545454545453,0.45454545454545453,0.2814,-0.029377777777777794,2.0,9.0,False,-0.12905480780168835,-0.26930453216720623,-0.14024972436551789
371,Milos Kerkez,12,2025-11-22 15:00:00+00:00,1,0,0,67,True,Nott'm Forest,1.3432835820895521,-0.22063333333333335,-0.29992481751824823,9.0,0.4444444444444444,0.0,-0.6369,-0.16860000000000003,1.0,8.0,False,-0.12905480780168835,-1.278146864334892,-1.1490920565332037
371,Milos Kerkez,13,2025-11-30 14:05:00+00:00,6,0,0,84,False,West Ham,6.428571428571429,0.2809578947368421,0.3947774358974359,19.0,0.15789473684210525,0.5789473684210527,0.0,0.29656666666666665,1.0,18.0,False,1.8321274242938375,0.764253952998383,-1.0678734712954545
371,Milos Kerkez,14,2025-12-03 20:15:00+00:00,1,0,0,4,True,Sunderland,1.0,-0.0236421052631579,0.11135147928994082,19.0,0.42105263157894735,0.2631578947368421,0.05055555555555554,-0.09041999999999999,9.0,10.0,False,-0.12905480780168835,-0.4760294773025116,-0.34697466950082323
371,Milos Kerkez,15,2025-12-06 17:30:00+00:00,1,0,0,90,False,Leeds,1.0,-0.13521764705882355,-0.39926119402985066,17.0,0.4117647058823529,0.17647058823529413,-0.10154,-0.14925,5.0,12.0,False,-0.12905480780168835,-0.9303475853655747,-0.8012927775638864
371,Milos Kerkez,16,2025-12-13 15:00:00+00:00,7,0,0,90,True,Brighton,7.0,0.3004833333333334,0.4647364532019705,18.0,0.1111111111111111,0.6111111111111112,0.39336666666666664,0.2819066666666667,3.0,15.0,False,2.2243638707129425,0.8437584768348431,-1.3806053938780996
371,Milos Kerkez,17,2025-12-20 17:30:00+00:00,2,0,0,90,False,Spurs,2.0,-0.04967333333333334,-0.15332180094786726,15.0,0.3333333333333333,0.2,0.10606666666666666,-0.08860833333333333,3.0,12.0,False,0.2631816386174168,-0.5820245555882048,-0.8452061942056215
371,Milos Kerkez,18,2025-12-27 15:00:00+00:00,2,0,0,90,True,Wolves,2.0,-0.02886875,-0.17213878787878786,16.0,0.375,0.375,0.13374999999999998,-0.083075,4.0,12.0,False,0.2631816386174168,-0.4973115549885741,-0.7604931936059909
371,Milos Kerkez,19,2026-01-01 17:30:00+00:00,1,0,0,24,True,Leeds,3.75,-0.05129166666666667,-0.2720429752066115,12.0,0.3333333333333333,0.25,0.1591,-0.09337,2.0,10.0,False,-0.12905480780168835,-0.5886141551221409,-0.45955934732045256
371,Milos Kerkez,20,2026-01-04 15:15:00+00:00,1,0,0,90,False,Fulham,1.0,-0.1559941176470588,-0.3577276315789474,17.0,0.5294117647058824,0.29411764705882354,0.3182,-0.21922,2.0,15.0,False,-0.12905480780168835,-1.0149461152760215,-0.8858913074743332
371,Milos Kerkez,21,2026-01-08 20:00:00+00:00,9,0,0,90,False,Arsenal,9.0,0.2018888888888889,0.373925352112676,18.0,0.2222222222222222,0.5,0.3013666666666666,0.18199333333333337,3.0,15.0,False,3.0088367635511526,0.4422973613910918,-2.566539402160061
371,Milos Kerkez,22,2026-01-17 15:00:00+00:00,1,0,0,77,True,Burnley,1.168831168831169,-0.13026153846153848,-0.33197920792079205,13.0,0.46153846153846156,0.23076923076923078,0.4315,-0.29879,3.0,10.0,False,-0.12905480780168835,-0.9101670884122443,-0.7811122806105559
371,Milos Kerkez,23,2026-01-24 17:30:00+00:00,0,0,0,45,False,Bournemouth,0.0,-0.1532,-0.34146507936507936,13.0,0.46153846153846156,0.15384615384615385,-0.05622500000000001,-0.19630000000000003,4.0,9.0,False,-0.5212912542207935,-1.003568906412074,-0.4822776521912806
371,Milos Kerkez,24,2026-01-31 20:00:00+00:00,5,0,1,90,True,Newcastle,5.0,0.4029833333333334,0.5377138248847926,12.0,0.08333333333333333,0.6666666666666666,0.31245,0.4210900000000001,2.0,10.0,False,1.4398909778747322,1.2611224020017562,-0.178768575872976
371,Milos Kerkez,25,2026-02-08 16:30:00+00:00,1,0,0,90,True,Man City,1.0,-0.18115,-0.38118139534883716,10.0,0.7,0.3,-0.1027,-0.18986666666666668,1.0,9.0,False,-0.12905480780168835,-1.1173769230795398,-0.9883221152778515
371,Milos Kerkez,26,2026-02-11 20:15:00+00:00,0,0,0,0,False,Sunderland,0.0,0.2202,0.3255130434782609,2.0,0.0,0.5,0.2202,0.2202,0.0,2.0,True,-0.5212912542207935,0.5168573341471974,1.0381485883679908
371,Milos Kerkez,27,2026-02-22 14:00:00+00:00,6,0,0,82,False,Nott'm Forest,6.585365853658537,0.31349166666666667,0.3206591611479029,24.0,0.16666666666666666,0.5416666666666666,0.4404,0.30797391304347826,1.0,23.0,False,1.8321274242938375,0.8967263701019608,-0.9354010541918767
371,Milos Kerkez,28,2026-02-28 15:00:00+00:00,1,0,0,90,True,West Ham,1.0,-0.316875,-0.3433032258064516,16.0,0.6875,0.125,-0.71375,-0.2601785714285714,2.0,14.0,False,-0.12905480780168835,-1.670027837648118,-1.5409730298464295
371,Milos Kerkez,29,2026-03-03 20:15:00+00:00,6,0,0,64,False,Wolves,8.4375,0.09672941176470586,0.04251931330472104,17.0,0.29411764705882354,0.4117647058823529,0.017016666666666663,0.14020909090909092,6.0,11.0,False,1.8321274242938375,0.014104462454026162,-1.8180229618398114
371,Milos Kerkez,30,2026-03-15 16:30:00+00:00,0,0,0,0,True,Spurs,0.0,,,,,,,,,,,-0.5212912542207935,,
371,Milos Kerkez,31,2026-03-21 12:45:00+00:00,7,1,0,75,False,Brighton,8.4,0.07204444444444445,0.06960284552845529,18.0,0.2777777777777778,0.3888888888888889,0.1438,0.057693333333333326,3.0,15.0,False,2.2243638707129425,-0.08640885318891309,-2.3107727239018554
371,Milos Kerkez,32,2026-04-11 16:30:00+00:00,0,0,0,0,True,Fulham,0.0,,,,,,,,,,,-0.5212912542207935,,
371,Milos Kerkez,33,2026-04-19 13:00:00+00:00,1,0,0,4,False,Everton,1.0,-0.04996363636363637,-0.0368452380952381,11.0,0.2727272727272727,0.2727272727272727,-0.04996363636363637,-0.04996363636363637,0.0,11.0,False,-0.12905480780168835,-0.5832066240000596,-0.4541518161983713
371,Milos Kerkez,34,2026-04-25 14:00:00+00:00,1,0,0,3,True,Crystal Palace,1.0,-0.13785882352941176,-0.3784073863636363,17.0,0.4117647058823529,0.29411764705882354,-0.13785882352941176,-0.13785882352941176,0.0,17.0,False,-0.12905480780168835,-0.9411020417443375,-0.8120472339426492
371,Milos Kerkez,35,2026-05-03 14:30:00+00:00,1,0,0,31,False,Man Utd,2.903225806451613,-0.11123571428571426,-0.08007926829268291,14.0,0.5714285714285714,0.2857142857142857,-0.11123571428571426,-0.11123571428571426,0.0,14.0,False,-0.12905480780168835,-0.8326969161433901,-0.7036421083417018
371,Milos Kerkez,36,2026-05-09 11:30:00+00:00,2,0,0,90,True,Chelsea,2.0,-0.04508461538461539,-0.2888730158730159,13.0,0.3076923076923077,0.23076923076923078,-0.00630000000000001,-0.05672000000000001,3.0,10.0,False,0.2631816386174168,-0.5633400157388312,-0.8265216543562479
371,Milos Kerkez,37,2026-05-15 19:00:00+00:00,0,0,0,90,False,Aston Villa,0.0,-0.06995,-0.24813373493975902,22.0,0.3181818181818182,0.2727272727272727,0.05245,-0.09715,4.0,18.0,False,-0.5212912542207935,-0.6645879623130936,-0.1432967080923001
371,Milos Kerkez,38,2026-05-24 15:00:00+00:00,1,0,0,7,True,Brentford,1.0,-0.08462352941176474,-0.13007810945273632,17.0,0.5294117647058824,0.23529411764705882,-0.08462352941176474,-0.08462352941176474,0.0,17.0,False,-0.12905480780168835,-0.7243362728628134,-0.5952814650611251
372,Andrew Robertson,1,2025-08-15 19:00:00+00:00,0,0,0,30,True,Bournemouth,0.0,-0.13080952380952382,-0.28944589371980683,21.0,0.38095238095238093,0.2857142857142857,0.11205000000000001,-0.18795294117647057,4.0,17.0,False,-0.5212912542207935,-0.9123983988099917,-0.39110714458919826
372,Andrew Robertson,2,2025-08-25 19:00:00+00:00,0,0,0,0,False,Newcastle,0.0,,,,,,,,,,,-0.5212912542207935,,
372,Andrew Robertson,3,2025-08-31 15:30:00+00:00,0,0,0,0,True,Arsenal,0.0,-0.4404,-0.4404,1.0,1.0,0.0,-0.4404,-0.4404,0.0,1.0,True,-0.5212912542207935,-2.1730022655139027,-1.6517110112931093
372,Andrew Robertson,4,2025-09-14 13:00:00+00:00,1,0,0,52,False,Burnley,1.7307692307692308,-0.044922222222222224,-0.10749809523809521,18.0,0.2777777777777778,0.2777777777777778,0.011099999999999999,-0.05192499999999999,2.0,16.0,False,-0.12905480780168835,-0.5626787762493027,-0.4336239684476144
372,Andrew Robertson,5,2025-09-20 11:30:00+00:00,0,0,0,0,True,Everton,0.0,,,,,,,,,,,-0.5212912542207935,,
372,Andrew Robertson,6,2025-09-27 14:00:00+00:00,0,0,0,0,False,Crystal Palace,0.0,,,,,,,,,,,-0.5212912542207935,,
372,Andrew Robertson,7,2025-10-04 16:30:00+00:00,1,0,0,35,False,Chelsea,2.571428571428571,-0.019733333333333318,-0.2212307692307692,15.0,0.4,0.3333333333333333,0.0,-0.021142857142857126,1.0,14.0,False,-0.12905480780168835,-0.4601135710077425,-0.3310587632060541
372,Andrew Robertson,8,2025-10-19 15:30:00+00:00,0,0,0,0,True,Man Utd,0.0,0.0,0.0,1.0,0.0,0.0,0.0,0.0,0.0,1.0,True,-0.5212912542207935,-0.3797625324065027,0.14152872181429077
372,Andrew Robertson,9,2025-10-25 19:00:00+00:00,1,0,0,29,False,Brentford,3.103448275862069,0.29072222222222227,0.38061142857142855,9.0,0.1111111111111111,0.6666666666666666,0.2157,0.3282333333333334,3.0,6.0,False,-0.12905480780168835,0.8040127632024167,0.933067571004105
372,Andrew Robertson,10,2025-11-01 20:00:00+00:00,8,0,0,90,True,Aston Villa,8.0,0.26128,0.5697891472868216,10.0,0.1,0.5,0.0,0.29031111111111113,1.0,9.0,False,2.6166003171320478,0.6841286516677514,-1.9324716654642964
372,Andrew Robertson,11,2025-11-09 16:30:00+00:00,0,0,0,55,False,Man City,0.0,-0.06373913043478262,-0.28571111111111114,23.0,0.34782608695652173,0.30434782608695654,0.3182,-0.0811,1.0,22.0,False,-0.5212912542207935,-0.6392982754795439,-0.1180070212587504
372,Andrew Robertson,12,2025-11-22 15:00:00+00:00,1,0,0,22,True,Nott'm Forest,4.090909090909091,-0.1482,-0.2620407407407407,15.0,0.6666666666666666,0.2,-0.1027,-0.15145,1.0,14.0,False,-0.12905480780168835,-0.9832096905502735,-0.8541548827485852
372,Andrew Robertson,13,2025-11-30 14:05:00+00:00,1,0,0,5,False,West Ham,1.0,0.06926,-0.0528709923664122,10.0,0.3,0.4,-0.2202,0.14162500000000003,2.0,8.0,False,-0.12905480780168835,-0.09774667428884032,0.03130813351284803
372,Andrew Robertson,14,2025-12-03 20:15:00+00:00,2,0,0,85,True,Sunderland,2.1176470588235294,-0.13829090909090913,-0.15822637362637365,11.0,0.5454545454545454,0.18181818181818182,-0.1027,-0.14185000000000003,1.0,10.0,False,0.2631816386174168,-0.942861426387796,-1.2060430650052127
372,Andrew Robertson,15,2025-12-06 17:30:00+00:00,0,0,0,0,False,Leeds,0.0,0.0,0.0,1.0,0.0,0.0,0.0,0.0,1.0,0.0,True,-0.5212912542207935,-0.3797625324065027,0.14152872181429077
372,Andrew Robertson,16,2025-12-13 15:00:00+00:00,1,0,0,12,True,Brighton,1.0,-0.014222222222222223,-0.030930143540669863,18.0,0.3888888888888889,0.3333333333333333,0.1407,-0.05848571428571429,4.0,14.0,False,-0.12905480780168835,-0.43767319085784673,-0.3086183830561584
372,Andrew Robertson,17,2025-12-20 17:30:00+00:00,1,0,0,1,False,Spurs,1.0,-0.2529333333333333,-0.4538139534883721,9.0,0.5555555555555556,0.1111111111111111,-0.3509333333333333,-0.2039333333333333,3.0,6.0,False,-0.12905480780168835,-1.409667398802124,-1.2806125910004356
372,Andrew Robertson,18,2025-12-27 15:00:00+00:00,0,0,0,0,True,Wolves,0.0,0.17804999999999999,0.20924444444444443,2.0,0.5,0.5,-0.1027,0.4588,1.0,1.0,True,-0.5212912542207935,0.34522914443221786,0.8665203986530113
372,Andrew Robertson,19,2026-01-01 17:30:00+00:00,6,0,0,65,True,Leeds,8.307692307692308,0.028174999999999995,0.1864362962962963,12.0,0.25,0.3333333333333333,0.10626666666666666,0.002144444444444455,3.0,9.0,False,1.8321274242938375,-0.2650383510252562,-2.0971657753190938
372,Andrew Robertson,20,2026-01-04 15:15:00+00:00,0,0,0,0,False,Fulham,0.0,0.30156666666666665,0.49140731707317076,3.0,0.3333333333333333,0.6666666666666666,0.30156666666666665,0.30156666666666665,3.0,0.0,False,-0.5212912542207935,0.8481696402715663,1.3694608944923599
372,Andrew Robertson,21,2026-01-08 20:00:00+00:00,0,0,0,0,False,Arsenal,0.0,,,,,,,,,,,-0.5212912542207935,,
372,Andrew Robertson,22,2026-01-17 15:00:00+00:00,1,0,0,12,True,Burnley,1.0,-0.08072777777777779,-0.19497813953488372,18.0,0.3888888888888889,0.2777777777777778,-0.24472,-0.017653846153846155,5.0,13.0,False,-0.12905480780168835,-0.7084733831707527,-0.5794185753690644
372,Andrew Robertson,23,2026-01-24 17:30:00+00:00,1,0,0,45,False,Bournemouth,2.0,-0.1816,-0.28527619047619046,10.0,0.5,0.1,-0.09806666666666669,-0.2174,3.0,7.0,False,-0.12905480780168835,-1.1192092525071018,-0.9901544447054135
372,Andrew Robertson,24,2026-01-31 20:00:00+00:00,0,0,0,0,True,Newcastle,0.0,,,,,,,,,,,-0.5212912542207935,,
372,Andrew Robertson,25,2026-02-08 16:30:00+00:00,0,0,0,0,True,Man City,0.0,,,,,,,,,,,-0.5212912542207935,,
372,Andrew Robertson,26,2026-02-11 20:15:00+00:00,8,0,0,90,False,Sunderland,8.0,0.2567695652173913,0.1881729813664596,23.0,0.17391304347826086,0.6086956521739131,0.34215,0.22663529411764705,6.0,17.0,False,2.6166003171320478,0.6657628685938105,-1.9508374485382372
372,Andrew Robertson,27,2026-02-22 14:00:00+00:00,1,0,0,7,False,Nott'm Forest,1.0,-0.1678666666666667,-0.24948724832214766,12.0,0.5,0.25,-0.6124,-0.12745454545454546,1.0,11.0,False,-0.12905480780168835,-1.063289272940023,-0.9342344651383346
372,Andrew Robertson,28,2026-02-28 15:00:00+00:00,0,0,0,0,True,West Ham,0.0,,,,,,,,,,,-0.5212912542207935,,
372,Andrew Robertson,29,2026-03-03 20:15:00+00:00,0,0,0,25,False,Wolves,0.0,0.14992777777777777,0.005936563876651997,18.0,0.2222222222222222,0.4444444444444444,0.2202,0.14114375,2.0,16.0,False,-0.5212912542207935,0.23071986588506807,0.7520111201058616
372,Andrew Robertson,30,2026-03-15 16:30:00+00:00,2,0,0,90,True,Spurs,2.0,0.18711000000000003,0.05373900000000001,10.0,0.1,0.5,0.3182,0.17254444444444447,1.0,9.0,False,0.2631816386174168,0.38212004357380075,0.11893840495638397
372,Andrew Robertson,31,2026-03-21 12:45:00+00:00,1,0,0,14,False,Brighton,1.0,-0.11698666666666667,-0.27580563380281686,15.0,0.4,0.26666666666666666,0.06275,-0.14463846153846155,2.0,13.0,False,-0.12905480780168835,-0.8561138923303394,-0.7270590845286511
372,Andrew Robertson,32,2026-04-11 16:30:00+00:00,6,0,0,90,True,Fulham,6.0,0.18048823529411767,0.23452077922077927,17.0,0.29411764705882354,0.4117647058823529,-0.18103333333333335,0.2579571428571429,3.0,14.0,False,1.8321274242938375,0.3551572561671784,-1.476970168126659
372,Andrew Robertson,33,2026-04-19 13:00:00+00:00,2,0,0,85,False,Everton,2.1176470588235294,0.20395833333333335,0.2340848739495798,12.0,0.16666666666666666,0.5,0.4404,0.18246363636363636,1.0,11.0,False,0.2631816386174168,0.4507238146227816,0.18754217600536482
372,Andrew Robertson,34,2026-04-25 14:00:00+00:00,8,1,0,86,True,Crystal Palace,8.372093023255813,0.11975294117647059,0.1336545816733068,17.0,0.35294117647058826,0.47058823529411764,0.5037,0.06856000000000001,2.0,15.0,False,2.6166003171320478,0.10785266349295297,-2.508747653639095
372,Andrew Robertson,35,2026-05-03 14:30:00+00:00,0,0,0,58,False,Man Utd,0.0,-0.4239590909090909,-0.5646881136950904,22.0,0.6363636363636364,0.09090909090909091,-0.6797000000000001,-0.3671277777777778,4.0,18.0,False,-0.5212912542207935,-2.106057462084691,-1.5847662078638973
372,Andrew Robertson,36,2026-05-09 11:30:00+00:00,0,0,0,0,True,Chelsea,0.0,,,,,,,,,,,-0.5212912542207935,,
372,Andrew Robertson,37,2026-05-15 19:00:00+00:00,0,0,0,0,False,Aston Villa,0.0,,,,,,,,,,,-0.5212912542207935,,
372,Andrew Robertson,38,2026-05-24 15:00:00+00:00,2,0,0,82,True,Brentford,2.1951219512195124,-0.09529999999999997,-0.19320725388601037,15.0,0.5333333333333333,0.26666666666666666,-0.6369,-0.05661428571428569,1.0,14.0,False,0.2631816386174168,-0.7678091867324227,-1.0309908253498394
373,Virgil van Dijk,1,2025-08-15 19:00:00+00:00,3,0,0,90,True,Bournemouth,3.0,0.26152000000000003,0.3074248447204969,15.0,0.0,0.5333333333333333,0.21075,0.2799818181818182,4.0,11.0,False,0.6554180850365219,0.6851058940291179,0.029687808992596043
373,Virgil van Dijk,2,2025-08-25 19:00:00+00:00,3,0,0,90,False,Newcastle,3.0,0.3652428571428571,0.3826929292929293,7.0,0.0,0.7142857142857143,0.3182,0.3730833333333334,1.0,6.0,False,0.6554180850365219,1.1074491017039452,0.4520310166674233
373,Virgil van Dijk,3,2025-08-31 15:30:00+00:00,8,0,0,90,True,Arsenal,8.0,0.2427409090909091,0.3206109848484848,22.0,0.18181818181818182,0.45454545454545453,0.2427409090909091,0.2427409090909091,0.0,22.0,False,2.6166003171320478,0.6086403809278057,-2.007959936204242
373,Virgil van Dijk,4,2025-09-14 13:00:00+00:00,8,0,0,90,False,Burnley,8.0,0.33253636363636363,0.49859586206896556,11.0,0.18181818181818182,0.6363636363636364,0.6249,0.3033,1.0,10.0,False,2.6166003171320478,0.974273389427689,-1.6423269277043588
373,Virgil van Dijk,5,2025-09-20 11:30:00+00:00,4,0,0,90,True,Everton,4.0,0.14410833333333334,0.05774897959183676,12.0,0.16666666666666666,0.4166666666666667,0.235925,0.09820000000000001,4.0,8.0,False,1.047654531455627,0.20702400075702793,-0.840630530698599
373,Virgil van Dijk,6,2025-09-27 14:00:00+00:00,2,0,0,90,False,Crystal Palace,2.0,-0.0416,-0.06647492260061917,18.0,0.4444444444444444,0.3333333333333333,-0.4008,0.0032999999999999974,2.0,16.0,False,0.2631816386174168,-0.5491512083766841,-0.8123328469941009
373,Virgil van Dijk,7,2025-10-04 16:30:00+00:00,1,0,0,90,False,Chelsea,1.0,-0.07258666666666665,-0.16559795918367343,15.0,0.4666666666666667,0.4,0.3182,-0.10049999999999999,1.0,14.0,False,-0.12905480780168835,-0.6753240554775497,-0.5462692476758614
373,Virgil van Dijk,8,2025-10-19 15:30:00+00:00,3,0,0,90,True,Man Utd,3.0,0.3483555555555556,0.3722559139784946,9.0,0.1111111111111111,0.6666666666666666,0.6696,0.3082,1.0,8.0,False,0.6554180850365219,1.0386866580361052,0.3832685729995833
373,Virgil van Dijk,9,2025-10-25 19:00:00+00:00,3,0,0,90,False,Brentford,3.0,0.21214615384615382,0.37430303030303025,13.0,0.0,0.5384615384615384,0.0,0.22982499999999997,1.0,12.0,False,0.6554180850365219,0.4840633356744198,-0.1713547493621021
373,Virgil van Dijk,10,2025-11-01 20:00:00+00:00,5,0,0,90,True,Aston Villa,5.0,0.07062307692307693,0.1509522012578616,13.0,0.3076923076923077,0.38461538461538464,0.07062307692307693,0.07062307692307693,0.0,13.0,False,1.4398909778747322,-0.09219643882620789,-1.5320874167009402
373,Virgil van Dijk,11,2025-11-09 16:30:00+00:00,1,0,0,90,False,Man City,1.0,-0.026364285714285698,-0.03210238095238095,14.0,0.35714285714285715,0.2857142857142857,-0.41355,0.038166666666666675,2.0,12.0,False,-0.12905480780168835,-0.48711376918636856,-0.3580589613846802
373,Virgil van Dijk,12,2025-11-22 15:00:00+00:00,3,0,0,90,True,Nott'm Forest,3.0,0.03155555555555555,-0.057914893617021304,9.0,0.3333333333333333,0.3333333333333333,0.03155555555555555,0.03155555555555555,0.0,9.0,False,0.6554180850365219,-0.2512732589675832,-0.9066913440041051
373,Virgil van Dijk,13,2025-11-30 14:05:00+00:00,6,0,0,90,False,West Ham,6.0,0.303465,0.35329103942652335,20.0,0.3,0.55,0.43974,0.25804,5.0,15.0,False,1.8321274242938375,0.8558993558937632,-0.9762280684000743
373,Virgil van Dijk,14,2025-12-03 20:15:00+00:00,4,0,0,90,True,Sunderland,4.0,0.13077368421052632,0.08425853658536585,19.0,0.21052631578947367,0.3157894736842105,0.10265555555555556,0.15608,9.0,10.0,False,1.047654531455627,0.15272740077050823,-0.8949271306851188
373,Virgil van Dijk,15,2025-12-06 17:30:00+00:00,2,0,0,90,False,Leeds,2.0,0.08701578947368423,-0.10684235294117644,19.0,0.2631578947368421,0.42105263157894735,0.6064,0.025911764705882374,2.0,17.0,False,0.2631816386174168,-0.02544788415055539,-0.28862952276797216
373,Virgil van Dijk,16,2025-12-13 15:00:00+00:00,6,0,0,90,True,Brighton,6.0,0.23340999999999998,0.4503390625,10.0,0.3,0.6,0.5859,0.19424444444444441,1.0,9.0,False,1.8321274242938375,0.5706463824540744,-1.261481041839763
373,Virgil van Dijk,17,2025-12-20 17:30:00+00:00,2,0,0,90,False,Spurs,2.0,-0.16049444444444444,-0.16336315789473682,18.0,0.3333333333333333,0.1111111111111111,-0.4008,-0.13045625,2.0,16.0,False,0.2631816386174168,-1.0332707402193455,-1.2964523788367623
373,Virgil van Dijk,18,2025-12-27 15:00:00+00:00,2,0,0,90,True,Wolves,2.0,-0.015093333333333332,-0.15590936170212763,15.0,0.4666666666666667,0.3333333333333333,-0.10170000000000004,0.0164,4.0,11.0,False,0.2631816386174168,-0.44122021868799155,-0.7044018573054083
373,Virgil van Dijk,19,2026-01-01 17:30:00+00:00,6,0,0,90,True,Leeds,6.0,0.4241941176470588,0.6228178832116789,17.0,0.058823529411764705,0.6470588235294118,0.21795,0.48765384615384616,4.0,13.0,False,1.8321274242938375,1.3474893892900022,-0.4846380350038353
373,Virgil van Dijk,20,2026-01-04 15:15:00+00:00,1,0,0,90,False,Fulham,1.0,-0.06274375000000001,-0.28300532786885246,16.0,0.375,0.3125,0.004166666666666652,-0.07818461538461538,3.0,13.0,False,-0.12905480780168835,-0.6352452424522735,-0.5061904346505852
373,Virgil van Dijk,21,2026-01-08 20:00:00+00:00,6,0,0,90,False,Arsenal,6.0,0.18851666666666667,0.09218478260869561,12.0,0.08333333333333333,0.5,0.44015,0.13818999999999998,2.0,10.0,False,1.8321274242938375,0.3878477696362539,-1.4442796546575836
373,Virgil van Dijk,22,2026-01-17 15:00:00+00:00,2,0,0,90,True,Burnley,2.0,-0.029479999999999996,-0.14302923076923077,15.0,0.26666666666666666,0.26666666666666666,-0.55545,0.05143846153846153,2.0,13.0,False,0.2631816386174168,-0.4998004691276792,-0.762982107745096
373,Virgil van Dijk,23,2026-01-24 17:30:00+00:00,9,1,0,90,False,Bournemouth,9.0,0.20982083333333332,0.2936973333333333,24.0,0.20833333333333334,0.375,0.0,0.23979523809523812,3.0,21.0,False,3.0088367635511526,0.4745949952207427,-2.5342417683304097
373,Virgil van Dijk,24,2026-01-31 20:00:00+00:00,4,0,0,90,True,Newcastle,4.0,0.07644285714285713,-0.009393814432989719,14.0,0.21428571428571427,0.42857142857142855,-0.209975,0.19100999999999999,4.0,10.0,False,1.047654531455627,-0.06849920647365934,-1.1161537379292863
373,Virgil van Dijk,25,2026-02-08 16:30:00+00:00,0,0,0,90,True,Man City,0.0,-0.25863500000000006,-0.37325377969762424,20.0,0.55,0.15,0.21075,-0.31078888888888895,2.0,18.0,False,-0.5212912542207935,-1.4328836912898644,-0.9115924370690709
373,Virgil van Dijk,26,2026-02-11 20:15:00+00:00,17,1,0,90,False,Sunderland,17.0,0.2358529411764706,0.28346465028355394,34.0,0.3235294117647059,0.5882352941176471,0.29075555555555554,0.21608799999999997,9.0,25.0,False,6.146728334903994,0.5805936558039638,-5.56613467910003
373,Virgil van Dijk,27,2026-02-22 14:00:00+00:00,11,0,1,90,False,Nott'm Forest,11.0,0.4634681818181818,0.540932098765432,22.0,0.13636363636363635,0.7272727272727273,0.8064,0.42917500000000003,2.0,20.0,False,3.793309656389363,1.5074072193360228,-2.2859024370533403
373,Virgil van Dijk,28,2026-02-28 15:00:00+00:00,7,1,0,90,True,West Ham,7.0,0.16619375,0.21101162790697675,16.0,0.3125,0.5,0.33525,0.14204285714285714,2.0,14.0,False,2.2243638707129425,0.29695235381992313,-1.9274115168930193
373,Virgil van Dijk,29,2026-03-03 20:15:00+00:00,1,0,0,90,False,Wolves,1.0,0.10735238095238094,0.2683671755725191,21.0,0.2857142857142857,0.38095238095238093,0.45577500000000004,0.025370588235294117,4.0,17.0,False,-0.12905480780168835,0.05735952701105294,0.18641433481274128
373,Virgil van Dijk,30,2026-03-15 16:30:00+00:00,2,0,0,90,True,Spurs,2.0,-0.16132307692307693,-0.033084140969162984,13.0,0.5384615384615384,0.23076923076923078,-0.48324999999999996,-0.1027909090909091,2.0,11.0,False,0.2631816386174168,-1.036644801719861,-1.299826440337278
373,Virgil van Dijk,31,2026-03-21 12:45:00+00:00,3,0,0,90,False,Brighton,3.0,0.010926666666666666,0.11256298342541436,15.0,0.4,0.2,-0.05135,0.020507692307692314,2.0,13.0,False,0.6554180850365219,-0.33527085934318107,-0.9906889443797029
373,Virgil van Dijk,32,2026-04-11 16:30:00+00:00,9,0,0,90,True,Fulham,9.0,0.5168642857142858,0.5754876288659794,14.0,0.0,0.9285714285714286,0.56465,0.5089,2.0,12.0,False,3.0088367635511526,1.7248277804160057,-1.2840089831351469
373,Virgil van Dijk,33,2026-04-19 13:00:00+00:00,8,1,0,90,False,Everton,8.0,0.31806666666666666,0.21083703703703702,15.0,0.06666666666666667,0.8,0.4939,0.2910153846153846,2.0,13.0,False,2.6166003171320478,0.9153550526155084,-1.7012452645165395
373,Virgil van Dijk,34,2026-04-25 14:00:00+00:00,4,0,0,90,True,Crystal Palace,4.0,0.09537499999999999,0.10083018018018017,16.0,0.3125,0.375,-0.06846666666666666,0.13318461538461543,3.0,13.0,False,1.047654531455627,0.008589510157344344,-1.0390650212982826
373,Virgil van Dijk,35,2026-05-03 14:30:00+00:00,1,0,0,90,False,Man Utd,1.0,-0.03219333333333333,-0.3119733333333333,15.0,0.2,0.2,-0.03423333333333333,-0.03168333333333333,3.0,12.0,False,-0.12905480780168835,-0.5108487369353497,-0.3817939291336614
373,Virgil van Dijk,36,2026-05-09 11:30:00+00:00,2,0,0,90,True,Chelsea,2.0,0.03694615384615384,-0.1757606451612903,13.0,0.15384615384615385,0.38461538461538464,0.048733333333333316,0.03341,3.0,10.0,False,0.2631816386174168,-0.22932358812307438,-0.49250522674049113
373,Virgil van Dijk,37,2026-05-15 19:00:00+00:00,14,2,0,90,False,Aston Villa,14.0,0.2257111111111111,0.3237900212314224,27.0,0.18518518518518517,0.4074074074074074,0.586,0.180675,3.0,24.0,False,4.9700189956466785,0.5392977142970931,-4.4307212813495855
373,Virgil van Dijk,38,2026-05-24 15:00:00+00:00,2,0,0,90,True,Brentford,2.0,-0.02502499999999999,0.0726255230125523,16.0,0.4375,0.375,0.6696,-0.07133333333333332,1.0,15.0,False,0.2631816386174168,-0.48166040779481484,-0.7448420464122316
374,Ibrahima Konaté,1,2025-08-15 19:00:00+00:00,1,0,0,90,True,Bournemouth,1.0,0.04827058823529412,-0.033553669724770634,17.0,0.17647058823529413,0.35294117647058826,-0.05135,0.06155333333333334,2.0,15.0,False,-0.12905480780168835,-0.18321226727481327,-0.05415745947312492
374,Ibrahima Konaté,2,2025-08-25 19:00:00+00:00,0,0,0,90,False,Newcastle,0.0,-0.077776,-0.036396,25.0,0.4,0.28,0.3295666666666666,-0.13332272727272726,3.0,22.0,False,-0.5212912542207935,-0.696454206979984,-0.17516295275919047
374,Ibrahima Konaté,3,2025-08-31 15:30:00+00:00,6,0,0,78,True,Arsenal,6.9230769230769225,0.28936,0.3060474137931034,10.0,0.1,0.5,0.28936,0.28936,0.0,10.0,False,1.8321274242938375,0.7984660079476237,-1.033661416346214
374,Ibrahima Konaté,4,2025-09-14 13:00:00+00:00,9,0,0,86,False,Burnley,9.41860465116279,0.39164090909090904,0.5126085714285714,22.0,0.09090909090909091,0.6363636363636364,0.24159999999999998,0.406645,2.0,20.0,False,3.0088367635511526,1.2149378292922286,-1.793898934258924
374,Ibrahima Konaté,5,2025-09-20 11:30:00+00:00,4,0,0,90,True,Everton,4.0,0.1275,0.05209471544715447,16.0,0.1875,0.4375,0.18926666666666667,0.11324615384615386,3.0,13.0,False,1.047654531455627,0.13939747206941347,-0.9082570593862135
374,Ibrahima Konaté,6,2025-09-27 14:00:00+00:00,3,0,0,73,False,Crystal Palace,3.6986301369863015,0.2318416666666667,0.3171113095238095,12.0,0.16666666666666666,0.6666666666666666,-0.296,0.2798272727272727,1.0,11.0,False,0.6554180850365219,0.5642603750787565,-0.0911577099577654
374,Ibrahima Konaté,7,2025-10-04 16:30:00+00:00,1,0,0,55,False,Chelsea,1.6363636363636362,-0.06951176470588236,-0.0930808988764045,17.0,0.35294117647058826,0.23529411764705882,-0.2202,-0.04941999999999999,2.0,15.0,False,-0.12905480780168835,-0.6628035369228535,-0.5337487291211652
374,Ibrahima Konaté,8,2025-10-19 15:30:00+00:00,3,0,0,90,True,Man Utd,3.0,0.17287777777777777,0.061953535353535365,9.0,0.3333333333333333,0.3333333333333333,0.6696,0.11078749999999998,1.0,8.0,False,0.6554180850365219,0.32416866669073297,-0.3312494183457889
374,Ibrahima Konaté,9,2025-10-25 19:00:00+00:00,3,0,0,90,False,Brentford,3.0,-0.024481250000000006,-0.10830676328502412,16.0,0.375,0.25,-0.024481250000000006,-0.024481250000000006,0.0,16.0,False,0.6554180850365219,-0.4794463430698441,-1.134864428106366
374,Ibrahima Konaté,10,2025-11-01 20:00:00+00:00,8,0,0,90,True,Aston Villa,8.0,0.2338266666666667,0.4284861111111112,15.0,0.2,0.4666666666666667,0.306025,0.15131428571428573,8.0,7.0,False,2.6166003171320478,0.5723429837758913,-2.0442573333561564
374,Ibrahima Konaté,11,2025-11-09 16:30:00+00:00,1,0,0,90,False,Man City,1.0,0.03093846153846153,-0.006138759689922478,13.0,0.23076923076923078,0.23076923076923078,-0.17390000000000003,0.09239,3.0,10.0,False,-0.12905480780168835,-0.25378596902779177,-0.12473116122610342
374,Ibrahima Konaté,12,2025-11-22 15:00:00+00:00,0,0,0,54,True,Nott'm Forest,0.0,-0.25593333333333335,-0.39998632075471696,27.0,0.5185185185185185,0.18518518518518517,0.021128571428571424,-0.352905,7.0,20.0,False,-0.5212912542207935,-1.4218829283192045,-0.900591674098411
374,Ibrahima Konaté,13,2025-11-30 14:05:00+00:00,8,0,0,90,False,West Ham,8.0,0.10611538461538463,-0.039586559139784934,13.0,0.3076923076923077,0.46153846153846156,0.24656666666666668,0.06398000000000001,3.0,10.0,False,2.6166003171320478,0.05232267192202003,-2.5642776452100278
374,Ibrahima Konaté,14,2025-12-03 20:15:00+00:00,4,0,0,90,True,Sunderland,4.0,0.1996294117647059,0.30442043478260866,17.0,0.17647058823529413,0.47058823529411764,0.52715,0.09885384615384615,4.0,13.0,False,1.047654531455627,0.4330971248898834,-0.6145574065657435
374,Ibrahima Konaté,15,2025-12-06 17:30:00+00:00,1,0,0,90,False,Leeds,1.0,-0.19889444444444443,-0.2475709359605911,18.0,0.5,0.1111111111111111,-0.135775,-0.21692857142857142,4.0,14.0,False,-0.12905480780168835,-1.1896295180379743,-1.060574710236286
374,Ibrahima Konaté,16,2025-12-13 15:00:00+00:00,9,0,0,90,True,Brighton,9.0,0.21481538461538463,0.3153454022988505,13.0,0.3076923076923077,0.6153846153846154,0.5859,0.18389166666666668,1.0,12.0,False,3.0088367635511526,0.49493202475756587,-2.513904738793587
374,Ibrahima Konaté,17,2025-12-20 17:30:00+00:00,1,0,0,90,False,Spurs,1.0,0.004566666666666657,-0.2235234693877551,9.0,0.2222222222222222,0.2222222222222222,0.3182,-0.03463749999999999,1.0,8.0,False,-0.12905480780168835,-0.3611677819193915,-0.23211297411770312
374,Ibrahima Konaté,18,2025-12-27 15:00:00+00:00,2,0,0,90,True,Wolves,2.0,0.06548181818181818,-0.09560740740740739,11.0,0.18181818181818182,0.2727272727272727,0.0,0.07203,1.0,10.0,False,0.2631816386174168,-0.11313083812913913,-0.3763124767465559
374,Ibrahima Konaté,19,2026-01-01 17:30:00+00:00,7,0,0,90,True,Leeds,7.0,0.25671052631578944,0.34516344086021505,19.0,0.2631578947368421,0.5789473684210527,0.4588,0.24548333333333336,1.0,18.0,False,2.2243638707129425,0.6655224714454193,-1.5588413992675232
374,Ibrahima Konaté,20,2026-01-04 15:15:00+00:00,1,0,0,90,False,Fulham,1.0,0.06631875000000001,-0.15716578947368426,16.0,0.25,0.375,-0.0719,0.09821538461538462,3.0,13.0,False,-0.12905480780168835,-0.1097229830195445,0.019331824782143847
374,Ibrahima Konaté,21,2026-01-08 20:00:00+00:00,7,0,0,90,False,Arsenal,7.0,0.08269545454545454,0.1797232974910394,22.0,0.2727272727272727,0.4090909090909091,0.0797,0.08336111111111114,4.0,18.0,False,2.2243638707129425,-0.0430396104303764,-2.267403481143319
374,Ibrahima Konaté,22,2026-01-17 15:00:00+00:00,2,0,0,90,True,Burnley,2.0,-0.011658823529411763,-0.12398999999999998,17.0,0.4117647058823529,0.35294117647058826,0.17200000000000004,-0.05101428571428572,3.0,14.0,False,0.2631816386174168,-0.4272354333924896,-0.6904170720099063
374,Ibrahima Konaté,23,2026-01-24 17:30:00+00:00,0,0,0,0,False,Bournemouth,0.0,-0.1027,-0.10269999999999999,1.0,1.0,0.0,-0.1027,-0.1027,0.0,1.0,True,-0.5212912542207935,-0.7979408262078878,-0.2766495719870943
374,Ibrahima Konaté,24,2026-01-31 20:00:00+00:00,11,1,0,90,True,Newcastle,11.0,0.2928294117647059,0.4811833333333333,17.0,0.29411764705882354,0.5294117647058824,0.4588,0.28245625,1.0,16.0,False,3.793309656389363,0.8125929085538472,-2.980716747835516
374,Ibrahima Konaté,25,2026-02-08 16:30:00+00:00,1,0,0,90,True,Man City,1.0,-0.015699999999999992,-0.3049088495575221,12.0,0.25,0.3333333333333333,-0.006000000000000005,-0.01763999999999999,2.0,10.0,False,-0.12905480780168835,-0.4436904702125567,-0.3146356624108684
374,Ibrahima Konaté,26,2026-02-11 20:15:00+00:00,6,0,0,90,False,Sunderland,6.0,0.23956923076923078,0.329906833712984,26.0,0.23076923076923078,0.5384615384615384,0.3129857142857143,0.21252105263157892,7.0,19.0,False,1.8321274242938375,0.5957258042087572,-1.2364016200850803
374,Ibrahima Konaté,27,2026-02-22 14:00:00+00:00,9,0,0,90,False,Nott'm Forest,9.0,0.2797681818181818,0.2784032258064516,22.0,0.22727272727272727,0.5454545454545454,0.2797681818181818,0.2797681818181818,0.0,22.0,False,3.0088367635511526,0.7594096285734675,-2.249427134977685
374,Ibrahima Konaté,28,2026-02-28 15:00:00+00:00,1,0,0,90,True,West Ham,1.0,0.006645454545454555,0.1446830508474576,11.0,0.36363636363636365,0.36363636363636365,0.4404,-0.03673,1.0,10.0,False,-0.12905480780168835,-0.352703283688364,-0.22364847588667566
374,Ibrahima Konaté,29,2026-03-03 20:15:00+00:00,2,0,0,78,False,Wolves,2.3076923076923075,-0.26019000000000003,-0.3972744525547445,10.0,0.5,0.1,-0.6705,-0.2146,1.0,9.0,False,0.2631816386174168,-1.4392154074228842,-1.702397046040301
374,Ibrahima Konaté,30,2026-03-15 16:30:00+00:00,0,0,0,0,True,Spurs,0.0,,,,,,,,,,,-0.5212912542207935,,
374,Ibrahima Konaté,31,2026-03-21 12:45:00+00:00,0,0,0,76,False,Brighton,0.0,-0.1690037037037037,-0.2844897368421052,27.0,0.48148148148148145,0.2222222222222222,-0.1504,-0.17551499999999998,7.0,20.0,False,-0.5212912542207935,-1.0679191094360025,-0.5466278552152091
374,Ibrahima Konaté,32,2026-04-11 16:30:00+00:00,6,0,0,90,True,Fulham,6.0,0.36277692307692305,0.4861163522012578,13.0,0.15384615384615385,0.6923076923076923,0.2934333333333333,0.38358,3.0,10.0,False,1.8321274242938375,1.0974082049140814,-0.734719219379756
374,Ibrahima Konaté,33,2026-04-19 13:00:00+00:00,4,0,0,90,False,Everton,4.0,0.1261153846153846,0.1624958762886598,13.0,0.3076923076923077,0.38461538461538464,0.1261153846153846,0.1261153846153846,0.0,13.0,False,1.047654531455627,0.13375953536922247,-0.9138949960864045
374,Ibrahima Konaté,34,2026-04-25 14:00:00+00:00,4,0,0,90,True,Crystal Palace,4.0,0.29089230769230773,0.44449000000000005,13.0,0.15384615384615385,0.5384615384615384,0.0,0.3437818181818182,2.0,11.0,False,1.047654531455627,0.8047053245625018,-0.24294920689312516
374,Ibrahima Konaté,35,2026-05-03 14:30:00+00:00,1,0,0,86,False,Man Utd,1.0465116279069766,-0.36241,-0.628504945054945,10.0,0.7,0.1,0.0,-0.4026777777777778,1.0,9.0,False,-0.12905480780168835,-1.8554392165015363,-1.7263844086998479
374,Ibrahima Konaté,36,2026-05-09 11:30:00+00:00,2,0,0,76,True,Chelsea,2.3684210526315788,0.03452307692307692,0.1329617142857143,13.0,0.38461538461538464,0.3076923076923077,-0.09156666666666669,0.07235,3.0,10.0,False,0.2631816386174168,-0.2391899773484085,-0.5023716159658252
374,Ibrahima Konaté,37,2026-05-15 19:00:00+00:00,0,0,0,90,False,Aston Villa,0.0,-0.08631851851851852,-0.13680194552529182,27.0,0.3333333333333333,0.25925925925925924,-0.292925,-0.05038695652173912,4.0,23.0,False,-0.5212912542207935,-0.7312380026843734,-0.20994674846357997
374,Ibrahima Konaté,38,2026-05-24 15:00:00+00:00,1,0,0,88,True,Brentford,1.0227272727272727,0.037533333333333335,-0.20407193877551025,18.0,0.16666666666666666,0.3333333333333333,0.037533333333333335,0.037533333333333335,0.0,18.0,False,-0.12905480780168835,-0.2269326853372526,-0.09787787753556426
375,Conor Bradley,1,2025-08-15 19:00:00+00:00,0,0,0,0,True,Bournemouth,0.0,,,,,,,,,,,-0.5212912542207935,,
375,Conor Bradley,2,2025-08-25 19:00:00+00:00,0,0,0,10,False,Newcastle,0.0,-0.04842142857142857,-0.08644845360824743,14.0,0.35714285714285715,0.2857142857142857,0.1466333333333333,-0.10161818181818182,3.0,11.0,False,-0.5212912542207935,-0.5769269957309977,-0.05563574151020423
375,Conor Bradley,3,2025-08-31 15:30:00+00:00,0,0,0,0,True,Arsenal,0.0,,,,,,,,,,,-0.5212912542207935,,
375,Conor Bradley,4,2025-09-14 13:00:00+00:00,0,0,0,45,False,Burnley,0.0,-0.323624,-0.49505655172413787,25.0,0.6,0.08,-0.2235,-0.3372772727272727,3.0,22.0,False,-0.5212912542207935,-1.6975087072183765,-1.176217452997583
375,Conor Bradley,5,2025-09-20 11:30:00+00:00,2,0,0,90,True,Everton,2.0,0.2043428571428572,-0.0015516393442622897,14.0,0.14285714285714285,0.5,0.2043428571428572,0.2043428571428572,0.0,14.0,False,0.2631816386174168,0.45228953527120114,0.18910789665378436
375,Conor Bradley,6,2025-09-27 14:00:00+00:00,1,0,0,45,False,Crystal Palace,2.0,-0.17748,-0.24523830845771147,15.0,0.4,0.2,-0.049980000000000004,-0.24123,5.0,10.0,False,-0.12905480780168835,-1.102433258636978,-0.9733784508352897
375,Conor Bradley,7,2025-10-04 16:30:00+00:00,0,0,0,45,False,Chelsea,0.0,-0.10750434782608695,-0.2574057575757576,23.0,0.391304347826087,0.2608695652173913,-0.01804,-0.13235555555555556,5.0,18.0,False,-0.5212912542207935,-0.8175033771011831,-0.29621212288038967
375,Conor Bradley,8,2025-10-19 15:30:00+00:00,2,0,0,61,True,Man Utd,2.9508196721311473,0.02109230769230768,0.15160036630036625,13.0,0.38461538461538464,0.38461538461538464,0.02109230769230768,0.02109230769230768,0.0,13.0,False,0.2631816386174168,-0.29387796334026073,-0.5570596019576775
375,Conor Bradley,9,2025-10-25 19:00:00+00:00,4,0,1,61,False,Brentford,5.9016393442622945,0.00942307692307692,-0.08788538011695904,13.0,0.3076923076923077,0.3076923076923077,0.0,0.010208333333333328,1.0,12.0,False,1.047654531455627,-0.3413932409746477,-1.3890477724302746
375,Conor Bradley,10,2025-11-01 20:00:00+00:00,6,0,0,90,True,Aston Villa,6.0,0.33313333333333334,0.4078326797385621,12.0,0.16666666666666666,0.6666666666666666,0.33313333333333334,0.33313333333333334,0.0,12.0,False,1.8321274242938375,0.9767041564124009,-0.8554232678814365
375,Conor Bradley,11,2025-11-09 16:30:00+00:00,0,0,0,82,False,Man City,0.0,-0.33223478260869566,-0.5637598870056498,23.0,0.6086956521739131,0.17391304347826086,-0.12009999999999998,-0.40710588235294115,6.0,17.0,False,-0.5212912542207935,-1.7325704635922712,-1.2112792093714777
375,Conor Bradley,12,2025-11-22 15:00:00+00:00,0,0,0,0,True,Nott'm Forest,0.0,,,,,,,,,,,-0.5212912542207935,,
375,Conor Bradley,13,2025-11-30 14:05:00+00:00,0,0,0,0,False,West Ham,0.0,,,,,,,,,,,-0.5212912542207935,,
375,Conor Bradley,14,2025-12-03 20:15:00+00:00,0,0,0,0,True,Sunderland,0.0,,,,,,,,,,,-0.5212912542207935,,
375,Conor Bradley,15,2025-12-06 17:30:00+00:00,5,0,0,67,False,Leeds,6.716417910447761,0.25384,0.3220274809160305,10.0,0.1,0.6,-0.4404,0.3309777777777778,1.0,9.0,False,1.4398909778747322,0.653834138465392,-0.7860568394093402
375,Conor Bradley,16,2025-12-13 15:00:00+00:00,0,0,0,0,True,Brighton,0.0,,,,,,,,,,,-0.5212912542207935,,
375,Conor Bradley,17,2025-12-20 17:30:00+00:00,1,0,0,45,False,Spurs,2.0,0.0541625,0.09587890625000002,16.0,0.375,0.375,-0.280775,0.16580833333333334,4.0,12.0,False,-0.12905480780168835,-0.15922132658354732,-0.03016651878185897
375,Conor Bradley,18,2025-12-27 15:00:00+00:00,1,0,0,29,True,Wolves,3.103448275862069,-0.025079999999999998,-0.06516764705882352,15.0,0.4666666666666667,0.4,0.4215,-0.056978571428571434,1.0,14.0,False,-0.12905480780168835,-0.48188435916929473,-0.3528295513676064
375,Conor Bradley,19,2026-01-01 17:30:00+00:00,6,0,0,78,True,Leeds,6.9230769230769225,0.36074,0.5240460227272727,10.0,0.2,0.7,0.41240000000000004,0.3386,3.0,7.0,False,1.8321274242938375,1.0891141735906895,-0.7430132507031479
375,Conor Bradley,20,2026-01-04 15:15:00+00:00,8,0,1,90,False,Fulham,8.0,0.1638095238095238,0.3262361445783133,21.0,0.19047619047619047,0.38095238095238093,0.146475,0.16788823529411764,4.0,17.0,False,2.6166003171320478,0.2872441586848704,-2.3293561584471774
375,Conor Bradley,21,2026-01-08 20:00:00+00:00,6,0,0,90,False,Arsenal,6.0,0.30870588235294116,0.39209879032258066,17.0,0.11764705882352941,0.6470588235294118,0.0,0.32799999999999996,1.0,16.0,False,1.8321274242938375,0.8772394069197295,-0.954888017374108
375,Conor Bradley,22,2026-01-17 15:00:00+00:00,0,0,0,0,True,Burnley,0.0,-0.1027,-0.1027,1.0,1.0,0.0,-0.1027,-0.1027,0.0,1.0,True,-0.5212912542207935,-0.7979408262078878,-0.2766495719870943
375,Conor Bradley,23,2026-01-24 17:30:00+00:00,0,0,0,0,False,Bournemouth,0.0,0.0,0.0,1.0,0.0,0.0,0.0,0.0,1.0,0.0,True,-0.5212912542207935,-0.3797625324065027,0.14152872181429077
375,Conor Bradley,24,2026-01-31 20:00:00+00:00,0,0,0,0,True,Newcastle,0.0,,,,,,,,,,,-0.5212912542207935,,
375,Conor Bradley,25,2026-02-08 16:30:00+00:00,0,0,0,0,True,Man City,0.0,-0.10770000000000002,-0.16340526315789475,2.0,0.5,0.5,-0.6369,0.4215,1.0,1.0,True,-0.5212912542207935,-0.8183000420696884,-0.29700878784889495
375,Conor Bradley,26,2026-02-11 20:15:00+00:00,0,0,0,0,False,Sunderland,0.0,,,,,,,,,,,-0.5212912542207935,,
375,Conor Bradley,27,2026-02-22 14:00:00+00:00,0,0,0,0,False,Nott'm Forest,0.0,,,,,,,,,,,-0.5212912542207935,,
375,Conor Bradley,28,2026-02-28 15:00:00+00:00,0,0,0,0,True,West Ham,0.0,,,,,,,,,,,-0.5212912542207935,,
375,Conor Bradley,29,2026-03-03 20:15:00+00:00,0,0,0,0,False,Wolves,0.0,,,,,,,,,,,-0.5212912542207935,,
375,Conor Bradley,30,2026-03-15 16:30:00+00:00,0,0,0,0,True,Spurs,0.0,,,,,,,,,,,-0.5212912542207935,,
375,Conor Bradley,31,2026-03-21 12:45:00+00:00,0,0,0,0,False,Brighton,0.0,,,,,,,,,,,-0.5212912542207935,,
375,Conor Bradley,32,2026-04-11 16:30:00+00:00,0,0,0,0,True,Fulham,0.0,,,,,,,,,,,-0.5212912542207935,,
375,Conor Bradley,33,2026-04-19 13:00:00+00:00,0,0,0,0,False,Everton,0.0,,,,,,,,,,,-0.5212912542207935,,
375,Conor Bradley,34,2026-04-25 14:00:00+00:00,0,0,0,0,True,Crystal Palace,0.0,,,,,,,,,,,-0.5212912542207935,,
375,Conor Bradley,35,2026-05-03 14:30:00+00:00,0,0,0,0,False,Man Utd,0.0,,,,,,,,,,,-0.5212912542207935,,
375,Conor Bradley,36,2026-05-09 11:30:00+00:00,0,0,0,0,True,Chelsea,0.0,,,,,,,,,,,-0.5212912542207935,,
375,Conor Bradley,37,2026-05-15 19:00:00+00:00,0,0,0,0,False,Aston Villa,0.0,,,,,,,,,,,-0.5212912542207935,,
375,Conor Bradley,38,2026-05-24 15:00:00+00:00,0,0,0,0,True,Brentford,0.0,,,,,,,,,,,-0.5212912542207935,,
376,Joe Gomez,1,2025-08-15 19:00:00+00:00,1,0,0,18,True,Bournemouth,5.0,-0.004114285714285705,0.13558787878787879,14.0,0.35714285714285715,0.2857142857142857,-0.280775,0.10655,4.0,10.0,False,-0.12905480780168835,-0.3965152586013558,-0.2674604507996674
376,Joe Gomez,2,2025-08-25 19:00:00+00:00,0,0,0,0,False,Newcastle,0.0,,,,,,,,,,,-0.5212912542207935,,
376,Joe Gomez,3,2025-08-31 15:30:00+00:00,1,0,0,11,True,Arsenal,1.0,-0.14512142857142857,-0.3651894736842105,14.0,0.42857142857142855,0.14285714285714285,-0.41355,-0.10038333333333334,2.0,12.0,False,-0.12905480780168835,-0.9706742304982219,-0.8416194226965336
376,Joe Gomez,4,2025-09-14 13:00:00+00:00,0,0,0,0,False,Burnley,0.0,,,,,,,,,,,-0.5212912542207935,,
376,Joe Gomez,5,2025-09-20 11:30:00+00:00,0,0,0,0,True,Everton,0.0,,,,,,,,,,,-0.5212912542207935,,
376,Joe Gomez,6,2025-09-27 14:00:00+00:00,0,0,0,0,False,Crystal Palace,0.0,,,,,,,,,,,-0.5212912542207935,,
376,Joe Gomez,7,2025-10-04 16:30:00+00:00,0,0,0,0,False,Chelsea,0.0,-0.7552,-0.7287312499999999,2.0,1.0,0.0,-0.7552,-0.7552,0.0,2.0,True,-0.5212912542207935,-3.4548184961728703,-2.933527241952077
376,Joe Gomez,8,2025-10-19 15:30:00+00:00,0,0,0,0,True,Man Utd,0.0,0.6249,0.6249,1.0,0.0,1.0,0.6249,0.6249,1.0,0.0,True,-0.5212912542207935,2.164732266001341,2.6860235202221343
376,Joe Gomez,9,2025-10-25 19:00:00+00:00,1,0,0,7,False,Brentford,1.0,0.18234,0.2412611111111111,10.0,0.0,0.4,0.18234,0.18234,0.0,10.0,False,-0.12905480780168835,0.36269735164164285,0.49175215944333117
376,Joe Gomez,10,2025-11-01 20:00:00+00:00,0,0,0,0,True,Aston Villa,0.0,0.0,0.0,1.0,0.0,0.0,0.0,0.0,0.0,1.0,True,-0.5212912542207935,-0.3797625324065027,0.14152872181429077
376,Joe Gomez,11,2025-11-09 16:30:00+00:00,1,0,0,7,False,Man City,1.0,-0.22724615384615385,-0.4185644859813084,13.0,0.5384615384615384,0.07692307692307693,-0.4008,-0.1956909090909091,2.0,11.0,False,-0.12905480780168835,-1.3050732323900633,-1.176018424588375
376,Joe Gomez,12,2025-11-22 15:00:00+00:00,0,0,0,0,True,Nott'm Forest,0.0,0.4588,0.4588,1.0,0.0,1.0,0.4588,0.4588,0.0,1.0,True,-0.5212912542207935,1.4883991150723235,2.009690369293117
376,Joe Gomez,13,2025-11-30 14:05:00+00:00,11,0,1,90,False,West Ham,11.0,0.34549375,0.3256597222222222,16.0,0.1875,0.625,0.11869999999999999,0.39783076923076927,3.0,13.0,False,3.793309656389363,1.027033834624094,-2.7662758217652694
376,Joe Gomez,14,2025-12-03 20:15:00+00:00,5,0,0,64,True,Sunderland,7.03125,0.003527272727272722,-0.04185604395604391,11.0,0.2727272727272727,0.2727272727272727,0.1468,-0.050199999999999995,3.0,8.0,False,1.4398909778747322,-0.3654000310349052,-1.8052910089096375
376,Joe Gomez,15,2025-12-06 17:30:00+00:00,-1,0,0,22,False,Leeds,-4.090909090909091,-0.14578823529411766,-0.3785284482758621,17.0,0.47058823529411764,0.23529411764705882,0.377,-0.21549333333333331,2.0,15.0,False,-0.9135277006398985,-0.9733893628992873,-0.059861662259388826
376,Joe Gomez,16,2025-12-13 15:00:00+00:00,4,0,1,25,True,Brighton,14.399999999999999,0.2071833333333333,0.0815975,12.0,0.08333333333333333,0.4166666666666667,0.6249,0.1692090909090909,1.0,11.0,False,1.047654531455627,0.4638555088536428,-0.5837990226019841
376,Joe Gomez,17,2025-12-20 17:30:00+00:00,0,0,0,0,False,Spurs,0.0,,,,,,,,,,,-0.5212912542207935,,
376,Joe Gomez,18,2025-12-27 15:00:00+00:00,0,0,0,0,True,Wolves,0.0,0.3182,0.3182,1.0,0.0,1.0,0.3182,0.3182,0.0,1.0,True,-0.5212912542207935,0.9158979650384896,1.4371892192592832
376,Joe Gomez,19,2026-01-01 17:30:00+00:00,0,0,0,0,True,Leeds,0.0,,,,,,,,,,,-0.5212912542207935,,
376,Joe Gomez,20,2026-01-04 15:15:00+00:00,1,0,0,1,False,Fulham,1.0,-0.0921153846153846,-0.19703255813953488,13.0,0.38461538461538464,0.3076923076923077,-0.42295,0.05492222222222222,4.0,9.0,False,-0.12905480780168835,-0.7548419323219835,-0.6257871245202952
376,Joe Gomez,21,2026-01-08 20:00:00+00:00,1,0,0,1,False,Arsenal,1.0,-0.18493333333333334,-0.3857448412698412,18.0,0.4444444444444444,0.16666666666666666,-0.252775,-0.16555,4.0,14.0,False,-0.12905480780168835,-1.1327820630816354,-1.003727255279947
376,Joe Gomez,22,2026-01-17 15:00:00+00:00,0,0,0,0,True,Burnley,0.0,,,,,,,,,,,-0.5212912542207935,,
376,Joe Gomez,23,2026-01-24 17:30:00+00:00,0,0,0,33,False,Bournemouth,0.0,-0.35191000000000006,-0.5284754658385094,20.0,0.65,0.05,-0.8334999999999999,-0.2984,2.0,18.0,False,-0.5212912542207935,-1.8126848631917551,-1.2913936089709617
376,Joe Gomez,24,2026-01-31 20:00:00+00:00,0,0,0,0,True,Newcastle,0.0,,,,,,,,,,,-0.5212912542207935,,
376,Joe Gomez,25,2026-02-08 16:30:00+00:00,0,0,0,0,True,Man City,0.0,,,,,,,,,,,-0.5212912542207935,,
376,Joe Gomez,26,2026-02-11 20:15:00+00:00,1,0,0,21,False,Sunderland,4.285714285714286,-0.08962222222222221,-0.14767276422764222,18.0,0.5555555555555556,0.2222222222222222,-0.14609999999999998,-0.0679,5.0,13.0,False,-0.12905480780168835,-0.7446901660538002,-0.6156353582521119
376,Joe Gomez,27,2026-02-22 14:00:00+00:00,1,0,0,7,False,Nott'm Forest,1.0,0.009968749999999998,-0.060059999999999975,16.0,0.3125,0.25,0.009968749999999998,0.009968749999999998,0.0,16.0,False,-0.12905480780168835,-0.3391713457820377,-0.21011653798034938
376,Joe Gomez,28,2026-02-28 15:00:00+00:00,1,0,0,76,True,West Ham,1.1842105263157894,0.06010666666666667,-0.09236243386243385,15.0,0.26666666666666666,0.3333333333333333,0.005300000000000009,0.07380833333333332,3.0,12.0,False,-0.12905480780168835,-0.13501761212651,-0.005962804324821658
376,Joe Gomez,29,2026-03-03 20:15:00+00:00,0,0,0,18,False,Wolves,0.0,-0.34559473684210523,-0.6007454293628809,19.0,0.5789473684210527,0.10526315789473684,-0.81525,-0.29034117647058827,2.0,17.0,False,-0.5212912542207935,-1.7869701020206237,-1.2656788477998302
376,Joe Gomez,30,2026-03-15 16:30:00+00:00,2,0,0,90,True,Spurs,2.0,-0.10806999999999997,-0.3836301282051282,10.0,0.6,0.3,0.6249,-0.1895111111111111,1.0,9.0,False,0.2631816386174168,-0.8198066240434616,-1.0829882626608784
376,Joe Gomez,31,2026-03-21 12:45:00+00:00,0,0,0,0,False,Brighton,0.0,,,,,,,,,,,-0.5212912542207935,,
376,Joe Gomez,32,2026-04-11 16:30:00+00:00,1,0,0,21,True,Fulham,4.285714285714286,0.06763333333333334,0.12746602564102563,15.0,0.3333333333333333,0.3333333333333333,0.09225,0.06384615384615384,2.0,13.0,False,-0.12905480780168835,-0.10437020584921278,0.02468460195247557
376,Joe Gomez,33,2026-04-19 13:00:00+00:00,0,0,0,0,False,Everton,0.0,,,,,,,,,,,-0.5212912542207935,,
376,Joe Gomez,34,2026-04-25 14:00:00+00:00,1,0,0,3,True,Crystal Palace,1.0,-0.13968333333333335,-0.14966433566433568,12.0,0.5,0.16666666666666666,0.4215,-0.1907,1.0,11.0,False,-0.12905480780168835,-0.9485311595323399,-0.8194763517306516
376,Joe Gomez,35,2026-05-03 14:30:00+00:00,0,0,0,0,False,Man Utd,0.0,,,,,,,,,,,-0.5212912542207935,,
376,Joe Gomez,36,2026-05-09 11:30:00+00:00,0,0,0,13,True,Chelsea,0.0,-0.1030695652173913,-0.20997266881028936,23.0,0.4782608695652174,0.2608695652173913,-0.12774999999999997,-0.09787368421052631,4.0,19.0,False,-0.5212912542207935,-0.7994456378150643,-0.2781543835942708
376,Joe Gomez,37,2026-05-15 19:00:00+00:00,0,0,0,65,False,Aston Villa,0.0,-0.18908695652173915,-0.40615599999999996,23.0,0.5217391304347826,0.21739130434782608,0.02403333333333335,-0.221055,3.0,20.0,False,-0.5212912542207935,-1.1496949653019026,-0.6284037110811092
376,Joe Gomez,38,2026-05-24 15:00:00+00:00,1,0,0,1,True,Brentford,1.0,-0.13019999999999998,-0.23538115942028984,11.0,0.36363636363636365,0.18181818181818182,0.0,-0.14322000000000001,1.0,10.0,False,-0.12905480780168835,-0.9099165134477911,-0.7808617056461028
377,Konstantinos Tsimikas,1,2025-08-15 19:00:00+00:00,0,0,0,0,True,Bournemouth,0.0,,,,,,,,,,,-0.5212912542207935,,
377,Konstantinos Tsimikas,2,2025-08-25 19:00:00+00:00,0,0,0,0,False,Newcastle,0.0,0.2294,0.42602857142857137,2.0,0.0,0.5,0.2294,0.2294,0.0,2.0,True,-0.5212912542207935,0.5543182913329104,1.075609545553704
377,Konstantinos Tsimikas,3,2025-08-31 15:30:00+00:00,0,0,0,0,True,Arsenal,0.0,,,,,,,,,,,-0.5212912542207935,,
377,Konstantinos Tsimikas,4,2025-09-14 13:00:00+00:00,0,0,0,0,False,Burnley,0.0,0.5859,0.5859,1.0,0.0,1.0,0.5859,0.5859,0.0,1.0,True,-0.5212912542207935,2.0059303822792955,2.527221636500089
377,Konstantinos Tsimikas,5,2025-09-20 11:30:00+00:00,0,0,0,0,True,Everton,0.0,,,,,,,,,,,-0.5212912542207935,,
377,Konstantinos Tsimikas,6,2025-09-27 14:00:00+00:00,0,0,0,0,False,Crystal Palace,0.0,,,,,,,,,,,-0.5212912542207935,,
377,Konstantinos Tsimikas,7,2025-10-04 16:30:00+00:00,0,0,0,0,False,Chelsea,0.0,,,,,,,,,,,-0.5212912542207935,,
377,Konstantinos Tsimikas,8,2025-10-19 15:30:00+00:00,0,0,0,0,True,Man Utd,0.0,,,,,,,,,,,-0.5212912542207935,,
377,Konstantinos Tsimikas,9,2025-10-25 19:00:00+00:00,0,0,0,0,False,Brentford,0.0,,,,,,,,,,,-0.5212912542207935,,
377,Konstantinos Tsimikas,10,2025-11-01 20:00:00+00:00,0,0,0,0,True,Aston Villa,0.0,,,,,,,,,,,-0.5212912542207935,,
377,Konstantinos Tsimikas,11,2025-11-09 16:30:00+00:00,0,0,0,0,False,Man City,0.0,,,,,,,,,,,-0.5212912542207935,,
377,Konstantinos Tsimikas,12,2025-11-22 15:00:00+00:00,0,0,0,0,True,Nott'm Forest,0.0,,,,,,,,,,,-0.5212912542207935,,
377,Konstantinos Tsimikas,13,2025-11-30 14:05:00+00:00,0,0,0,0,False,West Ham,0.0,,,,,,,,,,,-0.5212912542207935,,
377,Konstantinos Tsimikas,14,2025-12-03 20:15:00+00:00,0,0,0,0,True,Sunderland,0.0,-0.2202,-0.33554285714285714,2.0,0.5,0.0,-0.4404,0.0,1.0,1.0,True,-0.5212912542207935,-1.2763823989602026,-0.7550911447394091
377,Konstantinos Tsimikas,15,2025-12-06 17:30:00+00:00,0,0,0,0,False,Leeds,0.0,,,,,,,,,,,-0.5212912542207935,,
377,Konstantinos Tsimikas,16,2025-12-13 15:00:00+00:00,0,0,0,0,True,Brighton,0.0,0.4404,0.4404,1.0,0.0,1.0,0.4404,0.4404,0.0,1.0,True,-0.5212912542207935,1.4134772007008973,1.9347684549216908
377,Konstantinos Tsimikas,17,2025-12-20 17:30:00+00:00,0,0,0,0,False,Spurs,0.0,-0.4404,-0.4404,1.0,1.0,0.0,-0.4404,-0.4404,0.0,1.0,True,-0.5212912542207935,-2.1730022655139027,-1.6517110112931093
377,Konstantinos Tsimikas,18,2025-12-27 15:00:00+00:00,0,0,0,0,True,Wolves,0.0,,,,,,,,,,,-0.5212912542207935,,
377,Konstantinos Tsimikas,19,2026-01-01 17:30:00+00:00,0,0,0,0,True,Leeds,0.0,,,,,,,,,,,-0.5212912542207935,,
377,Konstantinos Tsimikas,20,2026-01-04 15:15:00+00:00,0,0,0,0,False,Fulham,0.0,,,,,,,,,,,-0.5212912542207935,,
377,Konstantinos Tsimikas,21,2026-01-08 20:00:00+00:00,0,0,0,0,False,Arsenal,0.0,,,,,,,,,,,-0.5212912542207935,,
377,Konstantinos Tsimikas,22,2026-01-17 15:00:00+00:00,0,0,0,0,True,Burnley,0.0,0.4294,0.6441,2.0,0.0,0.5,0.4294,0.4294,0.0,2.0,True,-0.5212912542207935,1.368686925804936,1.8899781800257294
377,Konstantinos Tsimikas,23,2026-01-24 17:30:00+00:00,0,0,0,0,False,Bournemouth,0.0,0.754,0.754,1.0,0.0,1.0,0.754,0.754,0.0,1.0,True,-0.5212912542207935,2.690407219553033,3.2116984737738266
377,Konstantinos Tsimikas,24,2026-01-31 20:00:00+00:00,0,0,0,0,True,Newcastle,0.0,,,,,,,,,,,-0.5212912542207935,,
377,Konstantinos Tsimikas,25,2026-02-08 16:30:00+00:00,0,0,0,0,True,Man City,0.0,,,,,,,,,,,-0.5212912542207935,,
377,Konstantinos Tsimikas,26,2026-02-11 20:15:00+00:00,0,0,0,0,False,Sunderland,0.0,,,,,,,,,,,-0.5212912542207935,,
377,Konstantinos Tsimikas,27,2026-02-22 14:00:00+00:00,0,0,0,0,False,Nott'm Forest,0.0,0.0,0.0,1.0,0.0,0.0,0.0,0.0,0.0,1.0,True,-0.5212912542207935,-0.3797625324065027,0.14152872181429077
377,Konstantinos Tsimikas,28,2026-02-28 15:00:00+00:00,0,0,0,0,True,West Ham,0.0,,,,,,,,,,,-0.5212912542207935,,
377,Konstantinos Tsimikas,29,2026-03-03 20:15:00+00:00,0,0,0,0,False,Wolves,0.0,,,,,,,,,,,-0.5212912542207935,,
377,Konstantinos Tsimikas,30,2026-03-15 16:30:00+00:00,0,0,0,0,True,Spurs,0.0,0.3182,0.3182,1.0,0.0,1.0,0.3182,0.3182,0.0,1.0,True,-0.5212912542207935,0.9158979650384896,1.4371892192592832
377,Konstantinos Tsimikas,31,2026-03-21 12:45:00+00:00,0,0,0,0,False,Brighton,0.0,,,,,,,,,,,-0.5212912542207935,,
377,Konstantinos Tsimikas,32,2026-04-11 16:30:00+00:00,0,0,0,0,True,Fulham,0.0,,,,,,,,,,,-0.5212912542207935,,
377,Konstantinos Tsimikas,33,2026-04-19 13:00:00+00:00,0,0,0,0,False,Everton,0.0,0.0,0.0,1.0,0.0,0.0,0.0,0.0,0.0,1.0,True,-0.5212912542207935,-0.3797625324065027,0.14152872181429077
377,Konstantinos Tsimikas,34,2026-04-25 14:00:00+00:00,0,0,0,0,True,Crystal Palace,0.0,-0.4404,-0.4404,1.0,1.0,0.0,-0.4404,-0.4404,0.0,1.0,True,-0.5212912542207935,-2.1730022655139027,-1.6517110112931093
377,Konstantinos Tsimikas,35,2026-05-03 14:30:00+00:00,0,0,0,0,False,Man Utd,0.0,0.31245,0.49992000000000003,2.0,0.0,0.5,0.0,0.6249,1.0,1.0,True,-0.5212912542207935,0.892484866797419,1.4137761210182125
377,Konstantinos Tsimikas,36,2026-05-09 11:30:00+00:00,0,0,0,0,True,Chelsea,0.0,-0.8271,-0.8271,1.0,1.0,0.0,-0.8271,-0.8271,0.0,1.0,True,-0.5212912542207935,-3.7475840202655633,-3.2262927660447698
377,Konstantinos Tsimikas,37,2026-05-15 19:00:00+00:00,0,0,0,0,False,Aston Villa,0.0,-0.2202,-0.18683636363636366,2.0,0.5,0.0,0.0,-0.4404,1.0,1.0,True,-0.5212912542207935,-1.2763823989602026,-0.7550911447394091
377,Konstantinos Tsimikas,38,2026-05-24 15:00:00+00:00,0,0,0,0,True,Brentford,0.0,,,,,,,,,,,-0.5212912542207935,,
378,Amara Nallo,1,2025-08-15 19:00:00+00:00,0,0,0,0,True,Bournemouth,0.0,0.4588,0.4588,1.0,0.0,1.0,0.4588,0.4588,0.0,1.0,True,-0.5212912542207935,1.4883991150723235,2.009690369293117
378,Amara Nallo,2,2025-08-25 19:00:00+00:00,0,0,0,0,False,Newcastle,0.0,0.3182,0.3182,1.0,0.0,1.0,0.3182,0.3182,0.0,1.0,True,-0.5212912542207935,0.9158979650384896,1.4371892192592832
378,Amara Nallo,3,2025-08-31 15:30:00+00:00,0,0,0,0,True,Arsenal,0.0,0.0,0.0,1.0,0.0,0.0,0.0,0.0,0.0,1.0,True,-0.5212912542207935,-0.3797625324065027,0.14152872181429077
378,Amara Nallo,4,2025-09-14 13:00:00+00:00,0,0,0,0,False,Burnley,0.0,,,,,,,,,,,-0.5212912542207935,,
378,Amara Nallo,5,2025-09-20 11:30:00+00:00,0,0,0,0,True,Everton,0.0,,,,,,,,,,,-0.5212912542207935,,
378,Amara Nallo,6,2025-09-27 14:00:00+00:00,0,0,0,0,False,Crystal Palace,0.0,,,,,,,,,,,-0.5212912542207935,,
378,Amara Nallo,7,2025-10-04 16:30:00+00:00,0,0,0,0,False,Chelsea,0.0,,,,,,,,,,,-0.5212912542207935,,
378,Amara Nallo,8,2025-10-19 15:30:00+00:00,0,0,0,0,True,Man Utd,0.0,0.6249,0.6249,1.0,0.0,1.0,0.6249,0.6249,0.0,1.0,True,-0.5212912542207935,2.164732266001341,2.6860235202221343
378,Amara Nallo,9,2025-10-25 19:00:00+00:00,0,0,0,0,False,Brentford,0.0,,,,,,,,,,,-0.5212912542207935,,
378,Amara Nallo,10,2025-11-01 20:00:00+00:00,0,0,0,0,True,Aston Villa,0.0,,,,,,,,,,,-0.5212912542207935,,
378,Amara Nallo,11,2025-11-09 16:30:00+00:00,0,0,0,0,False,Man City,0.0,,,,,,,,,,,-0.5212912542207935,,
378,Amara Nallo,12,2025-11-22 15:00:00+00:00,0,0,0,0,True,Nott'm Forest,0.0,0.6696,0.6696,1.0,0.0,1.0,0.6696,0.6696,1.0,0.0,True,-0.5212912542207935,2.346743655805838,2.8680349100266316
378,Amara Nallo,13,2025-11-30 14:05:00+00:00,0,0,0,0,False,West Ham,0.0,,,,,,,,,,,-0.5212912542207935,,
378,Amara Nallo,14,2025-12-03 20:15:00+00:00,0,0,0,0,True,Sunderland,0.0,,,,,,,,,,,-0.5212912542207935,,
378,Amara Nallo,15,2025-12-06 17:30:00+00:00,0,0,0,0,False,Leeds,0.0,,,,,,,,,,,-0.5212912542207935,,
378,Amara Nallo,16,2025-12-13 15:00:00+00:00,0,0,0,0,True,Brighton,0.0,0.4215,0.4215,1.0,0.0,1.0,0.4215,0.4215,0.0,1.0,True,-0.5212912542207935,1.3365193647432907,1.8578106189640842
378,Amara Nallo,17,2025-12-20 17:30:00+00:00,0,0,0,0,False,Spurs,0.0,,,,,,,,,,,-0.5212912542207935,,
378,Amara Nallo,18,2025-12-27 15:00:00+00:00,0,0,0,0,True,Wolves,0.0,,,,,,,,,,,-0.5212912542207935,,
378,Amara Nallo,19,2026-01-01 17:30:00+00:00,0,0,0,0,True,Leeds,0.0,,,,,,,,,,,-0.5212912542207935,,
378,Amara Nallo,20,2026-01-04 15:15:00+00:00,0,0,0,0,False,Fulham,0.0,0.4588,0.4588,1.0,0.0,1.0,0.4588,0.4588,1.0,0.0,True,-0.5212912542207935,1.4883991150723235,2.009690369293117
378,Amara Nallo,21,2026-01-08 20:00:00+00:00,0,0,0,0,False,Arsenal,0.0,0.4404,0.44039999999999996,1.0,0.0,1.0,0.4404,0.4404,0.0,1.0,True,-0.5212912542207935,1.4134772007008973,1.9347684549216908
378,Amara Nallo,22,2026-01-17 15:00:00+00:00,0,0,0,0,True,Burnley,0.0,,,,,,,,,,,-0.5212912542207935,,
378,Amara Nallo,23,2026-01-24 17:30:00+00:00,0,0,0,0,False,Bournemouth,0.0,0.3182,0.3182,1.0,0.0,1.0,0.3182,0.3182,1.0,0.0,True,-0.5212912542207935,0.9158979650384896,1.4371892192592832
378,Amara Nallo,24,2026-01-31 20:00:00+00:00,0,0,0,0,True,Newcastle,0.0,,,,,,,,,,,-0.5212912542207935,,
378,Amara Nallo,25,2026-02-08 16:30:00+00:00,0,0,0,0,True,Man City,0.0,,,,,,,,,,,-0.5212912542207935,,
378,Amara Nallo,26,2026-02-11 20:15:00+00:00,0,0,0,0,False,Sunderland,0.0,0.0,0.0,1.0,0.0,0.0,0.0,0.0,0.0,1.0,True,-0.5212912542207935,-0.3797625324065027,0.14152872181429077
378,Amara Nallo,27,2026-02-22 14:00:00+00:00,0,0,0,0,False,Nott'm Forest,0.0,,,,,,,,,,,-0.5212912542207935,,
378,Amara Nallo,28,2026-02-28 15:00:00+00:00,0,0,0,0,True,West Ham,0.0,,,,,,,,,,,-0.5212912542207935,,
378,Amara Nallo,29,2026-03-03 20:15:00+00:00,0,0,0,0,False,Wolves,0.0,,,,,,,,,,,-0.5212912542207935,,
378,Amara Nallo,30,2026-03-15 16:30:00+00:00,0,0,0,0,True,Spurs,0.0,,,,,,,,,,,-0.5212912542207935,,
378,Amara Nallo,31,2026-03-21 12:45:00+00:00,0,0,0,0,False,Brighton,0.0,,,,,,,,,,,-0.5212912542207935,,
378,Amara Nallo,32,2026-04-11 16:30:00+00:00,0,0,0,0,True,Fulham,0.0,-0.36819999999999997,-0.33725714285714287,2.0,1.0,0.0,-0.296,-0.4404,1.0,1.0,True,-0.5212912542207935,-1.8790151884695012,-1.3577239342487077
378,Amara Nallo,33,2026-04-19 13:00:00+00:00,0,0,0,0,False,Everton,0.0,,,,,,,,,,,-0.5212912542207935,,
378,Amara Nallo,34,2026-04-25 14:00:00+00:00,0,0,0,0,True,Crystal Palace,0.0,-0.4649,-0.5511380952380952,2.0,1.0,0.0,-0.4649,-0.4649,0.0,2.0,True,-0.5212912542207935,-2.2727624232367254,-1.751471169015932
378,Amara Nallo,35,2026-05-03 14:30:00+00:00,0,0,0,0,False,Man Utd,0.0,0.3182,0.3182,1.0,0.0,1.0,0.3182,0.3182,0.0,1.0,True,-0.5212912542207935,0.9158979650384896,1.4371892192592832
378,Amara Nallo,36,2026-05-09 11:30:00+00:00,0,0,0,0,True,Chelsea,0.0,,,,,,,,,,,-0.5212912542207935,,
378,Amara Nallo,37,2026-05-15 19:00:00+00:00,0,0,0,0,False,Aston Villa,0.0,0.0,0.0,2.0,0.0,0.0,0.0,0.0,0.0,2.0,True,-0.5212912542207935,-0.3797625324065027,0.14152872181429077
378,Amara Nallo,38,2026-05-24 15:00:00+00:00,0,0,0,0,True,Brentford,0.0,,,,,,,,,,,-0.5212912542207935,,
379,Rhys Williams,1,2025-08-15 19:00:00+00:00,0,0,0,0,True,Bournemouth,0.0,0.0,0.0,1.0,0.0,0.0,0.0,0.0,0.0,1.0,True,-0.5212912542207935,-0.3797625324065027,0.14152872181429077
379,Rhys Williams,2,2025-08-25 19:00:00+00:00,0,0,0,0,False,Newcastle,0.0,,,,,,,,,,,-0.5212912542207935,,
379,Rhys Williams,3,2025-08-31 15:30:00+00:00,0,0,0,0,True,Arsenal,0.0,,,,,,,,,,,-0.5212912542207935,,
379,Rhys Williams,4,2025-09-14 13:00:00+00:00,0,0,0,0,False,Burnley,0.0,,,,,,,,,,,-0.5212912542207935,,
379,Rhys Williams,5,2025-09-20 11:30:00+00:00,0,0,0,0,True,Everton,0.0,,,,,,,,,,,-0.5212912542207935,,
379,Rhys Williams,6,2025-09-27 14:00:00+00:00,0,0,0,0,False,Crystal Palace,0.0,0.0,0.0,2.0,0.0,0.0,0.0,0.0,1.0,1.0,True,-0.5212912542207935,-0.3797625324065027,0.14152872181429077
379,Rhys Williams,7,2025-10-04 16:30:00+00:00,0,0,0,0,False,Chelsea,0.0,0.21075,0.20534615384615384,2.0,0.0,0.5,0.21075,0.21075,0.0,2.0,True,-0.5212912542207935,0.478378416168394,0.9996696703891874
379,Rhys Williams,8,2025-10-19 15:30:00+00:00,0,0,0,0,True,Man Utd,0.0,,,,,,,,,,,-0.5212912542207935,,
379,Rhys Williams,9,2025-10-25 19:00:00+00:00,0,0,0,0,False,Brentford,0.0,0.0,0.0,1.0,0.0,0.0,0.0,0.0,0.0,1.0,True,-0.5212912542207935,-0.3797625324065027,0.14152872181429077
379,Rhys Williams,10,2025-11-01 20:00:00+00:00,0,0,0,0,True,Aston Villa,0.0,0.4496,0.45419999999999994,2.0,0.0,1.0,0.4496,0.4496,0.0,2.0,True,-0.5212912542207935,1.4509381578866105,1.972229412107404
379,Rhys Williams,11,2025-11-09 16:30:00+00:00,0,0,0,0,False,Man City,0.0,,,,,,,,,,,-0.5212912542207935,,
379,Rhys Williams,12,2025-11-22 15:00:00+00:00,0,0,0,0,True,Nott'm Forest,0.0,,,,,,,,,,,-0.5212912542207935,,
379,Rhys Williams,13,2025-11-30 14:05:00+00:00,0,0,0,0,False,West Ham,0.0,,,,,,,,,,,-0.5212912542207935,,
379,Rhys Williams,14,2025-12-03 20:15:00+00:00,0,0,0,0,True,Sunderland,0.0,,,,,,,,,,,-0.5212912542207935,,
379,Rhys Williams,15,2025-12-06 17:30:00+00:00,0,0,0,0,False,Leeds,0.0,,,,,,,,,,,-0.5212912542207935,,
379,Rhys Williams,16,2025-12-13 15:00:00+00:00,0,0,0,0,True,Brighton,0.0,,,,,,,,,,,-0.5212912542207935,,
379,Rhys Williams,17,2025-12-20 17:30:00+00:00,0,0,0,0,False,Spurs,0.0,,,,,,,,,,,-0.5212912542207935,,
379,Rhys Williams,18,2025-12-27 15:00:00+00:00,0,0,0,0,True,Wolves,0.0,0.3182,0.3182,1.0,0.0,1.0,0.3182,0.3182,1.0,0.0,True,-0.5212912542207935,0.9158979650384896,1.4371892192592832
379,Rhys Williams,19,2026-01-01 17:30:00+00:00,0,0,0,0,True,Leeds,0.0,,,,,,,,,,,-0.5212912542207935,,
379,Rhys Williams,20,2026-01-04 15:15:00+00:00,0,0,0,0,False,Fulham,0.0,0.3182,0.3182,1.0,0.0,1.0,0.3182,0.3182,1.0,0.0,True,-0.5212912542207935,0.9158979650384896,1.4371892192592832
379,Rhys Williams,21,2026-01-08 20:00:00+00:00,0,0,0,0,False,Arsenal,0.0,,,,,,,,,,,-0.5212912542207935,,
379,Rhys Williams,22,2026-01-17 15:00:00+00:00,0,0,0,0,True,Burnley,0.0,,,,,,,,,,,-0.5212912542207935,,
379,Rhys Williams,23,2026-01-24 17:30:00+00:00,0,0,0,0,False,Bournemouth,0.0,,,,,,,,,,,-0.5212912542207935,,
379,Rhys Williams,24,2026-01-31 20:00:00+00:00,0,0,0,0,True,Newcastle,0.0,,,,,,,,,,,-0.5212912542207935,,
379,Rhys Williams,25,2026-02-08 16:30:00+00:00,0,0,0,0,True,Man City,0.0,0.0,0.0,1.0,0.0,0.0,0.0,0.0,1.0,0.0,True,-0.5212912542207935,-0.3797625324065027,0.14152872181429077
379,Rhys Williams,26,2026-02-11 20:15:00+00:00,0,0,0,0,False,Sunderland,0.0,,,,,,,,,,,-0.5212912542207935,,
379,Rhys Williams,27,2026-02-22 14:00:00+00:00,0,0,0,0,False,Nott'm Forest,0.0,0.6705,0.6704999999999999,1.0,0.0,1.0,0.6705,0.6705,0.0,1.0,True,-0.5212912542207935,2.3504083146609624,2.871699568881756
379,Rhys Williams,28,2026-02-28 15:00:00+00:00,0,0,0,0,True,West Ham,0.0,,,,,,,,,,,-0.5212912542207935,,
379,Rhys Williams,29,2026-03-03 20:15:00+00:00,0,0,0,0,False,Wolves,0.0,0.8718,0.8718,1.0,0.0,1.0,0.8718,0.8718,0.0,1.0,True,-0.5212912542207935,3.170070345257056,3.6913615994778497
379,Rhys Williams,30,2026-03-15 16:30:00+00:00,0,0,0,0,True,Spurs,0.0,0.21075,0.2231470588235294,2.0,0.0,0.5,0.4215,0.0,1.0,1.0,True,-0.5212912542207935,0.478378416168394,0.9996696703891874
379,Rhys Williams,31,2026-03-21 12:45:00+00:00,0,0,0,0,False,Brighton,0.0,0.3182,0.3182,1.0,0.0,1.0,0.3182,0.3182,0.0,1.0,True,-0.5212912542207935,0.9158979650384896,1.4371892192592832
379,Rhys Williams,32,2026-04-11 16:30:00+00:00,0,0,0,0,True,Fulham,0.0,,,,,,,,,,,-0.5212912542207935,,
379,Rhys Williams,33,2026-04-19 13:00:00+00:00,0,0,0,0,False,Everton,0.0,0.3348,0.22319999999999998,2.0,0.0,0.5,0.0,0.6696,1.0,1.0,True,-0.5212912542207935,0.9834905616996678,1.5047818159204613
379,Rhys Williams,34,2026-04-25 14:00:00+00:00,0,0,0,0,True,Crystal Palace,0.0,-0.3062,-0.07204705882352942,2.0,0.5,0.0,-0.3062,-0.3062,0.0,2.0,True,-0.5212912542207935,-1.6265609117831736,-1.1052696575623802
379,Rhys Williams,35,2026-05-03 14:30:00+00:00,0,0,0,0,False,Man Utd,0.0,,,,,,,,,,,-0.5212912542207935,,
379,Rhys Williams,36,2026-05-09 11:30:00+00:00,0,0,0,0,True,Chelsea,0.0,,,,,,,,,,,-0.5212912542207935,,
379,Rhys Williams,37,2026-05-15 19:00:00+00:00,0,0,0,0,False,Aston Villa,0.0,,,,,,,,,,,-0.5212912542207935,,
379,Rhys Williams,38,2026-05-24 15:00:00+00:00,0,0,0,0,True,Brentford,0.0,,,,,,,,,,,-0.5212912542207935,,
380,Calvin Ramsay,1,2025-08-15 19:00:00+00:00,0,0,0,0,True,Bournemouth,0.0,0.0,0.0,1.0,0.0,0.0,0.0,0.0,0.0,1.0,True,-0.5212912542207935,-0.3797625324065027,0.14152872181429077
380,Calvin Ramsay,2,2025-08-25 19:00:00+00:00,0,0,0,0,False,Newcastle,0.0,,,,,,,,,,,-0.5212912542207935,,
380,Calvin Ramsay,3,2025-08-31 15:30:00+00:00,0,0,0,0,True,Arsenal,0.0,,,,,,,,,,,-0.5212912542207935,,
380,Calvin Ramsay,4,2025-09-14 13:00:00+00:00,0,0,0,0,False,Burnley,0.0,,,,,,,,,,,-0.5212912542207935,,
380,Calvin Ramsay,5,2025-09-20 11:30:00+00:00,0,0,0,0,True,Everton,0.0,,,,,,,,,,,-0.5212912542207935,,
380,Calvin Ramsay,6,2025-09-27 14:00:00+00:00,0,0,0,0,False,Crystal Palace,0.0,,,,,,,,,,,-0.5212912542207935,,
380,Calvin Ramsay,7,2025-10-04 16:30:00+00:00,0,0,0,0,False,Chelsea,0.0,0.0,0.0,1.0,0.0,0.0,0.0,0.0,0.0,1.0,True,-0.5212912542207935,-0.3797625324065027,0.14152872181429077
380,Calvin Ramsay,8,2025-10-19 15:30:00+00:00,0,0,0,0,True,Man Utd,0.0,0.4215,0.4215,1.0,0.0,1.0,0.4215,0.4215,1.0,0.0,True,-0.5212912542207935,1.3365193647432907,1.8578106189640842
380,Calvin Ramsay,9,2025-10-25 19:00:00+00:00,0,0,0,0,False,Brentford,0.0,,,,,,,,,,,-0.5212912542207935,,
380,Calvin Ramsay,10,2025-11-01 20:00:00+00:00,0,0,0,0,True,Aston Villa,0.0,,,,,,,,,,,-0.5212912542207935,,
380,Calvin Ramsay,11,2025-11-09 16:30:00+00:00,0,0,0,0,False,Man City,0.0,0.0,0.0,1.0,0.0,0.0,0.0,0.0,0.0,1.0,True,-0.5212912542207935,-0.3797625324065027,0.14152872181429077
380,Calvin Ramsay,12,2025-11-22 15:00:00+00:00,0,0,0,0,True,Nott'm Forest,0.0,0.4215,0.4215,1.0,0.0,1.0,0.4215,0.4215,0.0,1.0,True,-0.5212912542207935,1.3365193647432907,1.8578106189640842
380,Calvin Ramsay,13,2025-11-30 14:05:00+00:00,0,0,0,0,False,West Ham,0.0,,,,,,,,,,,-0.5212912542207935,,
380,Calvin Ramsay,14,2025-12-03 20:15:00+00:00,0,0,0,0,True,Sunderland,0.0,,,,,,,,,,,-0.5212912542207935,,
380,Calvin Ramsay,15,2025-12-06 17:30:00+00:00,0,0,0,0,False,Leeds,0.0,,,,,,,,,,,-0.5212912542207935,,
380,Calvin Ramsay,16,2025-12-13 15:00:00+00:00,0,0,0,0,True,Brighton,0.0,0.5859,0.5859,1.0,0.0,1.0,0.5859,0.5859,0.0,1.0,True,-0.5212912542207935,2.0059303822792955,2.527221636500089
380,Calvin Ramsay,17,2025-12-20 17:30:00+00:00,0,0,0,0,False,Spurs,0.0,,,,,,,,,,,-0.5212912542207935,,
380,Calvin Ramsay,18,2025-12-27 15:00:00+00:00,0,0,0,0,True,Wolves,0.0,,,,,,,,,,,-0.5212912542207935,,
380,Calvin Ramsay,19,2026-01-01 17:30:00+00:00,0,0,0,0,True,Leeds,0.0,,,,,,,,,,,-0.5212912542207935,,
380,Calvin Ramsay,20,2026-01-04 15:15:00+00:00,0,0,0,0,False,Fulham,0.0,-0.05135,-0.049693548387096775,2.0,0.5,0.0,-0.05135,-0.05135,0.0,2.0,True,-0.5212912542207935,-0.5888516793071952,-0.0675604250864017
380,Calvin Ramsay,21,2026-01-08 20:00:00+00:00,0,0,0,0,False,Arsenal,0.0,,,,,,,,,,,-0.5212912542207935,,
380,Calvin Ramsay,22,2026-01-17 15:00:00+00:00,0,0,0,0,True,Burnley,0.0,,,,,,,,,,,-0.5212912542207935,,
380,Calvin Ramsay,23,2026-01-24 17:30:00+00:00,0,0,0,0,False,Bournemouth,0.0,0.0,0.0,1.0,0.0,0.0,0.0,0.0,1.0,0.0,True,-0.5212912542207935,-0.3797625324065027,0.14152872181429077
380,Calvin Ramsay,24,2026-01-31 20:00:00+00:00,0,0,0,0,True,Newcastle,0.0,,,,,,,,,,,-0.5212912542207935,,
380,Calvin Ramsay,25,2026-02-08 16:30:00+00:00,0,0,0,0,True,Man City,0.0,,,,,,,,,,,-0.5212912542207935,,
380,Calvin Ramsay,26,2026-02-11 20:15:00+00:00,0,0,0,0,False,Sunderland,0.0,,,,,,,,,,,-0.5212912542207935,,
380,Calvin Ramsay,27,2026-02-22 14:00:00+00:00,0,0,0,0,False,Nott'm Forest,0.0,,,,,,,,,,,-0.5212912542207935,,
380,Calvin Ramsay,28,2026-02-28 15:00:00+00:00,0,0,0,0,True,West Ham,0.0,,,,,,,,,,,-0.5212912542207935,,
380,Calvin Ramsay,29,2026-03-03 20:15:00+00:00,0,0,0,0,False,Wolves,0.0,,,,,,,,,,,-0.5212912542207935,,
380,Calvin Ramsay,30,2026-03-15 16:30:00+00:00,0,0,0,0,True,Spurs,0.0,,,,,,,,,,,-0.5212912542207935,,
380,Calvin Ramsay,31,2026-03-21 12:45:00+00:00,0,0,0,0,False,Brighton,0.0,,,,,,,,,,,-0.5212912542207935,,
380,Calvin Ramsay,32,2026-04-11 16:30:00+00:00,0,0,0,0,True,Fulham,0.0,0.4588,0.4588,1.0,0.0,1.0,0.4588,0.4588,0.0,1.0,True,-0.5212912542207935,1.4883991150723235,2.009690369293117
380,Calvin Ramsay,33,2026-04-19 13:00:00+00:00,0,0,0,0,False,Everton,0.0,,,,,,,,,,,-0.5212912542207935,,
380,Calvin Ramsay,34,2026-04-25 14:00:00+00:00,0,0,0,0,True,Crystal Palace,0.0,,,,,,,,,,,-0.5212912542207935,,
380,Calvin Ramsay,35,2026-05-03 14:30:00+00:00,0,0,0,0,False,Man Utd,0.0,-0.1027,-0.10269999999999999,1.0,1.0,0.0,-0.1027,-0.1027,1.0,0.0,True,-0.5212912542207935,-0.7979408262078878,-0.2766495719870943
380,Calvin Ramsay,36,2026-05-09 11:30:00+00:00,0,0,0,0,True,Chelsea,0.0,,,,,,,,,,,-0.5212912542207935,,
380,Calvin Ramsay,37,2026-05-15 19:00:00+00:00,0,0,0,0,False,Aston Villa,0.0,-0.1027,-0.1027,1.0,1.0,0.0,-0.1027,-0.1027,0.0,1.0,True,-0.5212912542207935,-0.7979408262078878,-0.2766495719870943
380,Calvin Ramsay,38,2026-05-24 15:00:00+00:00,0,0,0,0,True,Brentford,0.0,,,,,,,,,,,-0.5212912542207935,,
381,Mohamed Salah,1,2025-08-15 19:00:00+00:00,8,1,0,90,True,Bournemouth,8.0,0.32014090909090914,0.47019146919431276,22.0,0.09090909090909091,0.6363636363636364,0.402875,0.30175555555555555,4.0,18.0,False,2.6166003171320478,0.9238010424684798,-1.6927992746635678
381,Mohamed Salah,2,2025-08-25 19:00:00+00:00,5,0,1,90,False,Newcastle,5.0,0.09324545454545455,0.19898913043478259,11.0,0.18181818181818182,0.2727272727272727,0.0,0.10257000000000001,1.0,10.0,False,1.4398909778747322,-8.166496197704771e-05,-1.4399726428367092
381,Mohamed Salah,3,2025-08-31 15:30:00+00:00,3,0,0,90,True,Arsenal,3.0,0.2549444444444444,0.3691770833333334,9.0,0.0,0.4444444444444444,0.2549444444444444,0.2549444444444444,0.0,9.0,False,0.6554180850365219,0.6583312630357541,0.002913177999232186
381,Mohamed Salah,4,2025-09-14 13:00:00+00:00,9,1,0,90,False,Burnley,9.0,0.138752380952381,0.1281212686567164,21.0,0.3333333333333333,0.47619047619047616,0.27472,0.0962625,5.0,16.0,False,3.0088367635511526,0.18521540262316114,-2.8236213609279917
381,Mohamed Salah,5,2025-09-20 11:30:00+00:00,5,0,1,90,True,Everton,5.0,0.0037750000000000097,-0.027800000000000005,12.0,0.3333333333333333,0.25,0.0037750000000000097,0.0037750000000000097,0.0,12.0,False,1.4398909778747322,-0.36439132443084316,-1.8042823023055754
381,Mohamed Salah,6,2025-09-27 14:00:00+00:00,2,0,0,90,False,Crystal Palace,2.0,-0.040711111111111094,0.09495197368421056,9.0,0.4444444444444444,0.4444444444444444,0.4466333333333334,-0.2843833333333333,3.0,6.0,False,0.2631816386174168,-0.5455317922234749,-0.8087134308408916
381,Mohamed Salah,7,2025-10-04 16:30:00+00:00,2,0,0,90,False,Chelsea,2.0,0.22110555555555556,0.29893947368421053,18.0,0.16666666666666666,0.5555555555555556,0.17406666666666668,0.2305133333333334,3.0,15.0,False,0.2631816386174168,0.5205446143532789,0.25736297573586214
381,Mohamed Salah,8,2025-10-19 15:30:00+00:00,2,0,0,84,True,Man Utd,2.142857142857143,-0.005900000000000013,0.09638298969072165,17.0,0.4117647058823529,0.29411764705882354,-0.066,0.026881818181818173,6.0,11.0,False,0.2631816386174168,-0.4037864071234275,-0.6669680457408442
381,Mohamed Salah,9,2025-10-25 19:00:00+00:00,6,1,0,90,False,Brentford,6.0,0.27624166666666666,0.46499731182795695,12.0,0.3333333333333333,0.5833333333333334,0.27624166666666666,0.27624166666666666,0.0,12.0,False,1.8321274242938375,0.7450502119315461,-1.0870772123622914
381,Mohamed Salah,10,2025-11-01 20:00:00+00:00,10,1,0,90,True,Aston Villa,10.0,0.35278095238095236,0.28054325842696637,21.0,0.09523809523809523,0.6190476190476191,0.38705,0.3447176470588235,4.0,17.0,False,3.401073209970258,1.0567061798845814,-2.3443670300856763
381,Mohamed Salah,11,2025-11-09 16:30:00+00:00,2,0,0,90,False,Man City,2.0,0.06639166666666667,0.08265,12.0,0.3333333333333333,0.3333333333333333,0.050459999999999984,0.07777142857142857,5.0,7.0,False,0.2631816386174168,-0.10942607778822662,-0.3726077164056434
381,Mohamed Salah,12,2025-11-22 15:00:00+00:00,2,0,0,90,True,Nott'm Forest,2.0,0.003941666666666649,-0.16736200000000007,12.0,0.3333333333333333,0.4166666666666667,-0.297525,0.154675,4.0,8.0,False,0.2631816386174168,-0.36371268390211664,-0.6268943225195334
381,Mohamed Salah,13,2025-11-30 14:05:00+00:00,0,0,0,0,False,West Ham,0.0,0.6249,0.6249,1.0,0.0,1.0,0.6249,0.6249,1.0,0.0,True,-0.5212912542207935,2.164732266001341,2.6860235202221343
381,Mohamed Salah,14,2025-12-03 20:15:00+00:00,1,0,0,45,True,Sunderland,2.0,-0.05705384615384615,-0.1402683720930232,13.0,0.38461538461538464,0.3076923076923077,-0.1027,-0.05325000000000001,1.0,12.0,False,-0.12905480780168835,-0.6120768463249263,-0.483022038523238
381,Mohamed Salah,15,2025-12-06 17:30:00+00:00,0,0,0,0,False,Leeds,0.0,,,,,,,,,,,-0.5212912542207935,,
381,Mohamed Salah,16,2025-12-13 15:00:00+00:00,7,0,1,64,True,Brighton,9.84375,0.3645368421052632,0.4419302325581395,19.0,0.21052631578947367,0.631578947368421,0.31245,0.370664705882353,2.0,17.0,False,2.2243638707129425,1.104574319193535,-1.1197895515194074
381,Mohamed Salah,17,2025-12-20 17:30:00+00:00,0,0,0,0,False,Spurs,0.0,,,,,,,,,,,-0.5212912542207935,,
381,Mohamed Salah,18,2025-12-27 15:00:00+00:00,0,0,0,0,True,Wolves,0.0,,,,,,,,,,,-0.5212912542207935,,
381,Mohamed Salah,19,2026-01-01 17:30:00+00:00,0,0,0,0,True,Leeds,0.0,0.36985,0.3453842105263158,2.0,0.0,1.0,0.3182,0.4215,1.0,1.0,True,-0.5212912542207935,1.1262086648908904,1.647499919111684
381,Mohamed Salah,20,2026-01-04 15:15:00+00:00,0,0,0,0,False,Fulham,0.0,,,,,,,,,,,-0.5212912542207935,,
381,Mohamed Salah,21,2026-01-08 20:00:00+00:00,0,0,0,0,False,Arsenal,0.0,0.0,0.0,1.0,0.0,0.0,0.0,0.0,0.0,1.0,True,-0.5212912542207935,-0.3797625324065027,0.14152872181429077
381,Mohamed Salah,22,2026-01-17 15:00:00+00:00,0,0,0,0,True,Burnley,0.0,,,,,,,,,,,-0.5212912542207935,,
381,Mohamed Salah,23,2026-01-24 17:30:00+00:00,5,0,1,90,False,Bournemouth,5.0,0.05722,0.17061428571428572,15.0,0.4666666666666667,0.4,0.6249,-0.030115384615384613,2.0,13.0,False,1.4398909778747322,-0.14677166608405626,-1.5866626439587885
381,Mohamed Salah,24,2026-01-31 20:00:00+00:00,5,0,1,83,True,Newcastle,5.421686746987952,-0.069325,-0.15819333333333332,8.0,0.5,0.375,0.1594,-0.14556666666666665,2.0,6.0,False,1.4398909778747322,-0.6620430603303685,-2.101934038205101
381,Mohamed Salah,25,2026-02-08 16:30:00+00:00,2,0,0,90,True,Man City,2.0,0.18439230769230772,0.26981956521739126,13.0,0.15384615384615385,0.46153846153846156,-0.296,0.22442499999999999,1.0,12.0,False,0.2631816386174168,0.3710540267061482,0.1078723880887314
381,Mohamed Salah,26,2026-02-11 20:15:00+00:00,6,0,1,90,False,Sunderland,6.0,0.10677647058823532,0.1657633484162896,17.0,0.4117647058823529,0.4117647058823529,0.24159999999999998,0.08879999999999999,2.0,15.0,False,1.8321274242938375,0.055014510326915185,-1.7771129139669222
381,Mohamed Salah,27,2026-02-22 14:00:00+00:00,3,0,0,76,False,Nott'm Forest,3.5526315789473686,0.11063846153846153,0.003586666666666647,13.0,0.38461538461538464,0.5384615384615384,-0.3062,0.18642727272727272,2.0,11.0,False,0.6554180850365219,0.07073993180931039,-0.5846781532272115
381,Mohamed Salah,28,2026-02-28 15:00:00+00:00,2,0,0,90,True,West Ham,2.0,0.03251666666666667,-0.04376559139784941,12.0,0.25,0.25,0.6249,-0.02133636363636364,1.0,11.0,False,0.2631816386174168,-0.2473597652519259,-0.5105414038693427
381,Mohamed Salah,29,2026-03-03 20:15:00+00:00,9,1,0,90,False,Wolves,9.0,0.10087142857142857,0.49401393034825875,14.0,0.5714285714285714,0.42857142857142855,-0.39333333333333337,0.23565454545454545,3.0,11.0,False,3.0088367635511526,0.030970105308280944,-2.9778666582428714
381,Mohamed Salah,30,2026-03-15 16:30:00+00:00,1,0,0,26,True,Spurs,3.4615384615384617,0.018692307692307678,0.12398484848484848,13.0,0.3076923076923077,0.38461538461538464,0.0,0.022090909090909074,2.0,11.0,False,-0.12905480780168835,-0.30365038695392504,-0.1745955791522367
381,Mohamed Salah,31,2026-03-21 12:45:00+00:00,0,0,0,0,False,Brighton,0.0,,,,,,,,,,,-0.5212912542207935,,
381,Mohamed Salah,32,2026-04-11 16:30:00+00:00,8,1,0,89,True,Fulham,8.089887640449438,0.17867368421052635,0.16987859922178986,19.0,0.15789473684210525,0.42105263157894735,0.4359,0.14841176470588235,2.0,17.0,False,2.6166003171320478,0.3477686887265584,-2.2688316284054895
381,Mohamed Salah,33,2026-04-19 13:00:00+00:00,10,1,0,90,False,Everton,10.0,0.3888214285714286,0.4097165338645419,28.0,0.10714285714285714,0.6785714285714286,0.08,0.45595652173913054,5.0,23.0,False,3.401073209970258,1.2034573467893797,-2.197615863180878
381,Mohamed Salah,34,2026-04-25 14:00:00+00:00,1,0,0,58,True,Crystal Palace,1.5517241379310345,-0.015878571428571436,0.12924066666666667,14.0,0.5,0.2857142857142857,-0.56155,0.07506666666666666,2.0,12.0,False,-0.12905480780168835,-0.4444175850647639,-0.3153627772630756
381,Mohamed Salah,35,2026-05-03 14:30:00+00:00,0,0,0,0,False,Man Utd,0.0,,,,,,,,,,,-0.5212912542207935,,
381,Mohamed Salah,36,2026-05-09 11:30:00+00:00,0,0,0,0,True,Chelsea,0.0,,,,,,,,,,,-0.5212912542207935,,
381,Mohamed Salah,37,2026-05-15 19:00:00+00:00,1,0,0,16,False,Aston Villa,5.625,-0.12990000000000002,-0.1137604938271605,10.0,0.4,0.1,-0.12990000000000002,-0.12990000000000002,0.0,10.0,False,-0.12905480780168835,-0.9086949604960832,-0.7796401526943949
381,Mohamed Salah,38,2026-05-24 15:00:00+00:00,6,0,1,73,True,Brentford,7.397260273972603,0.4602363636363637,0.5365479057591623,22.0,0.045454545454545456,0.7727272727272727,0.40312499999999996,0.47292777777777784,4.0,18.0,False,1.8321274242938375,1.4942477625380777,-0.3378796617557598
382,Florian Wirtz,1,2025-08-15 19:00:00+00:00,2,0,0,81,True,Bournemouth,2.2222222222222223,-0.002171428571428586,-0.12381621621621623,14.0,0.35714285714285715,0.35714285714285715,0.38849999999999996,-0.06728333333333335,2.0,12.0,False,0.2631816386174168,-0.38860424900934193,-0.6517858876267587
382,Florian Wirtz,2,2025-08-25 19:00:00+00:00,2,0,0,79,False,Newcastle,2.278481012658228,-0.11337857142857143,-0.12848558558558557,14.0,0.35714285714285715,0.2857142857142857,0.0,-0.132275,2.0,12.0,False,0.2631816386174168,-0.8414222943698763,-1.104603932987293
382,Florian Wirtz,3,2025-08-31 15:30:00+00:00,3,0,0,88,True,Arsenal,3.0681818181818183,0.09748125,0.043237818181818204,16.0,0.25,0.375,0.29973333333333335,0.050807692307692304,3.0,13.0,False,0.6554180850365219,0.017165829839127934,-0.6382522551973939
382,Florian Wirtz,4,2025-09-14 13:00:00+00:00,3,0,0,86,False,Burnley,3.13953488372093,0.1585357142857143,0.42475820105820095,14.0,0.2857142857142857,0.42857142857142855,0.8588,0.10466923076923076,1.0,13.0,False,0.6554180850365219,0.2657700333830189,-0.38964805165350297
382,Florian Wirtz,5,2025-09-20 11:30:00+00:00,0,0,0,29,True,Everton,0.0,-0.2528375,-0.3358297994269341,24.0,0.5833333333333334,0.16666666666666666,0.056600000000000004,-0.33426842105263155,5.0,19.0,False,-0.5212912542207935,-1.4092771804981061,-0.8879859262773127
382,Florian Wirtz,6,2025-09-27 14:00:00+00:00,2,0,0,73,False,Crystal Palace,2.4657534246575343,0.05987333333333331,-0.14179902439024392,15.0,0.3333333333333333,0.3333333333333333,0.6705,0.016257142857142852,1.0,14.0,False,0.2631816386174168,-0.13596770886672746,-0.3991493474841442
382,Florian Wirtz,7,2025-10-04 16:30:00+00:00,1,0,0,45,False,Chelsea,2.0,-0.3045230769230769,-0.42790671140939596,13.0,0.6153846153846154,0.15384615384615385,-0.7906,-0.2640166666666667,1.0,12.0,False,-0.12905480780168835,-1.619732744001831,-1.4906779362001426
382,Florian Wirtz,8,2025-10-19 15:30:00+00:00,1,0,0,28,True,Man Utd,3.2142857142857144,-0.023321428571428566,-0.1973653846153846,14.0,0.21428571428571427,0.21428571428571427,-0.1531,0.028590000000000015,4.0,10.0,False,-0.12905480780168835,-0.4747237321047585,-0.34566892430307017
382,Florian Wirtz,9,2025-10-25 19:00:00+00:00,2,0,0,82,False,Brentford,2.1951219512195124,0.0805125,0.294941935483871,16.0,0.25,0.4375,-0.16385,0.16196666666666668,4.0,12.0,False,0.2631816386174168,-0.05192825899185799,-0.31510989760927477
382,Florian Wirtz,10,2025-11-01 20:00:00+00:00,1,0,0,13,True,Aston Villa,1.0,-0.017971428571428565,-0.21129248554913296,14.0,0.2857142857142857,0.35714285714285715,-0.63375,0.08465833333333332,2.0,12.0,False,-0.12905480780168835,-0.45293937113263183,-0.3238845633309435
382,Florian Wirtz,11,2025-11-09 16:30:00+00:00,2,0,0,82,False,Man City,2.1951219512195124,-0.182,-0.40657991803278687,16.0,0.5625,0.1875,-0.81525,-0.09153571428571428,2.0,14.0,False,0.2631816386174168,-1.1208379897760457,-1.3840196283934625
382,Florian Wirtz,12,2025-11-22 15:00:00+00:00,0,0,0,0,True,Nott'm Forest,0.0,0.21075,0.20348275862068965,2.0,0.0,0.5,0.21075,0.21075,2.0,0.0,True,-0.5212912542207935,0.478378416168394,0.9996696703891874
382,Florian Wirtz,13,2025-11-30 14:05:00+00:00,3,0,0,74,False,West Ham,3.6486486486486487,0.11688333333333333,0.11625724137931033,12.0,0.25,0.4166666666666667,0.25899999999999995,0.0695111111111111,3.0,9.0,False,0.6554180850365219,0.09616807038952342,-0.5592500146469984
382,Florian Wirtz,14,2025-12-03 20:15:00+00:00,7,0,1,90,True,Sunderland,7.0,0.10658000000000001,0.01957848605577691,20.0,0.3,0.45,-0.03149999999999999,0.15260666666666667,5.0,15.0,False,2.2243638707129425,0.05421451290363965,-2.170149357809303
382,Florian Wirtz,15,2025-12-06 17:30:00+00:00,3,0,0,67,False,Leeds,4.029850746268656,0.05942499999999999,0.055229600000000004,20.0,0.1,0.2,0.3026142857142857,-0.07152307692307693,7.0,13.0,False,0.6554180850365219,-0.1377932518890022,-0.793211336925524
382,Florian Wirtz,16,2025-12-13 15:00:00+00:00,5,0,0,77,True,Brighton,5.8441558441558445,0.16154166666666667,0.21833333333333335,12.0,0.4166666666666667,0.5833333333333334,0.16154166666666667,0.16154166666666667,0.0,12.0,False,1.4398909778747322,0.27800980006183945,-1.1618811778128928
382,Florian Wirtz,17,2025-12-20 17:30:00+00:00,8,0,1,90,False,Spurs,8.0,0.359355,0.42631165644171776,20.0,0.05,0.55,0.8718,0.33238421052631584,1.0,19.0,False,2.6166003171320478,1.0834746707969707,-1.533125646335077
382,Florian Wirtz,18,2025-12-27 15:00:00+00:00,10,1,0,90,True,Wolves,10.0,0.46299642857142864,0.612936690647482,28.0,0.03571428571428571,0.7142857142857143,0.6274666666666667,0.44326,3.0,25.0,False,3.401073209970258,1.5054863140991923,-1.8955868958710655
382,Florian Wirtz,19,2026-01-01 17:30:00+00:00,3,0,0,65,True,Leeds,4.153846153846154,0.32227857142857147,0.33332054054054056,14.0,0.07142857142857142,0.6428571428571429,0.2294,0.3377583333333334,2.0,12.0,False,0.6554180850365219,0.9325052682629016,0.2770871832263797
382,Florian Wirtz,20,2026-01-04 15:15:00+00:00,10,1,0,75,False,Fulham,12.0,0.29973571428571427,0.36021,28.0,0.25,0.5714285714285714,0.2171,0.309652,3.0,25.0,False,3.401073209970258,0.8407142893202688,-2.560358920649989
382,Florian Wirtz,21,2026-01-08 20:00:00+00:00,3,0,0,90,False,Arsenal,3.0,0.07264375000000002,-0.02851102941176474,16.0,0.3125,0.4375,-0.3698,0.13585,2.0,14.0,False,0.6554180850365219,-0.08396857495436666,-0.7393866599908885
382,Florian Wirtz,22,2026-01-17 15:00:00+00:00,10,1,0,90,True,Burnley,10.0,0.36104333333333327,0.4705070208728653,30.0,0.26666666666666666,0.6333333333333333,0.49946,0.33336,5.0,25.0,False,3.401073209970258,1.0903492993529718,-2.310723910617286
382,Florian Wirtz,23,2026-01-24 17:30:00+00:00,2,0,0,90,False,Bournemouth,2.0,0.2581466666666667,0.09255960591133007,15.0,0.13333333333333333,0.6,0.2581466666666667,0.2581466666666667,0.0,15.0,False,0.2631816386174168,0.6713702097276897,0.4081885711102729
382,Florian Wirtz,24,2026-01-31 20:00:00+00:00,12,1,1,86,True,Newcastle,12.55813953488372,0.32862121212121215,0.43951565217391303,33.0,0.15151515151515152,0.5454545454545454,0.21795,0.3438862068965517,4.0,29.0,False,4.185546102808468,0.958331506461964,-3.2272145963465038
382,Florian Wirtz,25,2026-02-08 16:30:00+00:00,2,0,0,90,True,Man City,2.0,-0.08043333333333334,-0.3009326923076923,9.0,0.2222222222222222,0.2222222222222222,0.0,-0.0904875,1.0,8.0,False,0.2631816386174168,-0.7072744515700023,-0.9704560901874191
382,Florian Wirtz,26,2026-02-11 20:15:00+00:00,3,0,0,90,False,Sunderland,3.0,-0.05984615384615385,-0.18799659090909093,13.0,0.38461538461538464,0.3076923076923077,-0.13283333333333333,0.002714285714285703,6.0,7.0,False,0.6554180850365219,-0.623446685336978,-1.2788647703734999
382,Florian Wirtz,27,2026-02-22 14:00:00+00:00,0,0,0,0,False,Nott'm Forest,0.0,,,,,,,,,,,-0.5212912542207935,,
382,Florian Wirtz,28,2026-02-28 15:00:00+00:00,0,0,0,0,True,West Ham,0.0,,,,,,,,,,,-0.5212912542207935,,
382,Florian Wirtz,29,2026-03-03 20:15:00+00:00,0,0,0,0,False,Wolves,0.0,,,,,,,,,,,-0.5212912542207935,,
382,Florian Wirtz,30,2026-03-15 16:30:00+00:00,3,0,0,63,True,Spurs,4.285714285714286,0.41091333333333335,0.5496614718614719,15.0,0.13333333333333333,0.6666666666666666,0.28790000000000004,0.4298384615384616,2.0,13.0,False,0.6554180850365219,1.2934121183585716,0.6379940333220497
382,Florian Wirtz,31,2026-03-21 12:45:00+00:00,2,0,0,90,False,Brighton,2.0,0.00494,-0.05900447761194032,15.0,0.26666666666666666,0.4,-0.241825,0.09467272727272728,4.0,11.0,False,0.2631816386174168,-0.35964762713504367,-0.6228292657524604
382,Florian Wirtz,32,2026-04-11 16:30:00+00:00,6,0,1,67,True,Fulham,8.059701492537313,0.46584210526315784,0.5697245762711864,19.0,0.10526315789473684,0.7894736842105263,0.6249,0.4570055555555556,1.0,18.0,False,1.8321274242938375,1.517073463307154,-0.31505396098668337
382,Florian Wirtz,33,2026-04-19 13:00:00+00:00,2,0,0,83,False,Everton,2.1686746987951806,0.09874666666666666,0.08965583756345173,15.0,0.26666666666666666,0.4666666666666667,0.4588,0.07302857142857141,1.0,14.0,False,0.2631816386174168,0.022318408053485273,-0.2408632305639315
382,Florian Wirtz,34,2026-04-25 14:00:00+00:00,8,1,0,90,True,Crystal Palace,8.0,0.12508750000000002,0.2667705405405405,24.0,0.4166666666666667,0.4166666666666667,0.18926666666666667,0.11591904761904762,3.0,21.0,False,2.6166003171320478,0.12957415041609474,-2.4870261667159532
382,Florian Wirtz,35,2026-05-03 14:30:00+00:00,2,0,0,90,False,Man Utd,2.0,-0.07080833333333332,-0.191151875,12.0,0.3333333333333333,0.3333333333333333,-0.2362,-0.03773,2.0,10.0,False,0.2631816386174168,-0.668082961036036,-0.9312645996534528
382,Florian Wirtz,36,2026-05-09 11:30:00+00:00,0,0,0,0,True,Chelsea,0.0,,,,,,,,,,,-0.5212912542207935,,
382,Florian Wirtz,37,2026-05-15 19:00:00+00:00,1,0,0,24,False,Aston Villa,3.75,-0.09131,-0.1884188976377953,10.0,0.3,0.1,0.31245,-0.19224999999999998,2.0,8.0,False,-0.12905480780168835,-0.7515625324747058,-0.6225077246730175
382,Florian Wirtz,38,2026-05-24 15:00:00+00:00,1,0,0,17,True,Brentford,5.294117647058823,0.07465384615384615,0.15482168674698796,13.0,0.23076923076923078,0.3076923076923077,0.07183333333333332,0.07549999999999998,3.0,10.0,False,-0.12905480780168835,-0.07578377865454093,0.05327102914714742
383,Luis Díaz,1,2025-08-15 19:00:00+00:00,0,0,0,0,True,Bournemouth,0.0,0.1591,0.2983125,2.0,0.0,0.5,0.0,0.3182,1.0,1.0,True,-0.5212912542207935,0.26806771631599347,0.7893589705367869
383,Luis Díaz,2,2025-08-25 19:00:00+00:00,0,0,0,0,False,Newcastle,0.0,0.36985,0.37875517241379303,2.0,0.0,1.0,0.4215,0.3182,1.0,1.0,True,-0.5212912542207935,1.1262086648908904,1.647499919111684
383,Luis Díaz,3,2025-08-31 15:30:00+00:00,0,0,0,0,True,Arsenal,0.0,,,,,,,,,,,-0.5212912542207935,,
383,Luis Díaz,4,2025-09-14 13:00:00+00:00,0,0,0,0,False,Burnley,0.0,-0.6705,-0.6705,1.0,1.0,0.0,-0.6705,-0.6705,0.0,1.0,True,-0.5212912542207935,-3.1099333794739676,-2.588642125253174
383,Luis Díaz,5,2025-09-20 11:30:00+00:00,0,0,0,0,True,Everton,0.0,,,,,,,,,,,-0.5212912542207935,,
383,Luis Díaz,6,2025-09-27 14:00:00+00:00,0,0,0,0,False,Crystal Palace,0.0,,,,,,,,,,,-0.5212912542207935,,
383,Luis Díaz,7,2025-10-04 16:30:00+00:00,0,0,0,0,False,Chelsea,0.0,,,,,,,,,,,-0.5212912542207935,,
383,Luis Díaz,8,2025-10-19 15:30:00+00:00,0,0,0,0,True,Man Utd,0.0,,,,,,,,,,,-0.5212912542207935,,
383,Luis Díaz,9,2025-10-25 19:00:00+00:00,0,0,0,0,False,Brentford,0.0,,,,,,,,,,,-0.5212912542207935,,
383,Luis Díaz,10,2025-11-01 20:00:00+00:00,0,0,0,0,True,Aston Villa,0.0,0.0,0.0,1.0,0.0,0.0,0.0,0.0,0.0,1.0,True,-0.5212912542207935,-0.3797625324065027,0.14152872181429077
383,Luis Díaz,11,2025-11-09 16:30:00+00:00,0,0,0,0,False,Man City,0.0,0.0,0.0,2.0,0.0,0.0,0.0,0.0,0.0,2.0,True,-0.5212912542207935,-0.3797625324065027,0.14152872181429077
383,Luis Díaz,12,2025-11-22 15:00:00+00:00,0,0,0,0,True,Nott'm Forest,0.0,0.2611,0.436262962962963,2.0,0.5,0.5,-0.1027,0.6249,1.0,1.0,True,-0.5212912542207935,0.6833957198967265,1.2046869741175201
383,Luis Díaz,13,2025-11-30 14:05:00+00:00,0,0,0,0,False,West Ham,0.0,,,,,,,,,,,-0.5212912542207935,,
383,Luis Díaz,14,2025-12-03 20:15:00+00:00,0,0,0,0,True,Sunderland,0.0,,,,,,,,,,,-0.5212912542207935,,
383,Luis Díaz,15,2025-12-06 17:30:00+00:00,0,0,0,0,False,Leeds,0.0,0.3182,0.3182,1.0,0.0,1.0,0.3182,0.3182,0.0,1.0,True,-0.5212912542207935,0.9158979650384896,1.4371892192592832
383,Luis Díaz,16,2025-12-13 15:00:00+00:00,0,0,0,0,True,Brighton,0.0,,,,,,,,,,,-0.5212912542207935,,
383,Luis Díaz,17,2025-12-20 17:30:00+00:00,0,0,0,0,False,Spurs,0.0,,,,,,,,,,,-0.5212912542207935,,
383,Luis Díaz,18,2025-12-27 15:00:00+00:00,0,0,0,0,True,Wolves,0.0,,,,,,,,,,,-0.5212912542207935,,
383,Luis Díaz,19,2026-01-01 17:30:00+00:00,0,0,0,0,True,Leeds,0.0,,,,,,,,,,,-0.5212912542207935,,
383,Luis Díaz,20,2026-01-04 15:15:00+00:00,0,0,0,0,False,Fulham,0.0,,,,,,,,,,,-0.5212912542207935,,
383,Luis Díaz,21,2026-01-08 20:00:00+00:00,0,0,0,0,False,Arsenal,0.0,,,,,,,,,,,-0.5212912542207935,,
383,Luis Díaz,22,2026-01-17 15:00:00+00:00,0,0,0,0,True,Burnley,0.0,,,,,,,,,,,-0.5212912542207935,,
383,Luis Díaz,23,2026-01-24 17:30:00+00:00,0,0,0,0,False,Bournemouth,0.0,0.0,0.0,1.0,0.0,0.0,0.0,0.0,0.0,1.0,True,-0.5212912542207935,-0.3797625324065027,0.14152872181429077
383,Luis Díaz,24,2026-01-31 20:00:00+00:00,0,0,0,0,True,Newcastle,0.0,,,,,,,,,,,-0.5212912542207935,,
383,Luis Díaz,25,2026-02-08 16:30:00+00:00,0,0,0,0,True,Man City,0.0,,,,,,,,,,,-0.5212912542207935,,
383,Luis Díaz,26,2026-02-11 20:15:00+00:00,0,0,0,0,False,Sunderland,0.0,,,,,,,,,,,-0.5212912542207935,,
383,Luis Díaz,27,2026-02-22 14:00:00+00:00,0,0,0,0,False,Nott'm Forest,0.0,,,,,,,,,,,-0.5212912542207935,,
383,Luis Díaz,28,2026-02-28 15:00:00+00:00,0,0,0,0,True,West Ham,0.0,,,,,,,,,,,-0.5212912542207935,,
383,Luis Díaz,29,2026-03-03 20:15:00+00:00,0,0,0,0,False,Wolves,0.0,,,,,,,,,,,-0.5212912542207935,,
383,Luis Díaz,30,2026-03-15 16:30:00+00:00,0,0,0,0,True,Spurs,0.0,,,,,,,,,,,-0.5212912542207935,,
383,Luis Díaz,31,2026-03-21 12:45:00+00:00,0,0,0,0,False,Brighton,0.0,,,,,,,,,,,-0.5212912542207935,,
383,Luis Díaz,32,2026-04-11 16:30:00+00:00,0,0,0,0,True,Fulham,0.0,,,,,,,,,,,-0.5212912542207935,,
383,Luis Díaz,33,2026-04-19 13:00:00+00:00,0,0,0,0,False,Everton,0.0,,,,,,,,,,,-0.5212912542207935,,
383,Luis Díaz,34,2026-04-25 14:00:00+00:00,0,0,0,0,True,Crystal Palace,0.0,,,,,,,,,,,-0.5212912542207935,,
383,Luis Díaz,35,2026-05-03 14:30:00+00:00,0,0,0,0,False,Man Utd,0.0,0.8718,0.8718,1.0,0.0,1.0,0.8718,0.8718,0.0,1.0,True,-0.5212912542207935,3.170070345257056,3.6913615994778497
383,Luis Díaz,36,2026-05-09 11:30:00+00:00,0,0,0,0,True,Chelsea,0.0,,,,,,,,,,,-0.5212912542207935,,
383,Luis Díaz,37,2026-05-15 19:00:00+00:00,0,0,0,0,False,Aston Villa,0.0,,,,,,,,,,,-0.5212912542207935,,
383,Luis Díaz,38,2026-05-24 15:00:00+00:00,0,0,0,0,True,Brentford,0.0,,,,,,,,,,,-0.5212912542207935,,
384,Cody Gakpo,1,2025-08-15 19:00:00+00:00,7,1,0,90,True,Bournemouth,7.0,0.26605,0.2994338888888889,16.0,0.1875,0.5,0.17804999999999999,0.27862142857142863,2.0,14.0,False,2.2243638707129425,0.7035513435999091,-1.5208125271130335
384,Cody Gakpo,2,2025-08-25 19:00:00+00:00,10,0,2,90,False,Newcastle,10.0,0.2121,0.24439537712895376,25.0,0.2,0.52,0.4404,0.2025875,1.0,24.0,False,3.401073209970258,0.48387540445108024,-2.9171978055191774
384,Cody Gakpo,3,2025-08-31 15:30:00+00:00,3,0,0,90,True,Arsenal,3.0,0.113425,0.10993138686131385,12.0,0.25,0.4166666666666667,0.37929999999999997,0.06024999999999999,2.0,10.0,False,0.6554180850365219,0.08208627941844468,-0.5733318056180772
384,Cody Gakpo,4,2025-09-14 13:00:00+00:00,3,0,0,90,False,Burnley,3.0,0.24503333333333333,0.3692941176470589,12.0,0.16666666666666666,0.5,-0.148,0.32364000000000004,2.0,10.0,False,0.6554180850365219,0.6179747729274737,-0.037443312109048166
384,Cody Gakpo,5,2025-09-20 11:30:00+00:00,2,0,0,60,True,Everton,3.0,-0.18156,-0.17406666666666665,10.0,0.5,0.1,-0.6705,-0.12723333333333334,1.0,9.0,False,0.2631816386174168,-1.1190463787802074,-1.3822280173976242
384,Cody Gakpo,6,2025-09-27 14:00:00+00:00,1,0,0,45,False,Crystal Palace,2.0,0.12894166666666668,0.07403028169014085,12.0,0.25,0.4166666666666667,0.0,0.14066363636363635,1.0,11.0,False,-0.12905480780168835,0.14526771264289937,0.2743225204445877
384,Cody Gakpo,7,2025-10-04 16:30:00+00:00,7,1,0,90,False,Chelsea,7.0,0.16876666666666665,0.040447368421052614,12.0,0.3333333333333333,0.5,-0.05123333333333335,0.2421,3.0,9.0,False,2.2243638707129425,0.3074288669821413,-1.9169350037308013
384,Cody Gakpo,8,2025-10-19 15:30:00+00:00,7,1,0,90,True,Man Utd,7.0,0.19227333333333335,0.22798953488372087,15.0,0.4,0.4666666666666667,0.0,0.20600714285714283,1.0,14.0,False,2.2243638707129425,0.4031443271537535,-1.821219543559189
384,Cody Gakpo,9,2025-10-25 19:00:00+00:00,2,0,0,60,False,Brentford,3.0,0.071,0.05249259259259259,10.0,0.4,0.4,0.31245,0.010637499999999994,2.0,8.0,False,0.2631816386174168,-0.09066166716893373,-0.3538433057863505
384,Cody Gakpo,10,2025-11-01 20:00:00+00:00,3,0,0,90,True,Aston Villa,3.0,0.33824444444444446,0.4946991228070175,9.0,0.1111111111111111,0.6666666666666666,0.1594,0.38934285714285716,2.0,7.0,False,0.6554180850365219,0.9975157992933528,0.3420977142568309
384,Cody Gakpo,11,2025-11-09 16:30:00+00:00,1,0,0,34,False,Man City,2.6470588235294117,0.05943333333333333,-0.019765573770491793,15.0,0.26666666666666666,0.4,0.1591,0.04409999999999999,2.0,13.0,False,-0.12905480780168835,-0.13775931986256584,-0.008704512060877495
384,Cody Gakpo,12,2025-11-22 15:00:00+00:00,2,0,0,90,True,Nott'm Forest,2.0,-0.06946999999999999,-0.24649747899159666,10.0,0.4,0.1,0.0,-0.07718888888888888,1.0,9.0,False,0.2631816386174168,-0.6626334775903607,-0.9258151162077775
384,Cody Gakpo,13,2025-11-30 14:05:00+00:00,14,1,1,90,False,West Ham,14.0,0.2536222222222222,0.2789811926605505,18.0,0.2222222222222222,0.5555555555555556,0.24159999999999998,0.255125,2.0,16.0,False,4.9700189956466785,0.6529473815078557,-4.317071614138823
384,Cody Gakpo,14,2025-12-03 20:15:00+00:00,1,0,0,45,True,Sunderland,2.0,-0.09826000000000001,-0.1784183962264151,15.0,0.4,0.3333333333333333,0.09176,-0.19327,5.0,10.0,False,-0.12905480780168835,-0.7798618425226088,-0.6508070347209205
384,Cody Gakpo,15,2025-12-06 17:30:00+00:00,2,0,0,82,False,Leeds,2.1951219512195124,-0.22009333333333334,-0.3605065573770491,15.0,0.5333333333333333,0.13333333333333333,-0.4870333333333334,-0.15335833333333332,3.0,12.0,False,0.2631816386174168,-1.2759480690218177,-1.5391297076392345
384,Cody Gakpo,16,2025-12-13 15:00:00+00:00,0,0,0,0,True,Brighton,0.0,0.31245,0.2343375,2.0,0.0,0.5,0.31245,0.31245,0.0,2.0,True,-0.5212912542207935,0.892484866797419,1.4137761210182125
384,Cody Gakpo,17,2025-12-20 17:30:00+00:00,0,0,0,0,False,Spurs,0.0,,,,,,,,,,,-0.5212912542207935,,
384,Cody Gakpo,18,2025-12-27 15:00:00+00:00,1,0,0,4,True,Wolves,1.0,-0.2111916666666667,-0.37975250000000005,12.0,0.5,0.16666666666666666,0.0,-0.2303909090909091,1.0,11.0,False,-0.12905480780168835,-1.2397018783825253,-1.110647070580837
384,Cody Gakpo,19,2026-01-01 17:30:00+00:00,1,0,0,24,True,Leeds,3.75,-0.43841111111111114,-0.5416724890829695,9.0,0.8888888888888888,0.1111111111111111,-0.43841111111111114,-0.43841111111111114,0.0,9.0,False,-0.12905480780168835,-2.1649038218710976,-2.0358490140694094
384,Cody Gakpo,20,2026-01-04 15:15:00+00:00,6,1,0,90,False,Fulham,6.0,0.20076923076923078,0.20683652173913042,26.0,0.2692307692307692,0.5,0.29338,0.1787190476190476,5.0,21.0,False,1.8321274242938375,0.43773828912118434,-1.3943891351726532
384,Cody Gakpo,21,2026-01-08 20:00:00+00:00,3,0,0,90,False,Arsenal,3.0,0.17921818181818183,0.19690973451327434,11.0,0.09090909090909091,0.45454545454545453,0.22319999999999998,0.162725,3.0,8.0,False,0.6554180850365219,0.3499857975926568,-0.3054322874438651
384,Cody Gakpo,22,2026-01-17 15:00:00+00:00,2,0,0,77,True,Burnley,2.337662337662338,-0.031160000000000014,-0.25292944162436554,10.0,0.3,0.3,-0.01325000000000004,-0.03563750000000001,2.0,8.0,False,0.2631816386174168,-0.5066411656572443,-0.7698228042746611
384,Cody Gakpo,23,2026-01-24 17:30:00+00:00,2,0,0,73,False,Bournemouth,2.4657534246575343,-0.08306875,-0.275305652173913,16.0,0.375,0.25,0.0,-0.10223846153846153,3.0,13.0,False,0.2631816386174168,-0.7180054549304931,-0.9811870935479099
384,Cody Gakpo,24,2026-01-31 20:00:00+00:00,4,0,0,90,True,Newcastle,4.0,0.13108999999999998,0.031537579617834384,10.0,0.3,0.4,-0.6124,0.2137,1.0,9.0,False,1.047654531455627,0.15401538905818626,-0.8936391423974407
384,Cody Gakpo,25,2026-02-08 16:30:00+00:00,2,0,0,84,True,Man City,2.142857142857143,-0.22097692307692307,-0.21082461538461542,13.0,0.6153846153846154,0.3076923076923077,-0.03897500000000001,-0.30186666666666667,4.0,9.0,False,0.2631816386174168,-1.2795459078864209,-1.5427275465038377
384,Cody Gakpo,26,2026-02-11 20:15:00+00:00,3,0,0,74,False,Sunderland,3.6486486486486487,0.21088823529411763,0.0970392670157068,17.0,0.17647058823529413,0.5882352941176471,-0.07180000000000002,0.27146428571428566,3.0,14.0,False,0.6554180850365219,0.4789412886069261,-0.1764767964295958
384,Cody Gakpo,27,2026-02-22 14:00:00+00:00,3,0,0,76,False,Nott'm Forest,3.5526315789473686,0.43531111111111115,0.590398717948718,9.0,0.0,0.7777777777777778,0.21075,0.4994714285714286,2.0,7.0,False,0.6554180850365219,1.3927560432237758,0.7373379581872539
384,Cody Gakpo,28,2026-02-28 15:00:00+00:00,6,1,0,90,True,West Ham,6.0,0.174085,0.201210460251046,20.0,0.3,0.55,-0.00045000000000000595,0.19347777777777775,2.0,18.0,False,1.8321274242938375,0.3290842862538099,-1.5030431380400275
384,Cody Gakpo,29,2026-03-03 20:15:00+00:00,3,0,0,64,False,Wolves,4.21875,0.3128083333333333,0.19032937853107343,12.0,0.16666666666666666,0.6666666666666666,0.4496,0.28545000000000004,2.0,10.0,False,0.6554180850365219,0.8939439439341813,0.23852585889765943
384,Cody Gakpo,30,2026-03-15 16:30:00+00:00,3,0,0,82,True,Spurs,3.2926829268292686,0.04636470588235294,0.0017797468354430275,17.0,0.17647058823529413,0.23529411764705882,-0.09987499999999999,0.09136153846153847,4.0,13.0,False,0.6554180850365219,-0.1909727213209585,-0.8463908063574803
384,Cody Gakpo,31,2026-03-21 12:45:00+00:00,2,0,0,90,False,Brighton,2.0,-0.29765,-0.3862909604519774,16.0,0.625,0.0625,0.004166666666666652,-0.36729999999999996,3.0,13.0,False,0.2631816386174168,-1.5917466526594946,-1.8549282912769114
384,Cody Gakpo,32,2026-04-11 16:30:00+00:00,6,0,1,90,True,Fulham,6.0,0.33763888888888893,0.42400646153846144,18.0,0.1111111111111111,0.6111111111111112,0.0,0.35750000000000004,1.0,17.0,False,1.8321274242938375,0.9950500720389793,-0.8370773522548581
384,Cody Gakpo,33,2026-04-19 13:00:00+00:00,5,0,1,83,False,Everton,5.421686746987952,0.04577142857142857,0.15433870967741936,14.0,0.35714285714285715,0.2857142857142857,-0.025675000000000003,0.07435,4.0,10.0,False,1.4398909778747322,-0.19338845348876207,-1.6332794313634942
384,Cody Gakpo,34,2026-04-25 14:00:00+00:00,2,0,0,90,True,Crystal Palace,2.0,-0.013016666666666657,-0.18383728070175437,18.0,0.2777777777777778,0.2777777777777778,-0.013016666666666657,-0.013016666666666657,0.0,18.0,False,0.2631816386174168,-0.432764357700057,-0.6959459963174738
384,Cody Gakpo,35,2026-05-03 14:30:00+00:00,6,1,0,90,False,Man Utd,6.0,0.3190470588235294,0.5087972972972973,17.0,0.17647058823529413,0.5882352941176471,0.4404,0.3114625,1.0,16.0,False,1.8321274242938375,0.9193470557256653,-0.9127803685681721
384,Cody Gakpo,36,2026-05-09 11:30:00+00:00,2,0,0,76,True,Chelsea,2.3684210526315788,0.2612111111111111,0.29670389610389614,9.0,0.1111111111111111,0.6666666666666666,-0.04294999999999999,0.3481142857142857,2.0,7.0,False,0.2631816386174168,0.6838481469158776,0.4206665082984608
384,Cody Gakpo,37,2026-05-15 19:00:00+00:00,2,0,0,73,False,Aston Villa,2.4657534246575343,-0.009783333333333326,-0.19509919678714857,18.0,0.4444444444444444,0.2777777777777778,0.3182,-0.02907647058823529,1.0,17.0,False,0.2631816386174168,-0.4195987314427593,-0.682780370060176
384,Cody Gakpo,38,2026-05-24 15:00:00+00:00,2,0,0,90,True,Brentford,2.0,0.008130769230769223,0.018071126760563376,13.0,0.38461538461538464,0.23076923076923078,0.0,0.008808333333333326,1.0,12.0,False,0.2631816386174168,-0.3466553152281593,-0.6098369538455761
385,Federico Chiesa,1,2025-08-15 19:00:00+00:00,6,1,0,8,True,Bournemouth,6.0,0.48313076923076925,0.481618439716312,13.0,0.07692307692307693,0.8461538461538461,0.5572,0.46091000000000004,3.0,10.0,False,1.8321274242938375,1.5874701916429013,-0.2446572326509362
385,Federico Chiesa,2,2025-08-25 19:00:00+00:00,1,0,0,10,False,Newcastle,1.0,0.03028888888888889,-0.21177692307692306,9.0,0.1111111111111111,0.2222222222222222,0.03028888888888889,0.03028888888888889,0.0,9.0,False,-0.12905480780168835,-0.25643092698590597,-0.12737611918421762
385,Federico Chiesa,3,2025-08-31 15:30:00+00:00,1,0,0,11,True,Arsenal,1.0,0.1279705882352941,0.19662204301075265,17.0,0.17647058823529413,0.4117647058823529,-0.07602,0.21296666666666667,5.0,12.0,False,-0.12905480780168835,0.14131363356228882,0.2703684413639772
385,Federico Chiesa,4,2025-09-14 13:00:00+00:00,1,0,0,18,False,Burnley,5.0,-0.025735714285714285,-0.1711588709677419,14.0,0.35714285714285715,0.35714285714285715,-0.06876,-0.0018333333333333287,5.0,9.0,False,-0.12905480780168835,-0.48455432490659944,-0.3554995171049111
385,Federico Chiesa,5,2025-09-20 11:30:00+00:00,0,0,0,0,True,Everton,0.0,,,,,,,,,,,-0.5212912542207935,,
385,Federico Chiesa,6,2025-09-27 14:00:00+00:00,5,1,0,16,False,Crystal Palace,28.125,0.3346857142857143,0.4681357723577235,7.0,0.14285714285714285,0.5714285714285714,0.0,0.46856,2.0,5.0,False,1.4398909778747322,0.9830252081942553,-0.4568657696804769
385,Federico Chiesa,7,2025-10-04 16:30:00+00:00,0,0,0,0,False,Chelsea,0.0,,,,,,,,,,,-0.5212912542207935,,
385,Federico Chiesa,8,2025-10-19 15:30:00+00:00,4,0,1,18,True,Man Utd,20.0,0.23174285714285717,0.39868148148148147,7.0,0.14285714285714285,0.42857142857142855,0.21075,0.24014000000000002,2.0,5.0,False,1.047654531455627,0.5638580381938685,-0.48379649326175844
385,Federico Chiesa,9,2025-10-25 19:00:00+00:00,1,0,0,29,False,Brentford,3.103448275862069,0.0006666666666666426,-0.03182800000000003,9.0,0.3333333333333333,0.3333333333333333,-0.296,0.03774999999999999,1.0,8.0,False,-0.12905480780168835,-0.37704797029159604,-0.2479931624899077
385,Federico Chiesa,10,2025-11-01 20:00:00+00:00,0,0,0,0,True,Aston Villa,0.0,,,,,,,,,,,-0.5212912542207935,,
385,Federico Chiesa,11,2025-11-09 16:30:00+00:00,1,0,0,7,False,Man City,1.0,-0.05219285714285716,-0.1925507246376812,14.0,0.2857142857142857,0.2857142857142857,-0.2202,-0.024191666666666677,2.0,12.0,False,-0.12905480780168835,-0.5922836614096132,-0.4632288536079249
385,Federico Chiesa,12,2025-11-22 15:00:00+00:00,0,0,0,22,True,Nott'm Forest,0.0,-0.11767222222222223,-0.37876176470588235,18.0,0.4444444444444444,0.16666666666666666,0.6249,-0.16135294117647062,1.0,17.0,False,-0.5212912542207935,-0.8589053670385018,-0.33761411281770837
385,Federico Chiesa,13,2025-11-30 14:05:00+00:00,0,0,0,0,False,West Ham,0.0,,,,,,,,,,,-0.5212912542207935,,
385,Federico Chiesa,14,2025-12-03 20:15:00+00:00,1,0,0,4,True,Sunderland,1.0,-0.22240000000000001,-0.02104473684210527,8.0,0.5,0.125,-0.5428999999999999,-0.030100000000000005,3.0,5.0,False,-0.12905480780168835,-1.2853404539393951,-1.1562856461377067
385,Federico Chiesa,15,2025-12-06 17:30:00+00:00,0,0,0,0,False,Leeds,0.0,-0.7906,-0.7906,1.0,1.0,0.0,-0.7906,-0.7906,1.0,0.0,True,-0.5212912542207935,-3.598961744474419,-3.0776704902536256
385,Federico Chiesa,16,2025-12-13 15:00:00+00:00,1,0,0,7,True,Brighton,1.0,-0.03533333333333333,-0.16308702290076332,12.0,0.3333333333333333,0.25,0.0,-0.03854545454545455,1.0,11.0,False,-0.12905480780168835,-0.5236343244965604,-0.3945795166948721
385,Federico Chiesa,17,2025-12-20 17:30:00+00:00,1,0,0,1,False,Spurs,1.0,0.18317777777777777,0.35698505747126436,9.0,0.2222222222222222,0.3333333333333333,-0.296,0.24307499999999999,1.0,8.0,False,-0.12905480780168835,0.3661086513660423,0.49516345916773064
385,Federico Chiesa,18,2025-12-27 15:00:00+00:00,2,0,0,60,True,Wolves,3.0,-0.20868181818181816,-0.2648049079754601,11.0,0.5454545454545454,0.18181818181818182,-0.8399,-0.14555999999999997,1.0,10.0,False,0.2631816386174168,-1.2294821689658364,-1.4926638075832532
385,Federico Chiesa,19,2026-01-01 17:30:00+00:00,1,0,0,11,True,Leeds,1.0,-0.0811125,-0.3510891891891892,8.0,0.25,0.125,-0.21230000000000002,-0.002400000000000002,3.0,5.0,False,-0.12905480780168835,-0.7100399117245636,-0.5809851039228753
385,Federico Chiesa,20,2026-01-04 15:15:00+00:00,1,0,0,5,False,Fulham,1.0,-0.18614166666666665,-0.44751835443037974,12.0,0.5833333333333334,0.25,0.19232500000000002,-0.375375,4.0,8.0,False,-0.12905480780168835,-1.1377022069149039,-1.0086473991132154
385,Federico Chiesa,21,2026-01-08 20:00:00+00:00,0,0,0,0,False,Arsenal,0.0,0.4404,0.4404,1.0,0.0,1.0,0.4404,0.4404,0.0,1.0,True,-0.5212912542207935,1.4134772007008973,1.9347684549216908
385,Federico Chiesa,22,2026-01-17 15:00:00+00:00,1,0,0,3,True,Burnley,1.0,-0.11005,-0.1933484716157205,16.0,0.3125,0.25,-0.11005,-0.11005,0.0,16.0,False,-0.12905480780168835,-0.8278688735247347,-0.6988140657230464
385,Federico Chiesa,23,2026-01-24 17:30:00+00:00,0,0,0,0,False,Bournemouth,0.0,,,,,,,,,,,-0.5212912542207935,,
385,Federico Chiesa,24,2026-01-31 20:00:00+00:00,1,0,0,6,True,Newcastle,1.0,0.06083636363636364,-0.11534785714285715,11.0,0.2727272727272727,0.45454545454545453,0.06083636363636364,0.06083636363636364,0.0,11.0,False,-0.12905480780168835,-0.13204640050255753,-0.0029915927008691834
385,Federico Chiesa,25,2026-02-08 16:30:00+00:00,1,0,0,1,True,Man City,1.0,0.15651666666666667,0.20008363636363638,12.0,0.25,0.4166666666666667,0.0,0.2086888888888889,3.0,9.0,False,-0.12905480780168835,0.25754878812072984,0.3866035959224182
385,Federico Chiesa,26,2026-02-11 20:15:00+00:00,1,0,0,2,False,Sunderland,1.0,0.10035000000000001,-0.13117045454545453,18.0,0.2777777777777778,0.4444444444444444,-0.26089999999999997,0.17260000000000003,3.0,15.0,False,-0.12905480780168835,0.02884692993983606,0.1579017377415244
385,Federico Chiesa,27,2026-02-22 14:00:00+00:00,1,0,0,13,False,Nott'm Forest,1.0,0.09525333333333334,0.015336301369863017,15.0,0.06666666666666667,0.3333333333333333,0.0,0.10205714285714286,1.0,14.0,False,-0.12905480780168835,0.00809410257137395,0.1371489103730623
385,Federico Chiesa,28,2026-02-28 15:00:00+00:00,0,0,0,0,True,West Ham,0.0,0.3182,0.3182,1.0,0.0,1.0,0.3182,0.3182,0.0,1.0,True,-0.5212912542207935,0.9158979650384896,1.4371892192592832
385,Federico Chiesa,29,2026-03-03 20:15:00+00:00,1,0,0,11,False,Wolves,1.0,-0.0932235294117647,-0.16042079207920792,17.0,0.4117647058823529,0.29411764705882354,0.6565666666666666,-0.25389285714285714,3.0,14.0,False,-0.12905480780168835,-0.7593541241451103,-0.630299316343422
385,Federico Chiesa,30,2026-03-15 16:30:00+00:00,1,0,0,1,True,Spurs,1.0,-0.1756,-0.3823487068965517,12.0,0.4166666666666667,0.16666666666666666,0.0,-0.21072000000000002,2.0,10.0,False,-0.12905480780168835,-1.094778193472941,-0.9657233856712527
385,Federico Chiesa,31,2026-03-21 12:45:00+00:00,0,0,0,13,False,Brighton,0.0,-0.15470769230769232,-0.3403963503649635,13.0,0.5384615384615384,0.15384615384615385,-0.81525,-0.034609090909090916,2.0,11.0,False,-0.5212912542207935,-1.009707993041171,-0.4884167388203775
385,Federico Chiesa,32,2026-04-11 16:30:00+00:00,0,0,0,0,True,Fulham,0.0,,,,,,,,,,,-0.5212912542207935,,
385,Federico Chiesa,33,2026-04-19 13:00:00+00:00,0,0,0,0,False,Everton,0.0,,,,,,,,,,,-0.5212912542207935,,
385,Federico Chiesa,34,2026-04-25 14:00:00+00:00,0,0,0,0,True,Crystal Palace,0.0,,,,,,,,,,,-0.5212912542207935,,
385,Federico Chiesa,35,2026-05-03 14:30:00+00:00,1,0,0,3,False,Man Utd,1.0,0.0525888888888889,0.09572168674698799,9.0,0.3333333333333333,0.3333333333333333,0.4404,0.004112500000000005,1.0,8.0,False,-0.12905480780168835,-0.1656288242422751,-0.03657401644058675
385,Federico Chiesa,36,2026-05-09 11:30:00+00:00,1,0,0,13,True,Chelsea,1.0,0.04302857142857142,-0.10126475409836064,14.0,0.35714285714285715,0.5,0.21075,0.015074999999999996,2.0,12.0,False,-0.12905480780168835,-0.20455693761866414,-0.0755021298169758
385,Federico Chiesa,37,2026-05-15 19:00:00+00:00,1,0,0,24,False,Aston Villa,3.75,-0.10827142857142857,-0.24785752688172047,14.0,0.5,0.2857142857142857,-0.6124,-0.06949230769230769,1.0,13.0,False,-0.12905480780168835,-0.8206268095967513,-0.691572001795063
385,Federico Chiesa,38,2026-05-24 15:00:00+00:00,0,0,0,0,True,Brentford,0.0,0.0,0.0,1.0,0.0,0.0,0.0,0.0,0.0,1.0,True,-0.5212912542207935,-0.3797625324065027,0.14152872181429077
386,Alexis Mac Allister,1,2025-08-15 19:00:00+00:00,5,0,1,71,True,Bournemouth,6.338028169014085,0.1679142857142857,0.20715824175824174,14.0,0.21428571428571427,0.42857142857142855,-0.3062,0.24693333333333337,2.0,12.0,False,1.4398909778747322,0.30395810542093915,-1.1359328724537932
386,Alexis Mac Allister,2,2025-08-25 19:00:00+00:00,0,0,0,0,False,Newcastle,0.0,0.0,0.0,1.0,0.0,0.0,0.0,0.0,0.0,1.0,True,-0.5212912542207935,-0.3797625324065027,0.14152872181429077
386,Alexis Mac Allister,3,2025-08-31 15:30:00+00:00,3,0,0,60,True,Arsenal,4.5,0.2728125,0.3537658227848101,16.0,0.25,0.5625,0.228375,0.287625,4.0,12.0,False,0.6554180850365219,0.7310871830529946,0.0756690980164727
386,Alexis Mac Allister,4,2025-09-14 13:00:00+00:00,1,0,0,45,False,Burnley,2.0,0.1351076923076923,0.16104451219512195,13.0,0.23076923076923078,0.38461538461538464,0.17606,0.10951249999999998,5.0,8.0,False,-0.12905480780168835,0.170374802049907,0.29942960985159534
386,Alexis Mac Allister,5,2025-09-20 11:30:00+00:00,2,0,0,60,True,Everton,3.0,-0.12208333333333332,-0.2206403921568627,18.0,0.3888888888888889,0.16666666666666666,0.006133333333333324,-0.14772666666666667,3.0,15.0,False,0.2631816386174168,-0.8768667196988015,-1.1400483583162182
386,Alexis Mac Allister,6,2025-09-27 14:00:00+00:00,2,0,0,64,False,Crystal Palace,2.8125,0.01906000000000001,-0.002792771084337368,10.0,0.4,0.4,-0.8016,0.11024444444444444,1.0,9.0,False,0.2631816386174168,-0.30215320154131864,-0.5653348401587355
386,Alexis Mac Allister,7,2025-10-04 16:30:00+00:00,2,0,0,85,False,Chelsea,2.1176470588235294,0.14998181818181813,0.05595304878048779,11.0,0.18181818181818182,0.5454545454545454,0.4404,0.12093999999999996,1.0,10.0,False,0.2631816386174168,0.2309399099352914,-0.03224172868212538
386,Alexis Mac Allister,8,2025-10-19 15:30:00+00:00,2,0,0,61,True,Man Utd,2.9508196721311473,0.10715714285714285,0.10520601503759398,14.0,0.2857142857142857,0.42857142857142855,0.10715714285714285,0.10715714285714285,0.0,14.0,False,0.2631816386174168,0.05656454810597316,-0.2066170905114436
386,Alexis Mac Allister,9,2025-10-25 19:00:00+00:00,1,0,0,28,False,Brentford,3.2142857142857144,0.03317999999999999,0.082365625,15.0,0.4,0.3333333333333333,0.3612333333333333,-0.04883333333333333,3.0,12.0,False,-0.12905480780168835,-0.24465877594759375,-0.1156039681459054
386,Alexis Mac Allister,10,2025-11-01 20:00:00+00:00,6,0,1,90,True,Aston Villa,6.0,0.18504166666666666,0.1109948717948718,12.0,0.4166666666666667,0.4166666666666667,0.30493333333333333,0.14507777777777775,3.0,9.0,False,1.8321274242938375,0.3736981146123024,-1.458429309681535
386,Alexis Mac Allister,11,2025-11-09 16:30:00+00:00,1,0,0,73,False,Man City,1.2328767123287672,0.037353333333333336,-0.08807356321839083,15.0,0.3333333333333333,0.3333333333333333,0.192275,-0.018981818181818176,4.0,11.0,False,-0.12905480780168835,-0.22766561710827743,-0.09861080930658908
386,Alexis Mac Allister,12,2025-11-22 15:00:00+00:00,2,0,0,90,True,Nott'm Forest,2.0,0.05755833333333334,0.1589630303030303,12.0,0.3333333333333333,0.4166666666666667,0.3182,0.03386363636363637,1.0,11.0,False,0.2631816386174168,-0.14539402581074104,-0.40857566442815785
386,Alexis Mac Allister,13,2025-11-30 14:05:00+00:00,3,0,0,90,False,West Ham,3.0,0.28693846153846153,0.280145652173913,13.0,0.0,0.6153846153846154,0.46517499999999995,0.20772222222222222,4.0,9.0,False,0.6554180850365219,0.7886058830964008,0.1331877980598789
386,Alexis Mac Allister,14,2025-12-03 20:15:00+00:00,2,0,0,73,True,Sunderland,2.4657534246575343,0.01838125000000001,0.22420134228187918,16.0,0.3125,0.3125,-0.06636,0.05689999999999998,5.0,11.0,False,0.2631816386174168,-0.3049169650945581,-0.5680986037119748
386,Alexis Mac Allister,15,2025-12-06 17:30:00+00:00,1,0,0,22,False,Leeds,4.090909090909091,-0.2504176470588235,-0.32945968586387436,17.0,0.6470588235294118,0.0,-0.16391666666666668,-0.29760000000000003,6.0,11.0,False,-0.12905480780168835,-1.3994239188214612,-1.2703691110197728
386,Alexis Mac Allister,16,2025-12-13 15:00:00+00:00,3,0,0,90,True,Brighton,3.0,0.25067777777777783,0.6073352941176471,9.0,0.2222222222222222,0.5555555555555556,0.5326500000000001,0.17011428571428575,2.0,7.0,False,0.6554180850365219,0.6409580655003512,-0.01446001953617071
386,Alexis Mac Allister,17,2025-12-20 17:30:00+00:00,1,0,0,90,False,Spurs,1.0,-0.09678125000000004,-0.25692077922077916,16.0,0.4375,0.3125,0.3182,-0.12444666666666668,1.0,15.0,False,-0.12905480780168835,-0.7738406044314814,-0.6447857966297931
386,Alexis Mac Allister,18,2025-12-27 15:00:00+00:00,2,0,0,90,True,Wolves,2.0,-0.18055000000000002,-0.32935092936802973,18.0,0.5555555555555556,0.2222222222222222,-0.6799666666666667,-0.08066666666666668,3.0,15.0,False,0.2631816386174168,-1.1149338171761238,-1.3781154557935407
386,Alexis Mac Allister,19,2026-01-01 17:30:00+00:00,1,0,0,24,True,Leeds,3.75,0.06149230769230771,-0.016407333333333322,13.0,0.15384615384615385,0.38461538461538464,0.0,0.07994000000000002,3.0,10.0,False,-0.12905480780168835,-0.12937549917691146,-0.0003206913752231144
386,Alexis Mac Allister,20,2026-01-04 15:15:00+00:00,2,0,0,90,False,Fulham,2.0,-0.2123533333333333,-0.3055458128078818,15.0,0.5333333333333333,0.2,0.09283333333333334,-0.4158111111111111,6.0,9.0,False,0.2631816386174168,-1.2444320028677502,-1.507613641485167
386,Alexis Mac Allister,21,2026-01-08 20:00:00+00:00,2,0,0,90,False,Arsenal,2.0,-0.04605833333333331,-0.11380272727272722,12.0,0.3333333333333333,0.25,0.0,-0.05526999999999997,2.0,10.0,False,0.2631816386174168,-0.5673048425201228,-0.8304864811375396
386,Alexis Mac Allister,22,2026-01-17 15:00:00+00:00,1,0,0,12,True,Burnley,1.0,0.11709444444444445,0.04758164251207729,18.0,0.2222222222222222,0.3888888888888889,-0.15746666666666667,0.17200666666666667,3.0,15.0,False,-0.12905480780168835,0.0970276817259106,0.22608248952759896
386,Alexis Mac Allister,23,2026-01-24 17:30:00+00:00,1,0,0,58,False,Bournemouth,1.5517241379310345,0.12517499999999998,0.037493750000000006,16.0,0.1875,0.375,-0.4008,0.2003142857142857,2.0,14.0,False,-0.12905480780168835,0.1299304366936761,0.2589852444953644
386,Alexis Mac Allister,24,2026-01-31 20:00:00+00:00,1,0,0,90,True,Newcastle,1.0,0.13860833333333333,0.22834833333333335,12.0,0.25,0.4166666666666667,0.31245,0.10384000000000002,2.0,10.0,False,-0.12905480780168835,0.1846288633090472,0.3136836711107356
386,Alexis Mac Allister,25,2026-02-08 16:30:00+00:00,2,0,0,90,True,Man City,2.0,-0.004270000000000007,-0.019520879120879124,10.0,0.4,0.2,-0.3028,0.12367142857142856,3.0,7.0,False,0.2631816386174168,-0.3971493027524805,-0.6603309413698972
386,Alexis Mac Allister,26,2026-02-11 20:15:00+00:00,3,0,0,90,False,Sunderland,3.0,-0.0015111111111111113,-0.10980147058823526,9.0,0.1111111111111111,0.2222222222222222,-0.7906,0.09712499999999999,1.0,8.0,False,0.6554180850365219,-0.38591553986695804,-1.04133362490348
386,Alexis Mac Allister,27,2026-02-22 14:00:00+00:00,13,1,0,90,False,Nott'm Forest,13.0,0.29016666666666663,0.435626397515528,24.0,0.125,0.5416666666666666,0.2906,0.2901047619047619,3.0,21.0,False,4.577782549227573,0.8017506281066606,-3.776031921120912
386,Alexis Mac Allister,28,2026-02-28 15:00:00+00:00,9,1,0,90,True,West Ham,9.0,0.2242888888888889,0.29054302325581394,18.0,0.16666666666666666,0.5555555555555556,0.45258000000000004,0.13648461538461537,5.0,13.0,False,3.0088367635511526,0.5335066484519586,-2.4753301150991938
386,Alexis Mac Allister,29,2026-03-03 20:15:00+00:00,2,0,0,90,False,Wolves,2.0,0.05685454545454545,-0.12616725663716813,11.0,0.2727272727272727,0.45454545454545453,0.13118,-0.005083333333333329,5.0,6.0,False,0.2631816386174168,-0.14825973967977335,-0.41144137829719013
386,Alexis Mac Allister,30,2026-03-15 16:30:00+00:00,8,0,1,90,True,Spurs,8.0,0.2929529411764706,0.3745246478873239,17.0,0.17647058823529413,0.6470588235294118,0.54555,0.2592733333333333,2.0,15.0,False,2.6166003171320478,0.813095900945727,-1.8035044161863207
386,Alexis Mac Allister,31,2026-03-21 12:45:00+00:00,1,0,0,90,False,Brighton,1.0,-0.06344,-0.1818710843373494,10.0,0.5,0.3,0.754,-0.15426666666666666,1.0,9.0,False,-0.12905480780168835,-0.6380802632610291,-0.5090254554593407
386,Alexis Mac Allister,32,2026-04-11 16:30:00+00:00,1,0,0,22,True,Fulham,4.090909090909091,0.34627777777777774,0.5112732558139536,9.0,0.1111111111111111,0.6666666666666666,0.2202,0.3823,2.0,7.0,False,-0.12905480780168835,1.030226272777979,1.1592810805796674
386,Alexis Mac Allister,33,2026-04-19 13:00:00+00:00,1,0,0,6,False,Everton,1.0,-0.03708181818181819,-0.06885723270440253,11.0,0.36363636363636365,0.18181818181818182,0.2294,-0.0963,2.0,9.0,False,-0.12905480780168835,-0.5307538805888388,-0.40169907278715045
386,Alexis Mac Allister,34,2026-04-25 14:00:00+00:00,13,0,2,90,True,Crystal Palace,13.0,0.2560923076923077,0.2620302387267904,26.0,0.19230769230769232,0.5,0.29295,0.2530208333333333,2.0,24.0,False,4.577782549227573,0.6630051821643692,-3.914777367063204
386,Alexis Mac Allister,35,2026-05-03 14:30:00+00:00,2,0,0,90,False,Man Utd,2.0,-0.05039375,-0.21138680203045684,16.0,0.375,0.3125,-0.24653333333333335,-0.005130769230769221,3.0,13.0,False,0.2631816386174168,-0.5849579792736259,-0.8481396178910428
386,Alexis Mac Allister,36,2026-05-09 11:30:00+00:00,1,0,0,90,True,Chelsea,1.0,0.11988181818181819,0.282208,11.0,0.36363636363636365,0.45454545454545453,0.11988181818181819,0.11988181818181819,0.0,11.0,False,-0.12905480780168835,0.1083774304472518,0.23743223824894016
386,Alexis Mac Allister,37,2026-05-15 19:00:00+00:00,4,0,0,90,False,Aston Villa,4.0,0.26753571428571427,0.228590243902439,14.0,0.21428571428571427,0.6428571428571429,0.26753571428571427,0.26753571428571427,0.0,14.0,False,1.047654531455627,0.7096009391702727,-0.33805359228535425
386,Alexis Mac Allister,38,2026-05-24 15:00:00+00:00,1,0,0,90,True,Brentford,1.0,-0.052811111111111114,-0.14582592592592597,9.0,0.2222222222222222,0.2222222222222222,0.0,-0.0679,2.0,7.0,False,-0.12905480780168835,-0.5948010946090326,-0.4657462868073443
387,Dominik Szoboszlai,1,2025-08-15 19:00:00+00:00,2,0,0,90,True,Bournemouth,2.0,-0.3028272727272727,-0.3802019323671498,11.0,0.6363636363636364,0.18181818181818182,0.3182,-0.36493,1.0,10.0,False,0.2631816386174168,-1.612827695265486,-1.876009333882903
387,Dominik Szoboszlai,2,2025-08-25 19:00:00+00:00,2,0,0,90,False,Newcastle,2.0,-0.24848461538461536,-0.5201634615384616,13.0,0.6153846153846154,0.23076923076923078,-0.8271,-0.20026666666666668,1.0,12.0,False,0.2631816386174168,-1.3915529169968808,-1.6547345556142976
387,Dominik Szoboszlai,3,2025-08-31 15:30:00+00:00,13,1,0,90,True,Arsenal,13.0,0.316996875,0.45792111553784864,32.0,0.15625,0.5625,0.4359,0.30907,2.0,30.0,False,4.577782549227573,0.910999028721744,-3.666783520505829
387,Dominik Szoboszlai,4,2025-09-14 13:00:00+00:00,3,0,0,90,False,Burnley,3.0,0.04405882352941176,0.1799279792746114,17.0,0.35294117647058826,0.35294117647058826,-0.009450000000000014,0.051193333333333334,2.0,15.0,False,0.6554180850365219,-0.20036191263604772,-0.8557799976725696
387,Dominik Szoboszlai,5,2025-09-20 11:30:00+00:00,1,0,0,90,True,Everton,1.0,-0.07329999999999999,-0.10466939655172412,15.0,0.4,0.2,0.4588,-0.11130714285714285,1.0,14.0,False,-0.12905480780168835,-0.6782286369405,-0.5491738291388116
387,Dominik Szoboszlai,6,2025-09-27 14:00:00+00:00,5,0,0,90,False,Crystal Palace,5.0,0.21181999999999998,0.2241528301886792,15.0,0.26666666666666666,0.5333333333333333,-0.1027,0.23428571428571426,1.0,14.0,False,1.4398909778747322,0.4827352883628193,-0.9571556895119129
387,Dominik Szoboszlai,7,2025-10-04 16:30:00+00:00,1,0,0,90,False,Chelsea,1.0,0.09875,-0.026507608695652163,10.0,0.2,0.4,0.1591,0.0836625,2.0,8.0,False,-0.12905480780168835,0.022331980864059842,0.1513867886657482
387,Dominik Szoboszlai,8,2025-10-19 15:30:00+00:00,4,0,0,90,True,Man Utd,4.0,0.08139090909090908,0.17968496732026137,11.0,0.36363636363636365,0.36363636363636365,-0.05135,0.1572428571428571,4.0,7.0,False,1.047654531455627,-0.048351514932500776,-1.0960060463881276
387,Dominik Szoboszlai,9,2025-10-25 19:00:00+00:00,10,0,1,90,False,Brentford,10.0,0.36426400000000003,0.5315157043879908,25.0,0.2,0.64,0.5419333333333333,0.3400363636363637,3.0,22.0,False,3.401073209970258,1.1034633489300867,-2.297609861040171
387,Dominik Szoboszlai,10,2025-11-01 20:00:00+00:00,2,0,0,90,True,Aston Villa,2.0,-0.04559444444444444,-0.02066383928571428,18.0,0.4444444444444444,0.3333333333333333,0.5326500000000001,-0.11787500000000001,2.0,16.0,False,0.2631816386174168,-0.5654159597151669,-0.8285975983325837
387,Dominik Szoboszlai,11,2025-11-09 16:30:00+00:00,1,0,0,90,False,Man City,1.0,0.29867,0.3471174757281553,10.0,0.0,0.5,0.29867,0.29867,0.0,10.0,False,-0.12905480780168835,0.8363748678822964,0.9654296756839847
387,Dominik Szoboszlai,12,2025-11-22 15:00:00+00:00,2,0,0,90,True,Nott'm Forest,2.0,-0.15902222222222223,-0.32697499999999996,9.0,0.5555555555555556,0.0,-0.15902222222222223,-0.15902222222222223,0.0,9.0,False,0.2631816386174168,-1.027276082215593,-1.29045772083301
387,Dominik Szoboszlai,13,2025-11-30 14:05:00+00:00,3,0,0,90,False,West Ham,3.0,0.09096,0.07215752212389381,10.0,0.2,0.4,0.3182,0.06571111111111111,1.0,9.0,False,0.6554180850365219,-0.00938767744862557,-0.6648057624851474
387,Dominik Szoboszlai,14,2025-12-03 20:15:00+00:00,2,0,0,90,True,Sunderland,2.0,0.11919375000000001,0.17038078431372544,16.0,0.25,0.375,0.06705555555555556,0.18622857142857144,9.0,7.0,False,0.2631816386174168,0.10557572471899723,-0.15760591389841955
387,Dominik Szoboszlai,15,2025-12-06 17:30:00+00:00,8,1,0,90,False,Leeds,8.0,0.31672307692307694,0.2665762711864407,13.0,0.23076923076923078,0.6153846153846154,-0.028633333333333327,0.42033,3.0,10.0,False,2.6166003171320478,0.9098841658916195,-1.7067161512404283
387,Dominik Szoboszlai,16,2025-12-13 15:00:00+00:00,3,0,0,82,True,Brighton,3.2926829268292686,0.09919230769230768,0.17759323308270678,13.0,0.15384615384615385,0.38461538461538464,0.15293333333333334,0.08306999999999999,3.0,10.0,False,0.6554180850365219,0.0241329884210652,-0.6312850966154567
387,Dominik Szoboszlai,17,2025-12-20 17:30:00+00:00,1,0,0,90,False,Spurs,1.0,-0.11700909090909092,0.037818848167539255,11.0,0.36363636363636365,0.2727272727272727,-0.11700909090909092,-0.11700909090909092,0.0,11.0,False,-0.12905480780168835,-0.85620520032875,-0.7271503925270617
387,Dominik Szoboszlai,18,2025-12-27 15:00:00+00:00,0,0,0,0,True,Wolves,0.0,,,,,,,,,,,-0.5212912542207935,,
387,Dominik Szoboszlai,19,2026-01-01 17:30:00+00:00,3,0,0,90,True,Leeds,3.0,0.1821,0.1785052083333333,9.0,0.0,0.4444444444444444,0.1591,0.18867142857142857,2.0,7.0,False,0.6554180850365219,0.3617201092802765,-0.2936979757562454
387,Dominik Szoboszlai,20,2026-01-04 15:15:00+00:00,2,0,0,90,False,Fulham,2.0,0.09036,0.09830412371134022,10.0,0.2,0.3,0.0,0.12908571428571428,3.0,7.0,False,0.2631816386174168,-0.011830783352041659,-0.27501242196945846
387,Dominik Szoboszlai,21,2026-01-08 20:00:00+00:00,3,0,0,90,False,Arsenal,3.0,0.16494,0.4799836734693878,10.0,0.2,0.4,0.16494,0.16494,0.0,10.0,False,0.6554180850365219,0.29184728044257663,-0.36357080459394525
387,Dominik Szoboszlai,22,2026-01-17 15:00:00+00:00,0,0,0,90,True,Burnley,0.0,-0.09920666666666665,-0.145827807486631,15.0,0.4,0.26666666666666666,-0.4453333333333333,-0.012674999999999997,3.0,12.0,False,-0.5212912542207935,-0.7837165207257764,-0.2624252665049829
387,Dominik Szoboszlai,23,2026-01-24 17:30:00+00:00,13,1,1,90,False,Bournemouth,13.0,0.2910588235294118,0.27722201986754963,34.0,0.23529411764705882,0.6176470588235294,0.4124857142857143,0.2595777777777778,7.0,27.0,False,4.577782549227573,0.8053833509369039,-3.772399198290669
387,Dominik Szoboszlai,24,2026-01-31 20:00:00+00:00,5,0,0,90,True,Newcastle,5.0,0.2448142857142857,0.3761405797101449,7.0,0.14285714285714285,0.42857142857142855,0.0,0.2856166666666667,1.0,6.0,False,1.4398909778747322,0.617082845375433,-0.8228081324992992
387,Dominik Szoboszlai,25,2026-02-08 16:30:00+00:00,8,1,0,90,True,Man City,8.0,0.38477058823529414,0.5172267716535434,17.0,0.11764705882352941,0.6470588235294118,0.4815666666666667,0.3640285714285715,3.0,14.0,False,2.6166003171320478,1.1869629602243696,-1.4296373569076781
387,Dominik Szoboszlai,26,2026-02-11 20:15:00+00:00,0,0,0,0,False,Sunderland,0.0,,,,,,,,,,,-0.5212912542207935,,
387,Dominik Szoboszlai,27,2026-02-22 14:00:00+00:00,3,0,0,90,False,Nott'm Forest,3.0,0.1606375,0.1645530973451327,8.0,0.25,0.375,0.7706999999999999,-0.04271666666666668,2.0,6.0,False,0.6554180850365219,0.2743281751934971,-0.38108990984302477
387,Dominik Szoboszlai,28,2026-02-28 15:00:00+00:00,4,0,1,90,True,West Ham,4.0,0.17900909090909092,0.36902597402597404,11.0,0.2727272727272727,0.45454545454545453,0.4404,0.15286999999999998,1.0,10.0,False,1.047654531455627,0.3491344122020724,-0.6985201192535545
387,Dominik Szoboszlai,29,2026-03-03 20:15:00+00:00,5,0,0,90,False,Wolves,5.0,0.16579499999999997,0.214830243902439,20.0,0.1,0.45,0.188525,0.15064166666666667,8.0,12.0,False,1.4398909778747322,0.2953287063549444,-1.1445622715197878
387,Dominik Szoboszlai,30,2026-03-15 16:30:00+00:00,11,1,0,90,True,Spurs,11.0,0.38381666666666664,0.46857785234899324,30.0,0.1,0.6666666666666666,0.2270142857142857,0.4315391304347826,7.0,23.0,False,3.793309656389363,1.1830787411981867,-2.6102309151911767
387,Dominik Szoboszlai,31,2026-03-21 12:45:00+00:00,3,0,0,90,False,Brighton,3.0,0.3370076923076923,0.2690079207920792,13.0,0.07692307692307693,0.6153846153846154,0.3182,0.338575,1.0,12.0,False,0.6554180850365219,0.9924799385494166,0.33706185351289475
387,Dominik Szoboszlai,32,2026-04-11 16:30:00+00:00,5,0,0,90,True,Fulham,5.0,0.2512181818181818,0.33530631578947373,11.0,0.09090909090909091,0.6363636363636364,0.305575,0.22015714285714288,4.0,7.0,False,1.4398909778747322,0.6431585060025858,-0.7967324718721464
387,Dominik Szoboszlai,33,2026-04-19 13:00:00+00:00,5,0,1,90,False,Everton,5.0,0.3649266666666666,0.2566567415730337,15.0,0.2,0.7333333333333333,0.4939,0.3450846153846153,2.0,13.0,False,1.4398909778747322,1.1061616236723038,-0.33372935420242844
387,Dominik Szoboszlai,34,2026-04-25 14:00:00+00:00,1,0,0,90,True,Crystal Palace,1.0,-0.05145333333333334,-0.07604976303317536,15.0,0.3333333333333333,0.26666666666666666,-0.05145333333333334,-0.05145333333333334,0.0,15.0,False,-0.12905480780168835,-0.5892724364350058,-0.4602176286333175
387,Dominik Szoboszlai,35,2026-05-03 14:30:00+00:00,13,1,1,90,False,Man Utd,13.0,0.2689818181818182,0.40110884676145336,33.0,0.18181818181818182,0.5151515151515151,0.188125,0.294856,8.0,25.0,False,4.577782549227573,0.7154892474461468,-3.862293301781426
387,Dominik Szoboszlai,36,2026-05-09 11:30:00+00:00,2,0,0,90,True,Chelsea,2.0,-0.20180999999999996,-0.359442,10.0,0.6,0.2,0.4588,-0.2752111111111111,1.0,9.0,False,0.2631816386174168,-1.2015012030205,-1.4646828416379167
387,Dominik Szoboszlai,37,2026-05-15 19:00:00+00:00,9,0,2,90,False,Aston Villa,9.0,0.21912608695652175,0.3434981818181819,23.0,0.21739130434782608,0.4782608695652174,0.4883,0.14435555555555557,5.0,18.0,False,3.0088367635511526,0.5124845286534019,-2.496352234897751
387,Dominik Szoboszlai,38,2026-05-24 15:00:00+00:00,2,0,0,90,True,Brentford,2.0,0.056949999999999994,0.07409698275862067,14.0,0.2857142857142857,0.42857142857142855,0.5859,0.016261538461538456,1.0,13.0,False,0.2631816386174168,-0.1478710637405935,-0.4110527023580103
388,Curtis Jones,1,2025-08-15 19:00:00+00:00,1,0,0,18,True,Bournemouth,5.0,-0.09254444444444443,-0.22941862745098046,18.0,0.3888888888888889,0.3333333333333333,-0.41033333333333327,-0.028986666666666657,3.0,15.0,False,-0.12905480780168835,-0.7565889966574748,-0.6275341888557865
388,Curtis Jones,2,2025-08-25 19:00:00+00:00,2,0,0,90,False,Newcastle,2.0,-0.25598333333333334,-0.46444270833333334,12.0,0.5833333333333334,0.16666666666666666,-0.25598333333333334,-0.25598333333333334,0.0,12.0,False,0.2631816386174168,-1.4220865204778226,-1.6852681590952394
388,Curtis Jones,3,2025-08-31 15:30:00+00:00,4,0,1,29,True,Arsenal,12.413793103448276,0.190025,0.04702711864406782,8.0,0.125,0.5,0.0,0.2171714285714286,1.0,7.0,False,1.047654531455627,0.3939894664212304,-0.6536650650343965
388,Curtis Jones,4,2025-09-14 13:00:00+00:00,0,0,0,0,False,Burnley,0.0,,,,,,,,,,,-0.5212912542207935,,
388,Curtis Jones,5,2025-09-20 11:30:00+00:00,1,0,0,29,True,Everton,3.103448275862069,0.1064529411764706,0.18809134615384615,17.0,0.29411764705882354,0.35294117647058826,0.0,0.12926428571428572,3.0,14.0,False,-0.12905480780168835,0.05369714930056331,0.18275195710225167
388,Curtis Jones,6,2025-09-27 14:00:00+00:00,1,0,0,25,False,Crystal Palace,3.5999999999999996,-0.08386666666666667,-0.24213648648648647,9.0,0.3333333333333333,0.1111111111111111,0.006133333333333324,-0.12886666666666666,3.0,6.0,False,-0.12905480780168835,-0.7212544464617721,-0.5921996386600837
388,Curtis Jones,7,2025-10-04 16:30:00+00:00,1,0,0,34,False,Chelsea,2.6470588235294117,0.16654666666666665,0.32679669421487606,15.0,0.13333333333333333,0.4666666666666667,0.8588,0.11709999999999998,1.0,14.0,False,-0.12905480780168835,0.2983893751395018,0.42744418294119013
388,Curtis Jones,8,2025-10-19 15:30:00+00:00,1,0,0,28,True,Man Utd,3.2142857142857144,-0.017718181818181813,-0.03495897435897438,11.0,0.45454545454545453,0.18181818181818182,0.16106666666666666,-0.08476249999999999,3.0,8.0,False,-0.12905480780168835,-0.45190819006950167,-0.32285338226781335
388,Curtis Jones,9,2025-10-25 19:00:00+00:00,2,0,0,69,False,Brentford,2.608695652173913,0.09517999999999999,0.2886778481012658,15.0,0.4,0.4,-0.30143333333333333,0.19433333333333333,3.0,12.0,False,0.2631816386174168,0.007795500738734116,-0.25538613787868264
388,Curtis Jones,10,2025-11-01 20:00:00+00:00,0,0,0,0,True,Aston Villa,0.0,,,,,,,,,,,-0.5212912542207935,,
388,Curtis Jones,11,2025-11-09 16:30:00+00:00,0,0,0,16,False,Man City,0.0,-0.11294999999999998,-0.2029130434782609,18.0,0.3888888888888889,0.1111111111111111,0.0,-0.11959411764705884,1.0,17.0,False,-0.5212912542207935,-0.839677218724579,-0.31838596450378553
388,Curtis Jones,12,2025-11-22 15:00:00+00:00,2,0,0,77,True,Nott'm Forest,2.337662337662338,-0.2951823529411765,-0.47167159763313604,17.0,0.5882352941176471,0.058823529411764705,-0.3484333333333333,-0.28377142857142856,3.0,14.0,False,0.2631816386174168,-1.5816987808312295,-1.8448804194486463
388,Curtis Jones,13,2025-11-30 14:05:00+00:00,1,0,0,15,False,West Ham,6.0,-0.14335555555555557,-0.14450633484162895,18.0,0.5,0.16666666666666666,-0.4404,-0.12588235294117647,1.0,17.0,False,-0.12905480780168835,-0.9634838725152844,-0.8344290647135961
388,Curtis Jones,14,2025-12-03 20:15:00+00:00,1,0,0,25,True,Sunderland,3.5999999999999996,0.2721071428571429,0.3456886524822695,14.0,0.14285714285714285,0.5,0.2839,0.27014166666666667,2.0,12.0,False,-0.12905480780168835,0.7282150793867763,0.8572698871884646
388,Curtis Jones,15,2025-12-06 17:30:00+00:00,2,0,0,90,False,Leeds,2.0,-0.022176923076923077,-0.1719567251461988,13.0,0.38461538461538464,0.3076923076923077,0.12340000000000001,-0.0868777777777778,4.0,9.0,False,0.2631816386174168,-0.4700634852212277,-0.7332451238386445
388,Curtis Jones,16,2025-12-13 15:00:00+00:00,3,0,0,90,True,Brighton,3.0,0.13170000000000004,-0.2591109243697479,8.0,0.375,0.625,-0.5488,0.35853333333333337,2.0,6.0,False,0.6554180850365219,0.15649921339332618,-0.4989188716431957
388,Curtis Jones,17,2025-12-20 17:30:00+00:00,2,0,0,90,False,Spurs,2.0,0.04438666666666666,-0.1085019138755981,15.0,0.3333333333333333,0.3333333333333333,0.47155,-0.02133076923076924,2.0,13.0,False,0.2631816386174168,-0.19902698679601125,-0.462208625413428
388,Curtis Jones,18,2025-12-27 15:00:00+00:00,5,0,0,90,True,Wolves,5.0,0.3381571428571428,0.29817692307692306,7.0,0.0,0.7142857142857143,0.3381571428571428,0.3381571428571428,0.0,7.0,False,1.4398909778747322,0.9971603209211625,-0.4427306569535697
388,Curtis Jones,19,2026-01-01 17:30:00+00:00,3,0,0,65,True,Leeds,4.153846153846154,0.3113875,0.30585833333333334,8.0,0.125,0.75,0.4588,0.26225000000000004,2.0,6.0,False,0.6554180850365219,0.8881585334267863,0.23274044839026442
388,Curtis Jones,20,2026-01-04 15:15:00+00:00,2,0,0,84,False,Fulham,2.142857142857143,0.09084210526315789,0.14851115537848605,19.0,0.3157894736842105,0.3684210526315789,0.28626666666666667,0.054200000000000005,3.0,16.0,False,0.2631816386174168,-0.009867726327893303,-0.27304936494531007
388,Curtis Jones,21,2026-01-08 20:00:00+00:00,0,0,0,0,False,Arsenal,0.0,0.31245,0.16301739130434784,2.0,0.0,0.5,0.31245,0.31245,0.0,2.0,True,-0.5212912542207935,0.892484866797419,1.4137761210182125
388,Curtis Jones,22,2026-01-17 15:00:00+00:00,5,0,1,86,True,Burnley,5.232558139534883,0.24356875,0.06277426900584794,16.0,0.125,0.6875,0.44636666666666663,0.19676923076923075,3.0,13.0,False,1.4398909778747322,0.612011219281288,-0.8278797585934442
388,Curtis Jones,23,2026-01-24 17:30:00+00:00,1,0,0,31,False,Bournemouth,2.903225806451613,0.03156363636363637,-0.11004166666666668,11.0,0.36363636363636365,0.45454545454545453,0.16445,0.0020333333333333314,2.0,9.0,False,-0.12905480780168835,-0.25124035518437215,-0.1221855473826838
388,Curtis Jones,24,2026-01-31 20:00:00+00:00,1,0,0,6,True,Newcastle,1.0,-0.12930769230769232,-0.2109426923076923,13.0,0.38461538461538464,0.23076923076923078,0.0,-0.15281818181818183,2.0,11.0,False,-0.12905480780168835,-0.9062831764632239,-0.7772283686615356
388,Curtis Jones,25,2026-02-08 16:30:00+00:00,1,0,0,5,True,Man City,1.0,-0.026360000000000012,-0.3203871559633027,10.0,0.4,0.4,-0.026360000000000012,-0.026360000000000012,0.0,10.0,False,-0.12905480780168835,-0.4870963184299157,-0.3580415106282273
388,Curtis Jones,26,2026-02-11 20:15:00+00:00,1,0,0,15,False,Sunderland,6.0,0.06292631578947369,0.143571119133574,19.0,0.21052631578947367,0.3157894736842105,0.2906,0.020237499999999995,3.0,16.0,False,-0.12905480780168835,-0.12353644309735701,0.005518364704331341
388,Curtis Jones,27,2026-02-22 14:00:00+00:00,3,0,0,82,False,Nott'm Forest,3.2926829268292686,0.3095875,0.3920641379310345,16.0,0.0,0.625,0.34843999999999997,0.29192727272727276,5.0,11.0,False,0.6554180850365219,0.8808292157165382,0.22541113068001628
388,Curtis Jones,28,2026-02-28 15:00:00+00:00,0,0,0,0,True,West Ham,0.0,,,,,,,,,,,-0.5212912542207935,,
388,Curtis Jones,29,2026-03-03 20:15:00+00:00,1,0,0,45,False,Wolves,2.0,-0.007812500000000014,0.016210071942446017,16.0,0.375,0.3125,0.015879999999999984,-0.018581818181818175,5.0,11.0,False,-0.12905480780168835,-0.41157380719056624,-0.2825189993888779
388,Curtis Jones,30,2026-03-15 16:30:00+00:00,1,0,0,26,True,Spurs,3.4615384615384617,-0.27603333333333335,-0.3322445497630332,12.0,0.6666666666666666,0.3333333333333333,-0.3452,-0.24145,4.0,8.0,False,-0.12905480780168835,-1.5037269760836431,-1.3746721682819547
388,Curtis Jones,31,2026-03-21 12:45:00+00:00,6,0,0,82,False,Brighton,6.585365853658537,0.18415,0.2586996254681647,20.0,0.1,0.45,0.261175,0.16489375,4.0,16.0,False,1.8321274242938375,0.3700673877836147,-1.4620600365102228
388,Curtis Jones,32,2026-04-11 16:30:00+00:00,1,0,0,45,True,Fulham,2.0,-0.048933333333333336,-0.017616,9.0,0.1111111111111111,0.0,0.0,-0.05505,1.0,8.0,False,-0.12905480780168835,-0.5790113916406583,-0.44995658383896997
388,Curtis Jones,33,2026-04-19 13:00:00+00:00,4,0,0,90,False,Everton,4.0,0.20557333333333333,0.1892946107784431,15.0,0.2,0.5333333333333333,0.403975,0.1334272727272727,4.0,11.0,False,1.047654531455627,0.4572998413461431,-0.5903546901094838
388,Curtis Jones,34,2026-04-25 14:00:00+00:00,7,0,1,86,True,Crystal Palace,7.325581395348837,0.35842105263157903,0.455255078125,19.0,0.21052631578947367,0.631578947368421,0.50765,0.3186266666666667,4.0,15.0,False,2.2243638707129425,1.0796717835815222,-1.1446920871314203
388,Curtis Jones,35,2026-05-03 14:30:00+00:00,1,0,0,90,False,Man Utd,1.0,-0.26758461538461537,-0.4724351851851851,13.0,0.46153846153846156,0.07692307692307693,0.0,-0.2898833333333333,1.0,12.0,False,-0.12905480780168835,-1.4693251215889593,-1.340270313787271
388,Curtis Jones,36,2026-05-09 11:30:00+00:00,2,0,0,90,True,Chelsea,2.0,-0.031939999999999996,-0.08949279999999998,15.0,0.3333333333333333,0.2,-0.17706,0.04062,5.0,10.0,False,0.2631816386174168,-0.5098172033316852,-0.7729988419491021
388,Curtis Jones,37,2026-05-15 19:00:00+00:00,2,0,0,90,False,Aston Villa,2.0,-0.031038888888888887,-0.07819030837004409,18.0,0.4444444444444444,0.2777777777777778,-0.12703333333333333,-0.011840000000000002,3.0,15.0,False,0.2631816386174168,-0.5061480202063695,-0.7693296588237863
388,Curtis Jones,38,2026-05-24 15:00:00+00:00,10,1,0,90,True,Brentford,10.0,0.34857714285714286,0.39644219030520644,35.0,0.11428571428571428,0.6857142857142857,0.2966428571428571,0.36156071428571435,7.0,28.0,False,3.401073209970258,1.0395889267771552,-2.3614842831931027
389,Harvey Elliott,1,2025-08-15 19:00:00+00:00,0,0,0,0,True,Bournemouth,0.0,,,,,,,,,,,-0.5212912542207935,,
389,Harvey Elliott,2,2025-08-25 19:00:00+00:00,1,0,0,1,False,Newcastle,1.0,,,,,,,,,,,-0.12905480780168835,,
389,Harvey Elliott,3,2025-08-31 15:30:00+00:00,0,0,0,0,True,Arsenal,0.0,,,,,,,,,,,-0.5212912542207935,,
390,Ryan Gravenberch,1,2025-08-15 19:00:00+00:00,0,0,0,0,True,Bournemouth,0.0,,,,,,,,,,,-0.5212912542207935,,
390,Ryan Gravenberch,2,2025-08-25 19:00:00+00:00,7,1,0,90,False,Newcastle,7.0,0.17872,0.24016962962962962,10.0,0.4,0.3,0.0,0.19857777777777777,1.0,9.0,False,2.2243638707129425,0.34795727935769916,-1.8764065913552432
390,Ryan Gravenberch,3,2025-08-31 15:30:00+00:00,2,0,0,90,True,Arsenal,2.0,0.005046666666666666,0.0450879746835443,15.0,0.26666666666666666,0.13333333333333333,0.0,0.0063083333333333325,3.0,12.0,False,0.2631816386174168,-0.35921329719665857,-0.6223949358140753
390,Ryan Gravenberch,4,2025-09-14 13:00:00+00:00,3,0,0,90,False,Burnley,3.0,0.2819416666666667,0.338484496124031,12.0,0.16666666666666666,0.5833333333333334,0.4588,0.24657,2.0,10.0,False,0.6554180850365219,0.768259718013999,0.11284163297747707
390,Ryan Gravenberch,5,2025-09-20 11:30:00+00:00,15,1,1,90,True,Everton,15.0,0.3037722222222222,0.4971865454545455,18.0,0.2222222222222222,0.5555555555555556,-0.13316666666666666,0.3911600000000001,3.0,15.0,False,5.362255442065783,0.8571503166017161,-4.505105125464067
390,Ryan Gravenberch,6,2025-09-27 14:00:00+00:00,8,0,1,90,False,Crystal Palace,8.0,0.3400857142857143,0.38929306930693075,14.0,0.07142857142857142,0.6428571428571429,0.3400857142857143,0.3400857142857143,0.0,14.0,False,2.6166003171320478,1.0050131613250002,-1.6115871558070476
390,Ryan Gravenberch,7,2025-10-04 16:30:00+00:00,2,0,0,90,False,Chelsea,2.0,-0.1497888888888889,-0.2302526315789474,9.0,0.4444444444444444,0.3333333333333333,-0.8399,-0.06352500000000001,1.0,8.0,False,0.2631816386174168,-0.9896793969241346,-1.2528610355415515
390,Ryan Gravenberch,8,2025-10-19 15:30:00+00:00,2,0,0,61,True,Man Utd,2.9508196721311473,0.054711111111111106,0.015866666666666664,9.0,0.1111111111111111,0.2222222222222222,0.0,0.061549999999999994,1.0,8.0,False,0.2631816386174168,-0.15698746817648868,-0.42016910679390546
390,Ryan Gravenberch,9,2025-10-25 19:00:00+00:00,0,0,0,0,False,Brentford,0.0,,,,,,,,,,,-0.5212912542207935,,
390,Ryan Gravenberch,10,2025-11-01 20:00:00+00:00,11,1,0,90,True,Aston Villa,11.0,0.4214791666666666,0.572878989361702,24.0,0.08333333333333333,0.75,0.8588,0.40246521739130436,1.0,23.0,False,3.793309656389363,1.3364345346772,-2.456875121712163
390,Ryan Gravenberch,11,2025-11-09 16:30:00+00:00,2,0,0,90,False,Man City,2.0,-0.011081818181818182,-0.2148785123966942,11.0,0.36363636363636365,0.18181818181818182,-0.011081818181818182,-0.011081818181818182,0.0,11.0,False,0.2631816386174168,-0.42488595810747537,-0.6880675967248921
390,Ryan Gravenberch,12,2025-11-22 15:00:00+00:00,1,0,0,90,True,Nott'm Forest,1.0,0.003336363636363632,0.13351438848920866,11.0,0.36363636363636365,0.18181818181818182,0.29295,-0.06102222222222223,2.0,9.0,False,-0.12905480780168835,-0.36617738291326485,-0.2371225751115765
390,Ryan Gravenberch,13,2025-11-30 14:05:00+00:00,3,0,0,90,False,West Ham,3.0,0.07776,-0.04007448979591837,10.0,0.2,0.3,0.4404,0.03746666666666666,1.0,9.0,False,0.6554180850365219,-0.06313600732377926,-0.7185540923603011
390,Ryan Gravenberch,14,2025-12-03 20:15:00+00:00,5,0,0,90,True,Sunderland,5.0,-0.018842857142857144,-0.22500049261083743,14.0,0.35714285714285715,0.35714285714285715,0.04701999999999999,-0.05543333333333335,5.0,9.0,False,1.4398909778747322,-0.45648769161140285,-1.896378669486135
390,Ryan Gravenberch,15,2025-12-06 17:30:00+00:00,5,0,1,90,False,Leeds,5.0,0.25948571428571426,0.2652068376068376,14.0,0.07142857142857142,0.5,0.31245,0.2506583333333333,2.0,12.0,False,1.4398909778747322,0.6768226016327736,-0.7630683762419586
390,Ryan Gravenberch,16,2025-12-13 15:00:00+00:00,5,0,0,90,True,Brighton,5.0,0.2801882352941177,0.36701455223880597,17.0,0.058823529411764705,0.5882352941176471,0.2801882352941177,0.2801882352941177,0.0,17.0,False,1.4398909778747322,0.7611200204514832,-0.678770957423249
390,Ryan Gravenberch,17,2025-12-20 17:30:00+00:00,2,0,0,90,False,Spurs,2.0,0.16866363636363638,0.23125755395683456,11.0,0.09090909090909091,0.45454545454545453,0.0,0.18553000000000003,1.0,10.0,False,0.2631816386174168,0.3070093437462013,0.04382770512878453
390,Ryan Gravenberch,18,2025-12-27 15:00:00+00:00,11,1,0,90,True,Wolves,11.0,0.3015891891891892,0.3508395419847328,37.0,0.21621621621621623,0.6216216216216216,0.4859,0.2853264705882353,3.0,34.0,False,3.793309656389363,0.848261348451124,-2.9450483079382392
390,Ryan Gravenberch,19,2026-01-01 17:30:00+00:00,5,0,0,90,True,Leeds,5.0,0.06627272727272726,0.18741091954022987,11.0,0.18181818181818182,0.2727272727272727,0.277725,-0.05455714285714285,4.0,7.0,False,1.4398909778747322,-0.10991038034736345,-1.5498013582220955
390,Ryan Gravenberch,20,2026-01-04 15:15:00+00:00,2,0,0,90,False,Fulham,2.0,0.008979999999999998,-0.17191418918918916,15.0,0.26666666666666666,0.26666666666666666,-0.017116666666666665,0.026377777777777778,6.0,9.0,False,0.2631816386174168,-0.34319738071870876,-0.6063790193361256
390,Ryan Gravenberch,21,2026-01-08 20:00:00+00:00,3,0,0,90,False,Arsenal,3.0,0.14038000000000003,0.12257794117647063,15.0,0.26666666666666666,0.4,0.43815000000000004,0.0321,4.0,11.0,False,0.6554180850365219,0.19184281212941204,-0.46357527290710987
390,Ryan Gravenberch,22,2026-01-17 15:00:00+00:00,2,0,0,77,True,Burnley,2.337662337662338,-0.04450555555555555,-0.16999999999999998,18.0,0.2777777777777778,0.2777777777777778,-0.6124,-0.011099999999999992,1.0,17.0,False,0.2631816386174168,-0.5609821749274859,-0.8241638135449028
390,Ryan Gravenberch,23,2026-01-24 17:30:00+00:00,1,0,0,90,False,Bournemouth,1.0,-0.149775,-0.17120346820809246,16.0,0.25,0.125,0.0,-0.18433846153846153,3.0,13.0,False,-0.12905480780168835,-0.9896228435467407,-0.8605680357450524
390,Ryan Gravenberch,24,2026-01-31 20:00:00+00:00,4,0,0,90,True,Newcastle,4.0,0.08693333333333332,0.059483615819209044,12.0,0.4166666666666667,0.3333333333333333,0.8588,0.01676363636363636,1.0,11.0,False,1.047654531455627,-0.025783632622662395,-1.0734381640782893
390,Ryan Gravenberch,25,2026-02-08 16:30:00+00:00,5,0,1,90,True,Man City,5.0,0.28412000000000004,0.10635638297872343,10.0,0.1,0.6,0.1468,0.34297142857142854,3.0,7.0,False,1.4398909778747322,0.7771295497244568,-0.6627614281502754
390,Ryan Gravenberch,26,2026-02-11 20:15:00+00:00,5,0,0,90,False,Sunderland,5.0,0.21495454545454545,0.28125267857142855,11.0,0.09090909090909091,0.5454545454545454,0.1591,0.22736666666666666,2.0,9.0,False,1.4398909778747322,0.49549866587036273,-0.9443923120043695
390,Ryan Gravenberch,27,2026-02-22 14:00:00+00:00,3,0,0,90,False,Nott'm Forest,3.0,0.34252307692307693,0.40614596273291925,13.0,0.07692307692307693,0.6153846153846154,0.5206500000000001,0.26335555555555556,4.0,9.0,False,0.6554180850365219,1.0149377197385108,0.3595196347019889
390,Ryan Gravenberch,28,2026-02-28 15:00:00+00:00,5,0,1,85,True,West Ham,5.294117647058823,0.04161249999999999,-0.003235384615384618,16.0,0.25,0.4375,0.09559999999999998,0.029153846153846145,3.0,13.0,False,1.4398909778747322,-0.21032295839666698,-1.6502139362713992
390,Ryan Gravenberch,29,2026-03-03 20:15:00+00:00,0,0,0,45,False,Wolves,0.0,-0.08002307692307695,-0.24445964912280704,13.0,0.23076923076923078,0.07692307692307693,0.003124999999999989,-0.11697777777777778,4.0,9.0,False,-0.5212912542207935,-0.7056039518069829,-0.1843126975861894
390,Ryan Gravenberch,30,2026-03-15 16:30:00+00:00,2,0,0,90,True,Spurs,2.0,-0.09754666666666667,-0.3318178899082568,15.0,0.4666666666666667,0.4,-0.7070000000000001,-0.0037846153846153863,2.0,13.0,False,0.2631816386174168,-0.7769572610596586,-1.0401388996770753
390,Ryan Gravenberch,31,2026-03-21 12:45:00+00:00,3,0,0,90,False,Brighton,3.0,0.09941176470588235,-0.022174881516587672,17.0,0.29411764705882354,0.4117647058823529,0.0,0.11266666666666668,2.0,15.0,False,0.6554180850365219,0.025026582963415787,-0.6303915020731061
390,Ryan Gravenberch,32,2026-04-11 16:30:00+00:00,1,0,0,45,True,Fulham,2.0,-0.17187777777777777,-0.22007605633802815,18.0,0.5,0.2777777777777778,-0.26932500000000004,-0.14403571428571427,4.0,14.0,False,-0.12905480780168835,-1.0796218883313784,-0.9505670805296901
390,Ryan Gravenberch,33,2026-04-19 13:00:00+00:00,2,0,0,90,False,Everton,2.0,0.14664000000000002,0.4528645161290322,10.0,0.2,0.3,0.22319999999999998,0.11382857142857142,3.0,7.0,False,0.2631816386174168,0.2173325503883864,-0.04584908822903039
390,Ryan Gravenberch,34,2026-04-25 14:00:00+00:00,1,0,0,11,True,Crystal Palace,1.0,-0.21364444444444444,-0.4317671052631579,18.0,0.4444444444444444,0.2222222222222222,-0.13946666666666666,-0.22848,3.0,15.0,False,-0.12905480780168835,-1.2496892048302863,-1.120634397028598
390,Ryan Gravenberch,35,2026-05-03 14:30:00+00:00,2,0,0,90,False,Man Utd,2.0,-0.06653,-0.28736796116504854,10.0,0.3,0.2,0.0,-0.07392222222222224,1.0,9.0,False,0.2631816386174168,-0.650662258663622,-0.9138438972810388
390,Ryan Gravenberch,36,2026-05-09 11:30:00+00:00,10,1,0,90,True,Chelsea,10.0,0.4048047619047619,0.5727178861788618,21.0,0.09523809523809523,0.6666666666666666,0.29295,0.416578947368421,2.0,19.0,False,3.401073209970258,1.268538973494269,-2.1325342364759887
390,Ryan Gravenberch,37,2026-05-15 19:00:00+00:00,2,0,0,65,False,Aston Villa,2.769230769230769,-0.14739999999999998,-0.2135527508090615,17.0,0.4117647058823529,0.17647058823529413,0.6249,-0.19566874999999997,1.0,16.0,False,0.2631816386174168,-0.9799522160123852,-1.243133854629802
390,Ryan Gravenberch,38,2026-05-24 15:00:00+00:00,2,0,0,82,True,Brentford,2.1951219512195124,-0.2702777777777778,-0.39725898617511524,9.0,0.6666666666666666,0.1111111111111111,-0.2702777777777778,-0.2702777777777778,0.0,9.0,False,0.2631816386174168,-1.4802912564916149,-1.7434728951090317
391,Ben Gannon-Doak,1,2025-08-15 19:00:00+00:00,0,0,0,0,True,Bournemouth,0.0,,,,,,,,,,,-0.5212912542207935,,
392,Endo Wataru,1,2025-08-15 19:00:00+00:00,4,0,1,30,True,Bournemouth,12.0,0.3499411764705882,0.4953948717948718,17.0,0.058823529411764705,0.5882352941176471,0.009199999999999986,0.39537333333333335,2.0,15.0,False,1.047654531455627,1.0451430577329321,-0.002511473722694779
392,Endo Wataru,2,2025-08-25 19:00:00+00:00,1,0,0,1,False,Newcastle,1.0,0.29233000000000003,0.4459162790697674,10.0,0.1,0.4,0.7483500000000001,0.178325,2.0,8.0,False,-0.12905480780168835,0.8105593821695334,0.9396141899712217
392,Endo Wataru,3,2025-08-31 15:30:00+00:00,0,0,0,1,True,Arsenal,0.0,-0.2933037037037037,-0.4701869047619048,27.0,0.6666666666666666,0.14814814814814814,-0.7706666666666666,-0.23363333333333333,3.0,24.0,False,-0.5212912542207935,-1.5740492157603663,-1.0527579615395728
392,Endo Wataru,4,2025-09-14 13:00:00+00:00,0,0,0,0,False,Burnley,0.0,,,,,,,,,,,-0.5212912542207935,,
392,Endo Wataru,5,2025-09-20 11:30:00+00:00,0,0,0,0,True,Everton,0.0,,,,,,,,,,,-0.5212912542207935,,
392,Endo Wataru,6,2025-09-27 14:00:00+00:00,0,0,0,0,False,Crystal Palace,0.0,-0.41995,-0.4666111111111111,2.0,0.5,0.0,-0.41995,-0.41995,0.0,2.0,True,-0.5212912542207935,-2.089733072639138,-1.5684418184183446
392,Endo Wataru,7,2025-10-04 16:30:00+00:00,1,0,0,4,False,Chelsea,1.0,-0.12083888888888888,-0.062115415019762844,18.0,0.3888888888888889,0.16666666666666666,-0.07810000000000002,-0.1372769230769231,5.0,13.0,False,-0.12905480780168835,-0.8717995370843089,-0.7427447292826206
392,Endo Wataru,8,2025-10-19 15:30:00+00:00,0,0,0,0,True,Man Utd,0.0,,,,,,,,,,,-0.5212912542207935,,
392,Endo Wataru,9,2025-10-25 19:00:00+00:00,0,0,0,0,False,Brentford,0.0,,,,,,,,,,,-0.5212912542207935,,
392,Endo Wataru,10,2025-11-01 20:00:00+00:00,0,0,0,0,True,Aston Villa,0.0,0.10774999999999998,0.09156153846153844,2.0,0.5,0.5,0.10774999999999998,0.10774999999999998,0.0,2.0,True,-0.5212912542207935,0.0589785694153009,0.5802698236360944
392,Endo Wataru,11,2025-11-09 16:30:00+00:00,0,0,0,0,False,Man City,0.0,0.0,0.0,2.0,0.0,0.0,0.0,0.0,0.0,2.0,True,-0.5212912542207935,-0.3797625324065027,0.14152872181429077
392,Endo Wataru,12,2025-11-22 15:00:00+00:00,0,0,0,0,True,Nott'm Forest,0.0,0.5859,0.5859,1.0,0.0,1.0,0.5859,0.5859,0.0,1.0,True,-0.5212912542207935,2.0059303822792955,2.527221636500089
392,Endo Wataru,13,2025-11-30 14:05:00+00:00,0,0,0,0,False,West Ham,0.0,,,,,,,,,,,-0.5212912542207935,,
392,Endo Wataru,14,2025-12-03 20:15:00+00:00,0,0,0,0,True,Sunderland,0.0,,,,,,,,,,,-0.5212912542207935,,
392,Endo Wataru,15,2025-12-06 17:30:00+00:00,1,0,0,7,False,Leeds,1.0,0.0576,0.22531479591836737,16.0,0.25,0.375,-0.1027,0.06828666666666665,1.0,15.0,False,-0.12905480780168835,-0.1452243656785594,-0.01616955787687105
392,Endo Wataru,16,2025-12-13 15:00:00+00:00,0,0,0,0,True,Brighton,0.0,0.31245,0.062490000000000004,2.0,0.0,0.5,0.31245,0.31245,0.0,2.0,True,-0.5212912542207935,0.892484866797419,1.4137761210182125
392,Endo Wataru,17,2025-12-20 17:30:00+00:00,0,0,0,0,False,Spurs,0.0,,,,,,,,,,,-0.5212912542207935,,
392,Endo Wataru,18,2025-12-27 15:00:00+00:00,0,0,0,0,True,Wolves,0.0,,,,,,,,,,,-0.5212912542207935,,
392,Endo Wataru,19,2026-01-01 17:30:00+00:00,0,0,0,0,True,Leeds,0.0,,,,,,,,,,,-0.5212912542207935,,
392,Endo Wataru,20,2026-01-04 15:15:00+00:00,0,0,0,0,False,Fulham,0.0,,,,,,,,,,,-0.5212912542207935,,
392,Endo Wataru,21,2026-01-08 20:00:00+00:00,0,0,0,0,False,Arsenal,0.0,,,,,,,,,,,-0.5212912542207935,,
392,Endo Wataru,22,2026-01-17 15:00:00+00:00,0,0,0,0,True,Burnley,0.0,,,,,,,,,,,-0.5212912542207935,,
392,Endo Wataru,23,2026-01-24 17:30:00+00:00,1,0,0,56,False,Bournemouth,1.6071428571428572,-0.03537777777777778,-0.05989781021897812,9.0,0.2222222222222222,0.1111111111111111,-0.03537777777777778,-0.03537777777777778,0.0,9.0,False,-0.12905480780168835,-0.523815295304221,-0.3947604875025327
392,Endo Wataru,24,2026-01-31 20:00:00+00:00,1,0,0,3,True,Newcastle,1.0,-0.22804545454545452,-0.44304701986754963,11.0,0.5454545454545454,0.18181818181818182,0.6249,-0.31334,1.0,10.0,False,-0.12905480780168835,-1.3083278594851735,-1.179273051683485
392,Endo Wataru,25,2026-02-08 16:30:00+00:00,0,0,0,0,True,Man City,0.0,,,,,,,,,,,-0.5212912542207935,,
392,Endo Wataru,26,2026-02-11 20:15:00+00:00,3,0,0,68,False,Sunderland,3.9705882352941178,0.1738833333333333,0.03013404255319149,12.0,0.08333333333333333,0.5,-0.3953,0.28772000000000003,2.0,10.0,False,0.6554180850365219,0.3282631312140506,-0.3271549538224713
392,Endo Wataru,27,2026-02-22 14:00:00+00:00,0,0,0,0,False,Nott'm Forest,0.0,,,,,,,,,,,-0.5212912542207935,,
392,Endo Wataru,28,2026-02-28 15:00:00+00:00,0,0,0,0,True,West Ham,0.0,0.6249,0.6249,1.0,0.0,1.0,0.6249,0.6249,0.0,1.0,True,-0.5212912542207935,2.164732266001341,2.6860235202221343
392,Endo Wataru,29,2026-03-03 20:15:00+00:00,0,0,0,0,False,Wolves,0.0,0.4404,0.4404,1.0,0.0,1.0,0.4404,0.4404,1.0,0.0,True,-0.5212912542207935,1.4134772007008973,1.9347684549216908
392,Endo Wataru,30,2026-03-15 16:30:00+00:00,0,0,0,0,True,Spurs,0.0,,,,,,,,,,,-0.5212912542207935,,
392,Endo Wataru,31,2026-03-21 12:45:00+00:00,0,0,0,0,False,Brighton,0.0,,,,,,,,,,,-0.5212912542207935,,
392,Endo Wataru,32,2026-04-11 16:30:00+00:00,0,0,0,0,True,Fulham,0.0,-0.7906,-0.7906,1.0,1.0,0.0,-0.7906,-0.7906,1.0,0.0,True,-0.5212912542207935,-3.598961744474419,-3.0776704902536256
392,Endo Wataru,33,2026-04-19 13:00:00+00:00,0,0,0,0,False,Everton,0.0,,,,,,,,,,,-0.5212912542207935,,
392,Endo Wataru,34,2026-04-25 14:00:00+00:00,0,0,0,0,True,Crystal Palace,0.0,,,,,,,,,,,-0.5212912542207935,,
392,Endo Wataru,35,2026-05-03 14:30:00+00:00,0,0,0,0,False,Man Utd,0.0,,,,,,,,,,,-0.5212912542207935,,
392,Endo Wataru,36,2026-05-09 11:30:00+00:00,0,0,0,0,True,Chelsea,0.0,,,,,,,,,,,-0.5212912542207935,,
392,Endo Wataru,37,2026-05-15 19:00:00+00:00,0,0,0,0,False,Aston Villa,0.0,,,,,,,,,,,-0.5212912542207935,,
392,Endo Wataru,38,2026-05-24 15:00:00+00:00,0,0,0,0,True,Brentford,0.0,,,,,,,,,,,-0.5212912542207935,,
393,Stefan Bajčetić Maquieira,1,2025-08-15 19:00:00+00:00,0,0,0,0,True,Bournemouth,0.0,0.0,0.0,2.0,0.0,0.0,0.0,0.0,2.0,0.0,True,-0.5212912542207935,-0.3797625324065027,0.14152872181429077
393,Stefan Bajčetić Maquieira,2,2025-08-25 19:00:00+00:00,0,0,0,0,False,Newcastle,0.0,,,,,,,,,,,-0.5212912542207935,,
393,Stefan Bajčetić Maquieira,3,2025-08-31 15:30:00+00:00,0,0,0,0,True,Arsenal,0.0,,,,,,,,,,,-0.5212912542207935,,
393,Stefan Bajčetić Maquieira,4,2025-09-14 13:00:00+00:00,0,0,0,0,False,Burnley,0.0,,,,,,,,,,,-0.5212912542207935,,
393,Stefan Bajčetić Maquieira,5,2025-09-20 11:30:00+00:00,0,0,0,0,True,Everton,0.0,,,,,,,,,,,-0.5212912542207935,,
393,Stefan Bajčetić Maquieira,6,2025-09-27 14:00:00+00:00,0,0,0,0,False,Crystal Palace,0.0,0.0,0.0,1.0,0.0,0.0,0.0,0.0,0.0,1.0,True,-0.5212912542207935,-0.3797625324065027,0.14152872181429077
393,Stefan Bajčetić Maquieira,7,2025-10-04 16:30:00+00:00,0,0,0,0,False,Chelsea,0.0,0.0,0.0,1.0,0.0,0.0,0.0,0.0,0.0,1.0,True,-0.5212912542207935,-0.3797625324065027,0.14152872181429077
393,Stefan Bajčetić Maquieira,8,2025-10-19 15:30:00+00:00,0,0,0,0,True,Man Utd,0.0,,,,,,,,,,,-0.5212912542207935,,
393,Stefan Bajčetić Maquieira,9,2025-10-25 19:00:00+00:00,0,0,0,0,False,Brentford,0.0,,,,,,,,,,,-0.5212912542207935,,
393,Stefan Bajčetić Maquieira,10,2025-11-01 20:00:00+00:00,0,0,0,0,True,Aston Villa,0.0,,,,,,,,,,,-0.5212912542207935,,
393,Stefan Bajčetić Maquieira,11,2025-11-09 16:30:00+00:00,0,0,0,0,False,Man City,0.0,,,,,,,,,,,-0.5212912542207935,,
393,Stefan Bajčetić Maquieira,12,2025-11-22 15:00:00+00:00,0,0,0,0,True,Nott'm Forest,0.0,0.6561,0.7190124999999999,2.0,0.0,1.0,0.6561,0.6561,0.0,2.0,True,-0.5212912542207935,2.291773772978977,2.8130650271997704
393,Stefan Bajčetić Maquieira,13,2025-11-30 14:05:00+00:00,0,0,0,0,False,West Ham,0.0,,,,,,,,,,,-0.5212912542207935,,
393,Stefan Bajčetić Maquieira,14,2025-12-03 20:15:00+00:00,0,0,0,0,True,Sunderland,0.0,0.3182,0.3182,1.0,0.0,1.0,0.3182,0.3182,0.0,1.0,True,-0.5212912542207935,0.9158979650384896,1.4371892192592832
393,Stefan Bajčetić Maquieira,15,2025-12-06 17:30:00+00:00,0,0,0,0,False,Leeds,0.0,,,,,,,,,,,-0.5212912542207935,,
393,Stefan Bajčetić Maquieira,16,2025-12-13 15:00:00+00:00,0,0,0,0,True,Brighton,0.0,,,,,,,,,,,-0.5212912542207935,,
393,Stefan Bajčetić Maquieira,17,2025-12-20 17:30:00+00:00,0,0,0,0,False,Spurs,0.0,,,,,,,,,,,-0.5212912542207935,,
393,Stefan Bajčetić Maquieira,18,2025-12-27 15:00:00+00:00,0,0,0,0,True,Wolves,0.0,,,,,,,,,,,-0.5212912542207935,,
393,Stefan Bajčetić Maquieira,19,2026-01-01 17:30:00+00:00,0,0,0,0,True,Leeds,0.0,,,,,,,,,,,-0.5212912542207935,,
393,Stefan Bajčetić Maquieira,20,2026-01-04 15:15:00+00:00,0,0,0,0,False,Fulham,0.0,0.0,0.0,2.0,0.0,0.0,0.0,0.0,0.0,2.0,True,-0.5212912542207935,-0.3797625324065027,0.14152872181429077
393,Stefan Bajčetić Maquieira,21,2026-01-08 20:00:00+00:00,0,0,0,0,False,Arsenal,0.0,,,,,,,,,,,-0.5212912542207935,,
393,Stefan Bajčetić Maquieira,22,2026-01-17 15:00:00+00:00,0,0,0,0,True,Burnley,0.0,,,,,,,,,,,-0.5212912542207935,,
393,Stefan Bajčetić Maquieira,23,2026-01-24 17:30:00+00:00,0,0,0,0,False,Bournemouth,0.0,0.36985,0.36984999999999996,2.0,0.0,1.0,0.36985,0.36985,0.0,2.0,True,-0.5212912542207935,1.1262086648908904,1.647499919111684
393,Stefan Bajčetić Maquieira,24,2026-01-31 20:00:00+00:00,0,0,0,0,True,Newcastle,0.0,,,,,,,,,,,-0.5212912542207935,,
393,Stefan Bajčetić Maquieira,25,2026-02-08 16:30:00+00:00,0,0,0,0,True,Man City,0.0,0.0,0.0,1.0,0.0,0.0,0.0,0.0,0.0,1.0,True,-0.5212912542207935,-0.3797625324065027,0.14152872181429077
393,Stefan Bajčetić Maquieira,26,2026-02-11 20:15:00+00:00,0,0,0,0,False,Sunderland,0.0,0.36985,0.37163103448275864,2.0,0.0,1.0,0.36985,0.36985,0.0,2.0,True,-0.5212912542207935,1.1262086648908904,1.647499919111684
393,Stefan Bajčetić Maquieira,27,2026-02-22 14:00:00+00:00,0,0,0,0,False,Nott'm Forest,0.0,,,,,,,,,,,-0.5212912542207935,,
393,Stefan Bajčetić Maquieira,28,2026-02-28 15:00:00+00:00,0,0,0,0,True,West Ham,0.0,0.0,0.0,2.0,0.0,0.0,0.0,0.0,1.0,1.0,True,-0.5212912542207935,-0.3797625324065027,0.14152872181429077
393,Stefan Bajčetić Maquieira,29,2026-03-03 20:15:00+00:00,0,0,0,0,False,Wolves,0.0,,,,,,,,,,,-0.5212912542207935,,
393,Stefan Bajčetić Maquieira,30,2026-03-15 16:30:00+00:00,0,0,0,0,True,Spurs,0.0,,,,,,,,,,,-0.5212912542207935,,
393,Stefan Bajčetić Maquieira,31,2026-03-21 12:45:00+00:00,0,0,0,0,False,Brighton,0.0,,,,,,,,,,,-0.5212912542207935,,
393,Stefan Bajčetić Maquieira,32,2026-04-11 16:30:00+00:00,0,0,0,0,True,Fulham,0.0,,,,,,,,,,,-0.5212912542207935,,
393,Stefan Bajčetić Maquieira,33,2026-04-19 13:00:00+00:00,0,0,0,0,False,Everton,0.0,,,,,,,,,,,-0.5212912542207935,,
393,Stefan Bajčetić Maquieira,34,2026-04-25 14:00:00+00:00,0,0,0,0,True,Crystal Palace,0.0,,,,,,,,,,,-0.5212912542207935,,
393,Stefan Bajčetić Maquieira,35,2026-05-03 14:30:00+00:00,0,0,0,0,False,Man Utd,0.0,,,,,,,,,,,-0.5212912542207935,,
393,Stefan Bajčetić Maquieira,36,2026-05-09 11:30:00+00:00,0,0,0,0,True,Chelsea,0.0,,,,,,,,,,,-0.5212912542207935,,
393,Stefan Bajčetić Maquieira,37,2026-05-15 19:00:00+00:00,0,0,0,0,False,Aston Villa,0.0,0.5859,0.5859,1.0,0.0,1.0,0.5859,0.5859,0.0,1.0,True,-0.5212912542207935,2.0059303822792955,2.527221636500089
393,Stefan Bajčetić Maquieira,38,2026-05-24 15:00:00+00:00,0,0,0,0,True,Brentford,0.0,,,,,,,,,,,-0.5212912542207935,,
394,James McConnell,1,2025-08-15 19:00:00+00:00,0,0,0,0,True,Bournemouth,0.0,,,,,,,,,,,-0.5212912542207935,,
394,James McConnell,2,2025-08-25 19:00:00+00:00,0,0,0,0,False,Newcastle,0.0,-0.1027,-0.1027,1.0,1.0,0.0,-0.1027,-0.1027,0.0,1.0,True,-0.5212912542207935,-0.7979408262078878,-0.2766495719870943
394,James McConnell,3,2025-08-31 15:30:00+00:00,0,0,0,0,True,Arsenal,0.0,,,,,,,,,,,-0.5212912542207935,,
394,James McConnell,4,2025-09-14 13:00:00+00:00,0,0,0,0,False,Burnley,0.0,,,,,,,,,,,-0.5212912542207935,,
394,James McConnell,5,2025-09-20 11:30:00+00:00,0,0,0,0,True,Everton,0.0,,,,,,,,,,,-0.5212912542207935,,
394,James McConnell,6,2025-09-27 14:00:00+00:00,0,0,0,0,False,Crystal Palace,0.0,,,,,,,,,,,-0.5212912542207935,,
394,James McConnell,7,2025-10-04 16:30:00+00:00,0,0,0,0,False,Chelsea,0.0,,,,,,,,,,,-0.5212912542207935,,
394,James McConnell,8,2025-10-19 15:30:00+00:00,0,0,0,0,True,Man Utd,0.0,-0.4404,-0.4404,1.0,1.0,0.0,-0.4404,-0.4404,0.0,1.0,True,-0.5212912542207935,-2.1730022655139027,-1.6517110112931093
394,James McConnell,9,2025-10-25 19:00:00+00:00,0,0,0,0,False,Brentford,0.0,0.3182,0.3182,1.0,0.0,1.0,0.3182,0.3182,0.0,1.0,True,-0.5212912542207935,0.9158979650384896,1.4371892192592832
394,James McConnell,10,2025-11-01 20:00:00+00:00,0,0,0,0,True,Aston Villa,0.0,,,,,,,,,,,-0.5212912542207935,,
394,James McConnell,11,2025-11-09 16:30:00+00:00,0,0,0,0,False,Man City,0.0,0.0,0.0,1.0,0.0,0.0,0.0,0.0,0.0,1.0,True,-0.5212912542207935,-0.3797625324065027,0.14152872181429077
394,James McConnell,12,2025-11-22 15:00:00+00:00,0,0,0,0,True,Nott'm Forest,0.0,0.0,0.0,1.0,0.0,0.0,0.0,0.0,1.0,0.0,True,-0.5212912542207935,-0.3797625324065027,0.14152872181429077
394,James McConnell,13,2025-11-30 14:05:00+00:00,0,0,0,0,False,West Ham,0.0,,,,,,,,,,,-0.5212912542207935,,
394,James McConnell,14,2025-12-03 20:15:00+00:00,0,0,0,0,True,Sunderland,0.0,,,,,,,,,,,-0.5212912542207935,,
394,James McConnell,15,2025-12-06 17:30:00+00:00,0,0,0,0,False,Leeds,0.0,0.3182,0.3182,1.0,0.0,1.0,0.3182,0.3182,0.0,1.0,True,-0.5212912542207935,0.9158979650384896,1.4371892192592832
394,James McConnell,16,2025-12-13 15:00:00+00:00,0,0,0,0,True,Brighton,0.0,,,,,,,,,,,-0.5212912542207935,,
394,James McConnell,17,2025-12-20 17:30:00+00:00,0,0,0,0,False,Spurs,0.0,0.24159999999999998,0.17673188405797102,2.0,0.5,0.5,0.24159999999999998,0.24159999999999998,0.0,2.0,True,-0.5212912542207935,0.6039947780357039,1.1252860322564975
394,James McConnell,18,2025-12-27 15:00:00+00:00,0,0,0,0,True,Wolves,0.0,,,,,,,,,,,-0.5212912542207935,,
394,James McConnell,19,2026-01-01 17:30:00+00:00,0,0,0,0,True,Leeds,0.0,0.6249,0.6249,1.0,0.0,1.0,0.6249,0.6249,0.0,1.0,True,-0.5212912542207935,2.164732266001341,2.6860235202221343
394,James McConnell,20,2026-01-04 15:15:00+00:00,0,0,0,0,False,Fulham,0.0,0.0,0.0,1.0,0.0,0.0,0.0,0.0,1.0,0.0,True,-0.5212912542207935,-0.3797625324065027,0.14152872181429077
394,James McConnell,21,2026-01-08 20:00:00+00:00,0,0,0,0,False,Arsenal,0.0,,,,,,,,,,,-0.5212912542207935,,
394,James McConnell,22,2026-01-17 15:00:00+00:00,0,0,0,0,True,Burnley,0.0,,,,,,,,,,,-0.5212912542207935,,
394,James McConnell,23,2026-01-24 17:30:00+00:00,0,0,0,0,False,Bournemouth,0.0,,,,,,,,,,,-0.5212912542207935,,
394,James McConnell,24,2026-01-31 20:00:00+00:00,0,0,0,0,True,Newcastle,0.0,,,,,,,,,,,-0.5212912542207935,,
394,James McConnell,25,2026-02-08 16:30:00+00:00,0,0,0,0,True,Man City,0.0,0.0,0.0,1.0,0.0,0.0,0.0,0.0,0.0,1.0,True,-0.5212912542207935,-0.3797625324065027,0.14152872181429077
394,James McConnell,26,2026-02-11 20:15:00+00:00,0,0,0,0,False,Sunderland,0.0,0.3182,0.3182,1.0,0.0,1.0,0.3182,0.3182,0.0,1.0,True,-0.5212912542207935,0.9158979650384896,1.4371892192592832
394,James McConnell,27,2026-02-22 14:00:00+00:00,0,0,0,0,False,Nott'm Forest,0.0,0.0,0.0,1.0,0.0,0.0,0.0,0.0,0.0,1.0,True,-0.5212912542207935,-0.3797625324065027,0.14152872181429077
394,James McConnell,28,2026-02-28 15:00:00+00:00,0,0,0,0,True,West Ham,0.0,,,,,,,,,,,-0.5212912542207935,,
394,James McConnell,29,2026-03-03 20:15:00+00:00,0,0,0,0,False,Wolves,0.0,,,,,,,,,,,-0.5212912542207935,,
394,James McConnell,30,2026-03-15 16:30:00+00:00,0,0,0,0,True,Spurs,0.0,,,,,,,,,,,-0.5212912542207935,,
394,James McConnell,31,2026-03-21 12:45:00+00:00,0,0,0,0,False,Brighton,0.0,,,,,,,,,,,-0.5212912542207935,,
394,James McConnell,32,2026-04-11 16:30:00+00:00,0,0,0,0,True,Fulham,0.0,,,,,,,,,,,-0.5212912542207935,,
394,James McConnell,33,2026-04-19 13:00:00+00:00,0,0,0,0,False,Everton,0.0,0.3182,0.3182,1.0,0.0,1.0,0.3182,0.3182,1.0,0.0,True,-0.5212912542207935,0.9158979650384896,1.4371892192592832
394,James McConnell,34,2026-04-25 14:00:00+00:00,0,0,0,0,True,Crystal Palace,0.0,-0.2202,-0.22779310344827586,2.0,0.5,0.0,-0.2202,-0.2202,0.0,2.0,True,-0.5212912542207935,-1.2763823989602026,-0.7550911447394091
394,James McConnell,35,2026-05-03 14:30:00+00:00,0,0,0,0,False,Man Utd,0.0,,,,,,,,,,,-0.5212912542207935,,
394,James McConnell,36,2026-05-09 11:30:00+00:00,0,0,0,0,True,Chelsea,0.0,0.6249,0.6249,1.0,0.0,1.0,0.6249,0.6249,0.0,1.0,True,-0.5212912542207935,2.164732266001341,2.6860235202221343
394,James McConnell,37,2026-05-15 19:00:00+00:00,0,0,0,0,False,Aston Villa,0.0,0.31245,0.2083,2.0,0.0,0.5,0.31245,0.31245,2.0,0.0,True,-0.5212912542207935,0.892484866797419,1.4137761210182125
394,James McConnell,38,2026-05-24 15:00:00+00:00,0,0,0,0,True,Brentford,0.0,,,,,,,,,,,-0.5212912542207935,,
395,Tyler Morton,1,2025-08-15 19:00:00+00:00,0,0,0,0,True,Bournemouth,0.0,0.5859,0.5859,1.0,0.0,1.0,0.5859,0.5859,0.0,1.0,True,-0.5212912542207935,2.0059303822792955,2.527221636500089
395,Tyler Morton,2,2025-08-25 19:00:00+00:00,0,0,0,0,False,Newcastle,0.0,,,,,,,,,,,-0.5212912542207935,,
395,Tyler Morton,3,2025-08-31 15:30:00+00:00,0,0,0,0,True,Arsenal,0.0,0.3182,0.3182,1.0,0.0,1.0,0.3182,0.3182,0.0,1.0,True,-0.5212912542207935,0.9158979650384896,1.4371892192592832
395,Tyler Morton,4,2025-09-14 13:00:00+00:00,0,0,0,0,False,Burnley,0.0,,,,,,,,,,,-0.5212912542207935,,
395,Tyler Morton,5,2025-09-20 11:30:00+00:00,0,0,0,0,True,Everton,0.0,0.0,0.0,1.0,0.0,0.0,0.0,0.0,0.0,1.0,True,-0.5212912542207935,-0.3797625324065027,0.14152872181429077
395,Tyler Morton,6,2025-09-27 14:00:00+00:00,0,0,0,0,False,Crystal Palace,0.0,,,,,,,,,,,-0.5212912542207935,,
395,Tyler Morton,7,2025-10-04 16:30:00+00:00,0,0,0,0,False,Chelsea,0.0,,,,,,,,,,,-0.5212912542207935,,
395,Tyler Morton,8,2025-10-19 15:30:00+00:00,0,0,0,0,True,Man Utd,0.0,,,,,,,,,,,-0.5212912542207935,,
395,Tyler Morton,9,2025-10-25 19:00:00+00:00,0,0,0,0,False,Brentford,0.0,,,,,,,,,,,-0.5212912542207935,,
395,Tyler Morton,10,2025-11-01 20:00:00+00:00,0,0,0,0,True,Aston Villa,0.0,0.31245,0.3240222222222222,2.0,0.0,0.5,0.31245,0.31245,0.0,2.0,True,-0.5212912542207935,0.892484866797419,1.4137761210182125
395,Tyler Morton,11,2025-11-09 16:30:00+00:00,0,0,0,0,False,Man City,0.0,0.5859,0.5859,1.0,0.0,1.0,0.5859,0.5859,1.0,0.0,True,-0.5212912542207935,2.0059303822792955,2.527221636500089
395,Tyler Morton,12,2025-11-22 15:00:00+00:00,0,0,0,0,True,Nott'm Forest,0.0,,,,,,,,,,,-0.5212912542207935,,
395,Tyler Morton,13,2025-11-30 14:05:00+00:00,0,0,0,0,False,West Ham,0.0,,,,,,,,,,,-0.5212912542207935,,
395,Tyler Morton,14,2025-12-03 20:15:00+00:00,0,0,0,0,True,Sunderland,0.0,,,,,,,,,,,-0.5212912542207935,,
395,Tyler Morton,15,2025-12-06 17:30:00+00:00,0,0,0,0,False,Leeds,0.0,0.4215,0.4215,1.0,0.0,1.0,0.4215,0.4215,1.0,0.0,True,-0.5212912542207935,1.3365193647432907,1.8578106189640842
395,Tyler Morton,16,2025-12-13 15:00:00+00:00,0,0,0,0,True,Brighton,0.0,,,,,,,,,,,-0.5212912542207935,,
395,Tyler Morton,17,2025-12-20 17:30:00+00:00,0,0,0,0,False,Spurs,0.0,0.3182,0.3182,1.0,0.0,1.0,0.3182,0.3182,0.0,1.0,True,-0.5212912542207935,0.9158979650384896,1.4371892192592832
395,Tyler Morton,18,2025-12-27 15:00:00+00:00,0,0,0,0,True,Wolves,0.0,,,,,,,,,,,-0.5212912542207935,,
395,Tyler Morton,19,2026-01-01 17:30:00+00:00,0,0,0,0,True,Leeds,0.0,,,,,,,,,,,-0.5212912542207935,,
395,Tyler Morton,20,2026-01-04 15:15:00+00:00,0,0,0,0,False,Fulham,0.0,,,,,,,,,,,-0.5212912542207935,,
395,Tyler Morton,21,2026-01-08 20:00:00+00:00,0,0,0,0,False,Arsenal,0.0,,,,,,,,,,,-0.5212912542207935,,
395,Tyler Morton,22,2026-01-17 15:00:00+00:00,0,0,0,0,True,Burnley,0.0,,,,,,,,,,,-0.5212912542207935,,
395,Tyler Morton,23,2026-01-24 17:30:00+00:00,0,0,0,0,False,Bournemouth,0.0,,,,,,,,,,,-0.5212912542207935,,
395,Tyler Morton,24,2026-01-31 20:00:00+00:00,0,0,0,0,True,Newcastle,0.0,0.0,0.0,1.0,0.0,0.0,0.0,0.0,0.0,1.0,True,-0.5212912542207935,-0.3797625324065027,0.14152872181429077
395,Tyler Morton,25,2026-02-08 16:30:00+00:00,0,0,0,0,True,Man City,0.0,,,,,,,,,,,-0.5212912542207935,,
395,Tyler Morton,26,2026-02-11 20:15:00+00:00,0,0,0,0,False,Sunderland,0.0,,,,,,,,,,,-0.5212912542207935,,
395,Tyler Morton,27,2026-02-22 14:00:00+00:00,0,0,0,0,False,Nott'm Forest,0.0,0.6249,0.6249,1.0,0.0,1.0,0.6249,0.6249,0.0,1.0,True,-0.5212912542207935,2.164732266001341,2.6860235202221343
395,Tyler Morton,28,2026-02-28 15:00:00+00:00,0,0,0,0,True,West Ham,0.0,,,,,,,,,,,-0.5212912542207935,,
395,Tyler Morton,29,2026-03-03 20:15:00+00:00,0,0,0,0,False,Wolves,0.0,0.4588,0.4588,1.0,0.0,1.0,0.4588,0.4588,0.0,1.0,True,-0.5212912542207935,1.4883991150723235,2.009690369293117
395,Tyler Morton,30,2026-03-15 16:30:00+00:00,0,0,0,0,True,Spurs,0.0,0.4588,0.4588,1.0,0.0,1.0,0.4588,0.4588,1.0,0.0,True,-0.5212912542207935,1.4883991150723235,2.009690369293117
395,Tyler Morton,31,2026-03-21 12:45:00+00:00,0,0,0,0,False,Brighton,0.0,,,,,,,,,,,-0.5212912542207935,,
395,Tyler Morton,32,2026-04-11 16:30:00+00:00,0,0,0,0,True,Fulham,0.0,,,,,,,,,,,-0.5212912542207935,,
395,Tyler Morton,33,2026-04-19 13:00:00+00:00,0,0,0,0,False,Everton,0.0,,,,,,,,,,,-0.5212912542207935,,
395,Tyler Morton,34,2026-04-25 14:00:00+00:00,0,0,0,0,True,Crystal Palace,0.0,,,,,,,,,,,-0.5212912542207935,,
395,Tyler Morton,35,2026-05-03 14:30:00+00:00,0,0,0,0,False,Man Utd,0.0,,,,,,,,,,,-0.5212912542207935,,
395,Tyler Morton,36,2026-05-09 11:30:00+00:00,0,0,0,0,True,Chelsea,0.0,,,,,,,,,,,-0.5212912542207935,,
395,Tyler Morton,37,2026-05-15 19:00:00+00:00,0,0,0,0,False,Aston Villa,0.0,,,,,,,,,,,-0.5212912542207935,,
395,Tyler Morton,38,2026-05-24 15:00:00+00:00,0,0,0,0,True,Brentford,0.0,,,,,,,,,,,-0.5212912542207935,,
396,Trey Nyoni,1,2025-08-15 19:00:00+00:00,0,0,0,0,True,Bournemouth,0.0,,,,,,,,,,,-0.5212912542207935,,
396,Trey Nyoni,2,2025-08-25 19:00:00+00:00,0,0,0,0,False,Newcastle,0.0,,,,,,,,,,,-0.5212912542207935,,
396,Trey Nyoni,3,2025-08-31 15:30:00+00:00,0,0,0,0,True,Arsenal,0.0,0.0,0.0,1.0,0.0,0.0,0.0,0.0,0.0,1.0,True,-0.5212912542207935,-0.3797625324065027,0.14152872181429077
396,Trey Nyoni,4,2025-09-14 13:00:00+00:00,0,0,0,0,False,Burnley,0.0,,,,,,,,,,,-0.5212912542207935,,
396,Trey Nyoni,5,2025-09-20 11:30:00+00:00,0,0,0,0,True,Everton,0.0,,,,,,,,,,,-0.5212912542207935,,
396,Trey Nyoni,6,2025-09-27 14:00:00+00:00,0,0,0,0,False,Crystal Palace,0.0,,,,,,,,,,,-0.5212912542207935,,
396,Trey Nyoni,7,2025-10-04 16:30:00+00:00,0,0,0,0,False,Chelsea,0.0,0.0,0.0,1.0,0.0,0.0,0.0,0.0,0.0,1.0,True,-0.5212912542207935,-0.3797625324065027,0.14152872181429077
396,Trey Nyoni,8,2025-10-19 15:30:00+00:00,0,0,0,0,True,Man Utd,0.0,,,,,,,,,,,-0.5212912542207935,,
396,Trey Nyoni,9,2025-10-25 19:00:00+00:00,0,0,0,0,False,Brentford,0.0,0.0,0.0,1.0,0.0,0.0,0.0,0.0,0.0,1.0,True,-0.5212912542207935,-0.3797625324065027,0.14152872181429077
396,Trey Nyoni,10,2025-11-01 20:00:00+00:00,0,0,0,0,True,Aston Villa,0.0,0.8588,0.8587999999999999,1.0,0.0,1.0,0.8588,0.8588,0.0,1.0,True,-0.5212912542207935,3.1171363840163746,3.638427638237168
396,Trey Nyoni,11,2025-11-09 16:30:00+00:00,0,0,0,0,False,Man City,0.0,,,,,,,,,,,-0.5212912542207935,,
396,Trey Nyoni,12,2025-11-22 15:00:00+00:00,0,0,0,0,True,Nott'm Forest,0.0,,,,,,,,,,,-0.5212912542207935,,
396,Trey Nyoni,13,2025-11-30 14:05:00+00:00,0,0,0,0,False,West Ham,0.0,,,,,,,,,,,-0.5212912542207935,,
396,Trey Nyoni,14,2025-12-03 20:15:00+00:00,0,0,0,0,True,Sunderland,0.0,,,,,,,,,,,-0.5212912542207935,,
396,Trey Nyoni,15,2025-12-06 17:30:00+00:00,0,0,0,0,False,Leeds,0.0,,,,,,,,,,,-0.5212912542207935,,
396,Trey Nyoni,16,2025-12-13 15:00:00+00:00,0,0,0,0,True,Brighton,0.0,,,,,,,,,,,-0.5212912542207935,,
396,Trey Nyoni,17,2025-12-20 17:30:00+00:00,1,0,0,1,False,Spurs,1.0,0.16446666666666665,0.2145554140127388,9.0,0.3333333333333333,0.5555555555555556,0.16446666666666665,0.16446666666666665,0.0,9.0,False,-0.12905480780168835,0.28991994134099275,0.41897474914268107
396,Trey Nyoni,18,2025-12-27 15:00:00+00:00,1,0,0,1,True,Wolves,1.0,-0.33611875,-0.5459054166666667,16.0,0.5625,0.0625,-0.2632,-0.360425,4.0,12.0,False,-0.12905480780168835,-1.7483853696962233,-1.6193305618945348
396,Trey Nyoni,19,2026-01-01 17:30:00+00:00,0,0,0,0,True,Leeds,0.0,,,,,,,,,,,-0.5212912542207935,,
396,Trey Nyoni,20,2026-01-04 15:15:00+00:00,0,0,0,0,False,Fulham,0.0,-0.296,-0.296,1.0,1.0,0.0,-0.296,-0.296,1.0,0.0,True,-0.5212912542207935,-1.5850281114251001,-1.0637368572043067
396,Trey Nyoni,21,2026-01-08 20:00:00+00:00,0,0,0,0,False,Arsenal,0.0,,,,,,,,,,,-0.5212912542207935,,
396,Trey Nyoni,22,2026-01-17 15:00:00+00:00,0,0,0,0,True,Burnley,0.0,,,,,,,,,,,-0.5212912542207935,,
396,Trey Nyoni,23,2026-01-24 17:30:00+00:00,0,0,0,0,False,Bournemouth,0.0,,,,,,,,,,,-0.5212912542207935,,
396,Trey Nyoni,24,2026-01-31 20:00:00+00:00,0,0,0,0,True,Newcastle,0.0,0.0,0.0,1.0,0.0,0.0,0.0,0.0,0.0,1.0,True,-0.5212912542207935,-0.3797625324065027,0.14152872181429077
396,Trey Nyoni,25,2026-02-08 16:30:00+00:00,0,0,0,0,True,Man City,0.0,,,,,,,,,,,-0.5212912542207935,,
396,Trey Nyoni,26,2026-02-11 20:15:00+00:00,0,0,0,0,False,Sunderland,0.0,,,,,,,,,,,-0.5212912542207935,,
396,Trey Nyoni,27,2026-02-22 14:00:00+00:00,0,0,0,0,False,Nott'm Forest,0.0,,,,,,,,,,,-0.5212912542207935,,
396,Trey Nyoni,28,2026-02-28 15:00:00+00:00,1,0,0,4,True,West Ham,1.0,0.005376923076923075,0.10130309278350515,13.0,0.3076923076923077,0.3076923076923077,0.3182,-0.0515,2.0,11.0,False,-0.12905480780168835,-0.3578685448874279,-0.22881373708573957
396,Trey Nyoni,29,2026-03-03 20:15:00+00:00,0,0,0,0,False,Wolves,0.0,-0.10109999999999997,-0.26609999999999995,2.0,0.5,0.5,-0.8271,0.6249,1.0,1.0,True,-0.5212912542207935,-0.7914258771321113,-0.27013462291131785
396,Trey Nyoni,30,2026-03-15 16:30:00+00:00,1,0,0,7,True,Spurs,1.0,-0.1049764705882353,-0.0285206572769953,17.0,0.47058823529411764,0.23529411764705882,-0.33525,-0.07427333333333334,2.0,15.0,False,-0.12905480780168835,-0.8072102574296723,-0.678155449627984
396,Trey Nyoni,31,2026-03-21 12:45:00+00:00,0,0,0,0,False,Brighton,0.0,,,,,,,,,,,-0.5212912542207935,,
396,Trey Nyoni,32,2026-04-11 16:30:00+00:00,1,0,0,1,True,Fulham,1.0,-0.14136666666666667,-0.14773147208121826,15.0,0.4,0.13333333333333333,-0.48410000000000003,-0.05568333333333333,3.0,12.0,False,-0.12905480780168835,-0.9553854288724793,-0.826330621070791
396,Trey Nyoni,33,2026-04-19 13:00:00+00:00,0,0,0,0,False,Everton,0.0,0.5418499999999999,0.5510777777777778,2.0,0.0,1.0,0.5418499999999999,0.5418499999999999,0.0,2.0,True,-0.5212912542207935,1.826565690536832,2.347856944757625
396,Trey Nyoni,34,2026-04-25 14:00:00+00:00,0,0,0,0,True,Crystal Palace,0.0,0.0,0.0,1.0,0.0,0.0,0.0,0.0,0.0,1.0,True,-0.5212912542207935,-0.3797625324065027,0.14152872181429077
396,Trey Nyoni,35,2026-05-03 14:30:00+00:00,0,0,0,0,False,Man Utd,0.0,,,,,,,,,,,-0.5212912542207935,,
396,Trey Nyoni,36,2026-05-09 11:30:00+00:00,0,0,0,0,True,Chelsea,0.0,0.0,0.0,1.0,0.0,0.0,0.0,0.0,0.0,1.0,True,-0.5212912542207935,-0.3797625324065027,0.14152872181429077
396,Trey Nyoni,37,2026-05-15 19:00:00+00:00,0,0,0,0,False,Aston Villa,0.0,,,,,,,,,,,-0.5212912542207935,,
396,Trey Nyoni,38,2026-05-24 15:00:00+00:00,1,0,0,7,True,Brentford,1.0,0.017516666666666673,-0.03126290322580645,18.0,0.2777777777777778,0.3333333333333333,-0.063975,0.04079999999999998,4.0,14.0,False,-0.12905480780168835,-0.30843741283732784,-0.1793826050356395
397,Darwin Núñez Ribeiro,1,2025-08-15 19:00:00+00:00,0,0,0,0,True,Bournemouth,0.0,0.0,0.0,1.0,0.0,0.0,0.0,0.0,0.0,1.0,True,-0.5212912542207935,-0.3797625324065027,0.14152872181429077
397,Darwin Núñez Ribeiro,2,2025-08-25 19:00:00+00:00,0,0,0,0,False,Newcastle,0.0,,,,,,,,,,,-0.5212912542207935,,
397,Darwin Núñez Ribeiro,3,2025-08-31 15:30:00+00:00,0,0,0,0,True,Arsenal,0.0,0.0,0.0,1.0,0.0,0.0,0.0,0.0,0.0,1.0,True,-0.5212912542207935,-0.3797625324065027,0.14152872181429077
397,Darwin Núñez Ribeiro,4,2025-09-14 13:00:00+00:00,0,0,0,0,False,Burnley,0.0,,,,,,,,,,,-0.5212912542207935,,
397,Darwin Núñez Ribeiro,5,2025-09-20 11:30:00+00:00,0,0,0,0,True,Everton,0.0,-0.4404,-0.4404,1.0,1.0,0.0,-0.4404,-0.4404,0.0,1.0,True,-0.5212912542207935,-2.1730022655139027,-1.6517110112931093
397,Darwin Núñez Ribeiro,6,2025-09-27 14:00:00+00:00,0,0,0,0,False,Crystal Palace,0.0,,,,,,,,,,,-0.5212912542207935,,
397,Darwin Núñez Ribeiro,7,2025-10-04 16:30:00+00:00,0,0,0,0,False,Chelsea,0.0,-0.8016,-0.8016,1.0,1.0,0.0,-0.8016,-0.8016,0.0,1.0,True,-0.5212912542207935,-3.6437520193703805,-3.122460765149587
397,Darwin Núñez Ribeiro,8,2025-10-19 15:30:00+00:00,0,0,0,0,True,Man Utd,0.0,0.0,0.0,2.0,0.0,0.0,0.0,0.0,0.0,2.0,True,-0.5212912542207935,-0.3797625324065027,0.14152872181429077
397,Darwin Núñez Ribeiro,9,2025-10-25 19:00:00+00:00,0,0,0,0,False,Brentford,0.0,,,,,,,,,,,-0.5212912542207935,,
397,Darwin Núñez Ribeiro,10,2025-11-01 20:00:00+00:00,0,0,0,0,True,Aston Villa,0.0,0.0,0.0,1.0,0.0,0.0,0.0,0.0,0.0,1.0,True,-0.5212912542207935,-0.3797625324065027,0.14152872181429077
397,Darwin Núñez Ribeiro,11,2025-11-09 16:30:00+00:00,0,0,0,0,False,Man City,0.0,,,,,,,,,,,-0.5212912542207935,,
397,Darwin Núñez Ribeiro,12,2025-11-22 15:00:00+00:00,0,0,0,0,True,Nott'm Forest,0.0,,,,,,,,,,,-0.5212912542207935,,
397,Darwin Núñez Ribeiro,13,2025-11-30 14:05:00+00:00,0,0,0,0,False,West Ham,0.0,-0.1027,-0.1027,1.0,1.0,0.0,-0.1027,-0.1027,0.0,1.0,True,-0.5212912542207935,-0.7979408262078878,-0.2766495719870943
397,Darwin Núñez Ribeiro,14,2025-12-03 20:15:00+00:00,0,0,0,0,True,Sunderland,0.0,-0.05135,-0.08802857142857143,2.0,0.5,0.0,-0.05135,-0.05135,0.0,2.0,True,-0.5212912542207935,-0.5888516793071952,-0.0675604250864017
397,Darwin Núñez Ribeiro,15,2025-12-06 17:30:00+00:00,0,0,0,0,False,Leeds,0.0,,,,,,,,,,,-0.5212912542207935,,
397,Darwin Núñez Ribeiro,16,2025-12-13 15:00:00+00:00,0,0,0,0,True,Brighton,0.0,,,,,,,,,,,-0.5212912542207935,,
397,Darwin Núñez Ribeiro,17,2025-12-20 17:30:00+00:00,0,0,0,0,False,Spurs,0.0,-0.1027,-0.1027,1.0,1.0,0.0,-0.1027,-0.1027,0.0,1.0,True,-0.5212912542207935,-0.7979408262078878,-0.2766495719870943
397,Darwin Núñez Ribeiro,18,2025-12-27 15:00:00+00:00,0,0,0,0,True,Wolves,0.0,,,,,,,,,,,-0.5212912542207935,,
397,Darwin Núñez Ribeiro,19,2026-01-01 17:30:00+00:00,0,0,0,0,True,Leeds,0.0,,,,,,,,,,,-0.5212912542207935,,
397,Darwin Núñez Ribeiro,20,2026-01-04 15:15:00+00:00,0,0,0,0,False,Fulham,0.0,,,,,,,,,,,-0.5212912542207935,,
397,Darwin Núñez Ribeiro,21,2026-01-08 20:00:00+00:00,0,0,0,0,False,Arsenal,0.0,,,,,,,,,,,-0.5212912542207935,,
397,Darwin Núñez Ribeiro,22,2026-01-17 15:00:00+00:00,0,0,0,0,True,Burnley,0.0,0.2202,0.41449411764705885,2.0,0.0,0.5,0.2202,0.2202,0.0,2.0,True,-0.5212912542207935,0.5168573341471974,1.0381485883679908
397,Darwin Núñez Ribeiro,23,2026-01-24 17:30:00+00:00,0,0,0,0,False,Bournemouth,0.0,-0.7961,-0.7987960784313725,2.0,1.0,0.0,-0.8016,-0.7906,1.0,1.0,True,-0.5212912542207935,-3.6213568819224,-3.1000656277016065
397,Darwin Núñez Ribeiro,24,2026-01-31 20:00:00+00:00,0,0,0,0,True,Newcastle,0.0,,,,,,,,,,,-0.5212912542207935,,
397,Darwin Núñez Ribeiro,25,2026-02-08 16:30:00+00:00,0,0,0,0,True,Man City,0.0,,,,,,,,,,,-0.5212912542207935,,
397,Darwin Núñez Ribeiro,26,2026-02-11 20:15:00+00:00,0,0,0,0,False,Sunderland,0.0,,,,,,,,,,,-0.5212912542207935,,
397,Darwin Núñez Ribeiro,27,2026-02-22 14:00:00+00:00,0,0,0,0,False,Nott'm Forest,0.0,0.0,0.0,1.0,0.0,0.0,0.0,0.0,0.0,1.0,True,-0.5212912542207935,-0.3797625324065027,0.14152872181429077
397,Darwin Núñez Ribeiro,28,2026-02-28 15:00:00+00:00,0,0,0,0,True,West Ham,0.0,-0.6369,-0.6369,1.0,1.0,0.0,-0.6369,-0.6369,0.0,1.0,True,-0.5212912542207935,-2.9731194488826675,-2.451828194661874
397,Darwin Núñez Ribeiro,29,2026-03-03 20:15:00+00:00,0,0,0,0,False,Wolves,0.0,,,,,,,,,,,-0.5212912542207935,,
397,Darwin Núñez Ribeiro,30,2026-03-15 16:30:00+00:00,0,0,0,0,True,Spurs,0.0,0.377,0.5529333333333334,2.0,0.0,0.5,0.377,0.377,0.0,2.0,True,-0.5212912542207935,1.1553223435732651,1.6766135977940586
397,Darwin Núñez Ribeiro,31,2026-03-21 12:45:00+00:00,0,0,0,0,False,Brighton,0.0,,,,,,,,,,,-0.5212912542207935,,
397,Darwin Núñez Ribeiro,32,2026-04-11 16:30:00+00:00,0,0,0,0,True,Fulham,0.0,,,,,,,,,,,-0.5212912542207935,,
397,Darwin Núñez Ribeiro,33,2026-04-19 13:00:00+00:00,0,0,0,0,False,Everton,0.0,,,,,,,,,,,-0.5212912542207935,,
397,Darwin Núñez Ribeiro,34,2026-04-25 14:00:00+00:00,0,0,0,0,True,Crystal Palace,0.0,0.3348,0.5478545454545454,2.0,0.0,0.5,0.3348,0.3348,0.0,2.0,True,-0.5212912542207935,0.9834905616996678,1.5047818159204613
397,Darwin Núñez Ribeiro,35,2026-05-03 14:30:00+00:00,0,0,0,0,False,Man Utd,0.0,0.1591,0.29372307692307686,2.0,0.0,0.5,0.3182,0.0,1.0,1.0,True,-0.5212912542207935,0.26806771631599347,0.7893589705367869
397,Darwin Núñez Ribeiro,36,2026-05-09 11:30:00+00:00,0,0,0,0,True,Chelsea,0.0,,,,,,,,,,,-0.5212912542207935,,
397,Darwin Núñez Ribeiro,37,2026-05-15 19:00:00+00:00,0,0,0,0,False,Aston Villa,0.0,0.0,0.0,1.0,0.0,0.0,0.0,0.0,0.0,1.0,True,-0.5212912542207935,-0.3797625324065027,0.14152872181429077
397,Darwin Núñez Ribeiro,38,2026-05-24 15:00:00+00:00,0,0,0,0,True,Brentford,0.0,0.3182,0.3182,1.0,0.0,1.0,0.3182,0.3182,0.0,1.0,True,-0.5212912542207935,0.9158979650384896,1.4371892192592832
398,Jayden Danns,1,2025-08-15 19:00:00+00:00,0,0,0,0,True,Bournemouth,0.0,0.44015,0.44947499999999996,2.0,0.0,1.0,0.44015,0.44015,0.0,2.0,True,-0.5212912542207935,1.412459239907807,1.9337504941286006
398,Jayden Danns,2,2025-08-25 19:00:00+00:00,0,0,0,0,False,Newcastle,0.0,0.0,0.0,1.0,0.0,0.0,0.0,0.0,0.0,1.0,True,-0.5212912542207935,-0.3797625324065027,0.14152872181429077
398,Jayden Danns,3,2025-08-31 15:30:00+00:00,0,0,0,0,True,Arsenal,0.0,,,,,,,,,,,-0.5212912542207935,,
398,Jayden Danns,4,2025-09-14 13:00:00+00:00,0,0,0,0,False,Burnley,0.0,,,,,,,,,,,-0.5212912542207935,,
398,Jayden Danns,5,2025-09-20 11:30:00+00:00,0,0,0,0,True,Everton,0.0,,,,,,,,,,,-0.5212912542207935,,
398,Jayden Danns,6,2025-09-27 14:00:00+00:00,0,0,0,0,False,Crystal Palace,0.0,0.3182,0.3182,1.0,0.0,1.0,0.3182,0.3182,1.0,0.0,True,-0.5212912542207935,0.9158979650384896,1.4371892192592832
398,Jayden Danns,7,2025-10-04 16:30:00+00:00,0,0,0,0,False,Chelsea,0.0,,,,,,,,,,,-0.5212912542207935,,
398,Jayden Danns,8,2025-10-19 15:30:00+00:00,0,0,0,0,True,Man Utd,0.0,-0.07680000000000003,-0.2553333333333334,2.0,0.5,0.5,-0.07680000000000003,-0.07680000000000003,0.0,2.0,True,-0.5212912542207935,-0.6924800880437606,-0.17118883382296712
398,Jayden Danns,9,2025-10-25 19:00:00+00:00,0,0,0,0,False,Brentford,0.0,,,,,,,,,,,-0.5212912542207935,,
398,Jayden Danns,10,2025-11-01 20:00:00+00:00,0,0,0,0,True,Aston Villa,0.0,0.6249,0.6249,1.0,0.0,1.0,0.6249,0.6249,0.0,1.0,True,-0.5212912542207935,2.164732266001341,2.6860235202221343
398,Jayden Danns,11,2025-11-09 16:30:00+00:00,0,0,0,0,False,Man City,0.0,,,,,,,,,,,-0.5212912542207935,,
398,Jayden Danns,12,2025-11-22 15:00:00+00:00,0,0,0,0,True,Nott'm Forest,0.0,,,,,,,,,,,-0.5212912542207935,,
398,Jayden Danns,13,2025-11-30 14:05:00+00:00,0,0,0,0,False,West Ham,0.0,0.4588,0.4588,1.0,0.0,1.0,0.4588,0.4588,0.0,1.0,True,-0.5212912542207935,1.4883991150723235,2.009690369293117
398,Jayden Danns,14,2025-12-03 20:15:00+00:00,0,0,0,0,True,Sunderland,0.0,,,,,,,,,,,-0.5212912542207935,,
398,Jayden Danns,15,2025-12-06 17:30:00+00:00,0,0,0,0,False,Leeds,0.0,0.0,0.0,1.0,0.0,0.0,0.0,0.0,1.0,0.0,True,-0.5212912542207935,-0.3797625324065027,0.14152872181429077
398,Jayden Danns,16,2025-12-13 15:00:00+00:00,0,0,0,0,True,Brighton,0.0,,,,,,,,,,,-0.5212912542207935,,
398,Jayden Danns,17,2025-12-20 17:30:00+00:00,0,0,0,0,False,Spurs,0.0,0.6249,0.6249,1.0,0.0,1.0,0.6249,0.6249,0.0,1.0,True,-0.5212912542207935,2.164732266001341,2.6860235202221343
398,Jayden Danns,18,2025-12-27 15:00:00+00:00,0,0,0,0,True,Wolves,0.0,-0.2202,-0.273351724137931,2.0,0.5,0.0,-0.2202,-0.2202,0.0,2.0,True,-0.5212912542207935,-1.2763823989602026,-0.7550911447394091
398,Jayden Danns,19,2026-01-01 17:30:00+00:00,0,0,0,0,True,Leeds,0.0,,,,,,,,,,,-0.5212912542207935,,
398,Jayden Danns,20,2026-01-04 15:15:00+00:00,0,0,0,0,False,Fulham,0.0,0.0,0.0,1.0,0.0,0.0,0.0,0.0,0.0,1.0,True,-0.5212912542207935,-0.3797625324065027,0.14152872181429077
398,Jayden Danns,21,2026-01-08 20:00:00+00:00,0,0,0,0,False,Arsenal,0.0,,,,,,,,,,,-0.5212912542207935,,
398,Jayden Danns,22,2026-01-17 15:00:00+00:00,0,0,0,0,True,Burnley,0.0,,,,,,,,,,,-0.5212912542207935,,
398,Jayden Danns,23,2026-01-24 17:30:00+00:00,0,0,0,0,False,Bournemouth,0.0,,,,,,,,,,,-0.5212912542207935,,
398,Jayden Danns,24,2026-01-31 20:00:00+00:00,0,0,0,0,True,Newcastle,0.0,,,,,,,,,,,-0.5212912542207935,,
398,Jayden Danns,25,2026-02-08 16:30:00+00:00,0,0,0,0,True,Man City,0.0,0.4588,0.4588,1.0,0.0,1.0,0.4588,0.4588,0.0,1.0,True,-0.5212912542207935,1.4883991150723235,2.009690369293117
398,Jayden Danns,26,2026-02-11 20:15:00+00:00,0,0,0,0,False,Sunderland,0.0,,,,,,,,,,,-0.5212912542207935,,
398,Jayden Danns,27,2026-02-22 14:00:00+00:00,0,0,0,0,False,Nott'm Forest,0.0,,,,,,,,,,,-0.5212912542207935,,
398,Jayden Danns,28,2026-02-28 15:00:00+00:00,0,0,0,0,True,West Ham,0.0,0.8718,0.8718,1.0,0.0,1.0,0.8718,0.8718,1.0,0.0,True,-0.5212912542207935,3.170070345257056,3.6913615994778497
398,Jayden Danns,29,2026-03-03 20:15:00+00:00,0,0,0,0,False,Wolves,0.0,,,,,,,,,,,-0.5212912542207935,,
398,Jayden Danns,30,2026-03-15 16:30:00+00:00,0,0,0,0,True,Spurs,0.0,,,,,,,,,,,-0.5212912542207935,,
398,Jayden Danns,31,2026-03-21 12:45:00+00:00,0,0,0,0,False,Brighton,0.0,0.3182,0.3182,1.0,0.0,1.0,0.3182,0.3182,0.0,1.0,True,-0.5212912542207935,0.9158979650384896,1.4371892192592832
398,Jayden Danns,32,2026-04-11 16:30:00+00:00,0,0,0,0,True,Fulham,0.0,,,,,,,,,,,-0.5212912542207935,,
398,Jayden Danns,33,2026-04-19 13:00:00+00:00,0,0,0,0,False,Everton,0.0,0.0,0.0,1.0,0.0,0.0,0.0,0.0,0.0,1.0,True,-0.5212912542207935,-0.3797625324065027,0.14152872181429077
398,Jayden Danns,34,2026-04-25 14:00:00+00:00,0,0,0,0,True,Crystal Palace,0.0,,,,,,,,,,,-0.5212912542207935,,
398,Jayden Danns,35,2026-05-03 14:30:00+00:00,0,0,0,0,False,Man Utd,0.0,,,,,,,,,,,-0.5212912542207935,,
398,Jayden Danns,36,2026-05-09 11:30:00+00:00,0,0,0,0,True,Chelsea,0.0,0.8588,0.8588,1.0,0.0,1.0,0.8588,0.8588,0.0,1.0,True,-0.5212912542207935,3.1171363840163746,3.638427638237168
398,Jayden Danns,37,2026-05-15 19:00:00+00:00,0,0,0,0,False,Aston Villa,0.0,0.0,0.0,1.0,0.0,0.0,0.0,0.0,0.0,1.0,True,-0.5212912542207935,-0.3797625324065027,0.14152872181429077
398,Jayden Danns,38,2026-05-24 15:00:00+00:00,0,0,0,0,True,Brentford,0.0,,,,,,,,,,,-0.5212912542207935,,
499,Alexander Isak,4,2025-09-14 13:00:00+00:00,0,0,0,0,False,Burnley,0.0,,,,,,,,,,,-0.5212912542207935,,
499,Alexander Isak,5,2025-09-20 11:30:00+00:00,1,0,0,23,True,Everton,3.91304347826087,0.07732307692307692,0.02996387665198241,13.0,0.3076923076923077,0.46153846153846156,0.21075,0.053063636363636375,2.0,11.0,False,-0.12905480780168835,-0.06491508957139504,0.06413971823029331
499,Alexander Isak,6,2025-09-27 14:00:00+00:00,2,0,0,83,False,Crystal Palace,2.1686746987951806,0.08258666666666668,-0.22145163043478258,15.0,0.2,0.4666666666666667,0.08258666666666668,0.08258666666666668,0.0,15.0,False,0.2631816386174168,-0.0434825776118543,-0.3066642162292711
499,Alexander Isak,7,2025-10-04 16:30:00+00:00,5,0,1,73,False,Chelsea,6.164383561643835,0.31779999999999997,0.3767028571428572,10.0,0.2,0.7,-0.1027,0.36452222222222225,1.0,9.0,False,1.4398909778747322,0.9142692277695456,-0.5256217501051866
499,Alexander Isak,8,2025-10-19 15:30:00+00:00,2,0,0,71,True,Man Utd,2.535211267605634,-0.011550000000000001,-0.08484416243654823,14.0,0.35714285714285715,0.2857142857142857,0.0,-0.012438461538461539,1.0,13.0,False,0.2631816386174168,-0.4267923210472622,-0.689973959664679
499,Alexander Isak,9,2025-10-25 19:00:00+00:00,0,0,0,0,False,Brentford,0.0,0.31245,0.13584782608695653,2.0,0.0,0.5,0.31245,0.31245,0.0,2.0,True,-0.5212912542207935,0.892484866797419,1.4137761210182125
499,Alexander Isak,10,2025-11-01 20:00:00+00:00,0,0,0,0,True,Aston Villa,0.0,,,,,,,,,,,-0.5212912542207935,,
499,Alexander Isak,11,2025-11-09 16:30:00+00:00,0,0,0,0,False,Man City,0.0,-0.061100000000000015,0.06533333333333331,2.0,0.5,0.5,-0.4404,0.3182,1.0,1.0,True,-0.5212912542207935,-0.6285521502377066,-0.10726089601691313
499,Alexander Isak,12,2025-11-22 15:00:00+00:00,2,0,0,67,True,Nott'm Forest,2.6865671641791042,-0.1773588235294118,-0.20383543307086613,17.0,0.35294117647058826,0.11764705882352941,-0.47583333333333333,-0.11339999999999999,3.0,14.0,False,0.2631816386174168,-1.1019398470525628,-1.3651214856699796
499,Alexander Isak,13,2025-11-30 14:05:00+00:00,7,1,0,67,False,West Ham,9.402985074626866,0.32468125000000003,0.5831665338645418,16.0,0.25,0.5625,0.320075,0.32621666666666665,4.0,12.0,False,2.2243638707129425,0.942288598599349,-1.2820752721135935
499,Alexander Isak,14,2025-12-03 20:15:00+00:00,2,0,0,85,True,Sunderland,2.1176470588235294,-0.10323846153846153,-0.10327000000000001,13.0,0.3076923076923077,0.15384615384615385,0.0,-0.13421,3.0,10.0,False,0.2631816386174168,-0.800133357146851,-1.0633149957642678
499,Alexander Isak,15,2025-12-06 17:30:00+00:00,1,0,0,6,False,Leeds,1.0,0.055110000000000006,0.1083433333333333,10.0,0.2,0.3,0.5361,-0.0651375,2.0,8.0,False,-0.12905480780168835,-0.15536325517773608,-0.026308447376047733
499,Alexander Isak,16,2025-12-13 15:00:00+00:00,1,0,0,12,True,Brighton,1.0,0.22713,0.17118333333333338,10.0,0.2,0.6,-0.09825,0.30847500000000005,2.0,8.0,False,-0.12905480780168835,0.5450752073316529,0.6741300151333413
499,Alexander Isak,17,2025-12-20 17:30:00+00:00,6,1,0,14,False,Spurs,6.0,0.31000000000000005,0.4075821917808219,18.0,0.2222222222222222,0.6111111111111112,0.29295,0.31213124999999997,2.0,16.0,False,1.8321274242938375,0.8825088510251369,-0.9496185732687006
499,Alexander Isak,18,2025-12-27 15:00:00+00:00,0,0,0,0,True,Wolves,0.0,,,,,,,,,,,-0.5212912542207935,,
499,Alexander Isak,19,2026-01-01 17:30:00+00:00,0,0,0,0,True,Leeds,0.0,,,,,,,,,,,-0.5212912542207935,,
499,Alexander Isak,20,2026-01-04 15:15:00+00:00,0,0,0,0,False,Fulham,0.0,,,,,,,,,,,-0.5212912542207935,,
499,Alexander Isak,21,2026-01-08 20:00:00+00:00,0,0,0,0,False,Arsenal,0.0,0.4215,0.4215,1.0,0.0,1.0,0.4215,0.4215,0.0,1.0,True,-0.5212912542207935,1.3365193647432907,1.8578106189640842
499,Alexander Isak,22,2026-01-17 15:00:00+00:00,0,0,0,0,True,Burnley,0.0,,,,,,,,,,,-0.5212912542207935,,
499,Alexander Isak,23,2026-01-24 17:30:00+00:00,0,0,0,0,False,Bournemouth,0.0,,,,,,,,,,,-0.5212912542207935,,
499,Alexander Isak,24,2026-01-31 20:00:00+00:00,0,0,0,0,True,Newcastle,0.0,,,,,,,,,,,-0.5212912542207935,,
499,Alexander Isak,25,2026-02-08 16:30:00+00:00,0,0,0,0,True,Man City,0.0,,,,,,,,,,,-0.5212912542207935,,
499,Alexander Isak,26,2026-02-11 20:15:00+00:00,0,0,0,0,False,Sunderland,0.0,,,,,,,,,,,-0.5212912542207935,,
499,Alexander Isak,27,2026-02-22 14:00:00+00:00,0,0,0,0,False,Nott'm Forest,0.0,,,,,,,,,,,-0.5212912542207935,,
499,Alexander Isak,28,2026-02-28 15:00:00+00:00,0,0,0,0,True,West Ham,0.0,,,,,,,,,,,-0.5212912542207935,,
499,Alexander Isak,29,2026-03-03 20:15:00+00:00,0,0,0,0,False,Wolves,0.0,,,,,,,,,,,-0.5212912542207935,,
499,Alexander Isak,30,2026-03-15 16:30:00+00:00,0,0,0,0,True,Spurs,0.0,,,,,,,,,,,-0.5212912542207935,,
499,Alexander Isak,31,2026-03-21 12:45:00+00:00,0,0,0,0,False,Brighton,0.0,,,,,,,,,,,-0.5212912542207935,,
499,Alexander Isak,32,2026-04-11 16:30:00+00:00,1,0,0,21,True,Fulham,4.285714285714286,-0.13294444444444442,0.05518412698412703,9.0,0.5555555555555556,0.2222222222222222,-0.13294444444444442,-0.13294444444444442,0.0,9.0,False,-0.12905480780168835,-0.9210914608208239,-0.7920366530191356
499,Alexander Isak,33,2026-04-19 13:00:00+00:00,2,0,0,71,False,Everton,2.535211267605634,-0.08492857142857144,-0.12972786885245904,14.0,0.35714285714285715,0.14285714285714285,0.0,-0.09146153846153847,1.0,13.0,False,0.2631816386174168,-0.7255783561162308,-0.9887599947336476
499,Alexander Isak,34,2026-04-25 14:00:00+00:00,8,1,0,78,True,Crystal Palace,9.23076923076923,0.3615823529411765,0.3922313008130081,17.0,0.11764705882352941,0.5882352941176471,0.22319999999999998,0.39123571428571424,3.0,14.0,False,2.6166003171320478,1.0925441026629366,-1.5240562144691112
499,Alexander Isak,35,2026-05-03 14:30:00+00:00,0,0,0,0,False,Man Utd,0.0,0.0,0.0,2.0,0.0,0.0,0.0,0.0,0.0,2.0,True,-0.5212912542207935,-0.3797625324065027,0.14152872181429077
499,Alexander Isak,36,2026-05-09 11:30:00+00:00,1,0,0,23,True,Chelsea,3.91304347826087,-0.11722500000000001,-0.23967366071428572,16.0,0.3125,0.125,-0.099675,-0.123075,4.0,12.0,False,-0.12905480780168835,-0.8570843482864187,-0.7280295404847303
499,Alexander Isak,37,2026-05-15 19:00:00+00:00,0,0,0,0,False,Aston Villa,0.0,,,,,,,,,,,-0.5212912542207935,,
499,Alexander Isak,38,2026-05-24 15:00:00+00:00,0,0,0,0,True,Brentford,0.0,,,,,,,,,,,-0.5212912542207935,,
661,Hugo Ekitiké,1,2025-08-15 19:00:00+00:00,11,1,1,71,True,Bournemouth,13.943661971830986,0.41714324324324326,0.4288633387888706,37.0,0.10810810810810811,0.7567567567567568,0.22655,0.44024545454545455,4.0,33.0,False,3.793309656389363,1.318779334489657,-2.474530321899706
661,Hugo Ekitiké,2,2025-08-25 19:00:00+00:00,9,1,0,79,False,Newcastle,10.253164556962025,0.12878666666666666,0.27673586497890296,15.0,0.3333333333333333,0.5333333333333333,0.3182,0.11525714285714285,1.0,14.0,False,3.0088367635511526,0.14463657695118348,-2.864200186599969
661,Hugo Ekitiké,3,2025-08-31 15:30:00+00:00,2,0,0,78,True,Arsenal,2.3076923076923075,-0.18728823529411764,-0.19694861111111112,17.0,0.47058823529411764,0.17647058823529413,-0.4404,-0.17146875,1.0,16.0,False,0.2631816386174168,-1.1423708545522326,-1.4055524931696495
661,Hugo Ekitiké,4,2025-09-14 13:00:00+00:00,2,0,0,71,False,Burnley,2.535211267605634,-0.10455333333333335,-0.10460597609561752,15.0,0.3333333333333333,0.13333333333333333,-0.2235,-0.07481666666666668,3.0,12.0,False,0.2631816386174168,-0.8054873088873286,-1.0686689475047453
661,Hugo Ekitiké,5,2025-09-20 11:30:00+00:00,8,1,0,66,True,Everton,10.90909090909091,0.33657999999999993,0.4666958015267176,15.0,0.3333333333333333,0.6,0.3360666666666667,0.3367083333333334,3.0,12.0,False,2.6166003171320478,0.9907384425464686,-1.625861874585579
661,Hugo Ekitiké,6,2025-09-27 14:00:00+00:00,0,0,0,0,False,Crystal Palace,0.0,,,,,,,,,,,-0.5212912542207935,,
661,Hugo Ekitiké,7,2025-10-04 16:30:00+00:00,1,0,0,16,False,Chelsea,5.625,0.06920833333333332,0.1385547169811321,12.0,0.25,0.25,0.1953,0.027177777777777763,3.0,9.0,False,-0.12905480780168835,-0.09795705285274567,0.03109775494894268
661,Hugo Ekitiké,8,2025-10-19 15:30:00+00:00,1,0,0,28,True,Man Utd,3.2142857142857144,-0.07925454545454547,-0.16662540983606558,11.0,0.2727272727272727,0.2727272727272727,0.3182,-0.11899999999999997,1.0,10.0,False,-0.12905480780168835,-0.7024746121940989,-0.5734198043924106
661,Hugo Ekitiké,9,2025-10-25 19:00:00+00:00,2,0,0,90,False,Brentford,2.0,-0.08944285714285716,-0.1468583783783784,14.0,0.35714285714285715,0.35714285714285715,-0.30793333333333334,-0.029854545454545457,3.0,11.0,False,0.2631816386174168,-0.7439598195800278,-1.0071414581974445
661,Hugo Ekitiké,10,2025-11-01 20:00:00+00:00,2,0,0,76,True,Aston Villa,2.3684210526315788,-0.13753333333333334,-0.2269991935483871,9.0,0.4444444444444444,0.1111111111111111,0.10963333333333335,-0.26111666666666666,3.0,6.0,False,0.2631816386174168,-0.9397766967117654,-1.2029583353291822
661,Hugo Ekitiké,11,2025-11-09 16:30:00+00:00,1,0,0,55,False,Man City,1.6363636363636362,-0.034760000000000006,0.1356453333333333,10.0,0.4,0.2,-0.21230000000000002,0.04132857142857144,3.0,7.0,False,-0.12905480780168835,-0.5212998010777408,-0.39224499327605244
661,Hugo Ekitiké,12,2025-11-22 15:00:00+00:00,1,0,0,35,True,Nott'm Forest,2.571428571428571,0.1814461538461538,0.4368795918367347,13.0,0.3076923076923077,0.46153846153846156,0.1814461538461538,0.1814461538461538,0.0,13.0,False,-0.12905480780168835,0.3590577502829639,0.48811255808465226
661,Hugo Ekitiké,13,2025-11-30 14:05:00+00:00,1,0,0,22,False,West Ham,4.090909090909091,-0.14586666666666667,-0.28393076923076926,9.0,0.4444444444444444,0.2222222222222222,0.0,-0.1641,1.0,8.0,False,-0.12905480780168835,-0.9737087231481,-0.8446539153464117
661,Hugo Ekitiké,14,2025-12-03 20:15:00+00:00,1,0,0,16,True,Sunderland,5.625,0.037399999999999996,0.07981690140845069,9.0,0.1111111111111111,0.2222222222222222,0.10606666666666666,0.003066666666666662,3.0,6.0,False,-0.12905480780168835,-0.227475597760234,-0.09842078995854564
661,Hugo Ekitiké,15,2025-12-06 17:30:00+00:00,13,2,0,83,False,Leeds,14.096385542168674,0.14343999999999998,0.10446039387308535,20.0,0.35,0.45,0.17503333333333335,0.12990000000000002,6.0,14.0,False,4.577782549227573,0.20430265223683383,-4.373479896990739
661,Hugo Ekitiké,16,2025-12-13 15:00:00+00:00,13,2,0,77,True,Brighton,15.194805194805195,0.28138148148148145,0.3291653444676409,27.0,0.1111111111111111,0.5555555555555556,0.31512,0.2737136363636364,5.0,22.0,False,4.577782549227573,0.7659787317924451,-3.811803817435128
661,Hugo Ekitiké,17,2025-12-20 17:30:00+00:00,9,1,0,90,False,Spurs,9.0,0.20936000000000002,0.27277798742138354,15.0,0.26666666666666666,0.4,0.5326500000000001,0.15962307692307692,2.0,13.0,False,3.0088367635511526,0.47271855415881353,-2.536118209392339
661,Hugo Ekitiké,18,2025-12-27 15:00:00+00:00,5,0,1,85,True,Wolves,5.294117647058823,0.18562499999999998,0.1903150684931507,16.0,0.125,0.4375,0.006133333333333324,0.22704615384615384,3.0,13.0,False,1.4398909778747322,0.3760733564628458,-1.0638176214118864
661,Hugo Ekitiké,19,2026-01-01 17:30:00+00:00,2,0,0,90,True,Leeds,2.0,-0.06654615384615384,-0.17905594405594405,13.0,0.46153846153846156,0.3076923076923077,-0.36819999999999997,-0.011699999999999993,2.0,11.0,False,0.2631816386174168,-0.6507280345917908,-0.9139096732092076
661,Hugo Ekitiké,20,2026-01-04 15:15:00+00:00,0,0,0,0,False,Fulham,0.0,0.0,0.0,1.0,0.0,0.0,0.0,0.0,0.0,1.0,True,-0.5212912542207935,-0.3797625324065027,0.14152872181429077
661,Hugo Ekitiké,21,2026-01-08 20:00:00+00:00,0,0,0,0,False,Arsenal,0.0,,,,,,,,,,,-0.5212912542207935,,
661,Hugo Ekitiké,22,2026-01-17 15:00:00+00:00,2,0,0,90,True,Burnley,2.0,-0.04491666666666667,-0.23773547008547008,18.0,0.3333333333333333,0.3333333333333333,0.0,-0.04755882352941176,1.0,17.0,False,0.2631816386174168,-0.5626561548983451,-0.8258377935157619
661,Hugo Ekitiké,23,2026-01-24 17:30:00+00:00,1,0,0,31,False,Bournemouth,2.903225806451613,0.08858461538461539,0.024373291925465862,13.0,0.23076923076923078,0.3076923076923077,0.0,0.09596666666666666,1.0,12.0,False,-0.12905480780168835,-0.01905987107650869,0.10999493672517965
661,Hugo Ekitiké,24,2026-01-31 20:00:00+00:00,13,2,0,83,True,Newcastle,14.096385542168674,0.28522647058823525,0.43207946768060834,34.0,0.2647058823529412,0.6176470588235294,0.45963333333333334,0.26834838709677417,3.0,31.0,False,4.577782549227573,0.7816349244345796,-3.7961476247929933
661,Hugo Ekitiké,25,2026-02-08 16:30:00+00:00,2,0,0,90,True,Man City,2.0,0.01425,-0.15910148514851483,14.0,0.35714285714285715,0.42857142857142855,0.29295,-0.032200000000000006,2.0,12.0,False,0.2631816386174168,-0.3217387672003709,-0.5849204058177877
661,Hugo Ekitiké,26,2026-02-11 20:15:00+00:00,2,0,0,87,False,Sunderland,2.0689655172413794,-0.0005153846153846259,0.05631588785046727,13.0,0.3076923076923077,0.23076923076923078,0.0,-0.0006090909090909215,2.0,11.0,False,0.2631816386174168,-0.38186109773379606,-0.6450427363512128
661,Hugo Ekitiké,27,2026-02-22 14:00:00+00:00,2,0,0,90,False,Nott'm Forest,2.0,-0.16931250000000003,-0.2791339130434782,16.0,0.5,0.25,0.026624999999999982,-0.234625,4.0,12.0,False,0.2631816386174168,-1.069176479526727,-1.3323581181441437
661,Hugo Ekitiké,28,2026-02-28 15:00:00+00:00,15,1,2,75,True,West Ham,18.0,0.4278904761904761,0.46747267080745347,21.0,0.14285714285714285,0.7619047619047619,0.55545,0.41446315789473687,2.0,19.0,False,5.362255442065783,1.362540381587611,-3.9997150604781724
661,Hugo Ekitiké,29,2026-03-03 20:15:00+00:00,2,0,0,90,False,Wolves,2.0,0.046884999999999996,-0.16425644699140401,20.0,0.35,0.35,-0.057528571428571436,0.10310769230769232,7.0,13.0,False,0.2631816386174168,-0.18885416527039817,-0.45203580388781495
661,Hugo Ekitiké,30,2026-03-15 16:30:00+00:00,1,0,0,26,True,Spurs,3.4615384615384617,0.04824444444444446,0.01921159420289855,9.0,0.1111111111111111,0.3333333333333333,-0.25444999999999995,0.13472857142857145,2.0,7.0,False,-0.12905480780168835,-0.1833187206910841,-0.05426391288939575
661,Hugo Ekitiké,31,2026-03-21 12:45:00+00:00,1,0,0,7,False,Brighton,1.0,-0.022655555555555557,-0.21549441340782127,18.0,0.2777777777777778,0.3888888888888889,0.015219999999999989,-0.03722307692307693,5.0,13.0,False,-0.12905480780168835,-0.47201240161141717,-0.3429575938097288
661,Hugo Ekitiké,32,2026-04-11 16:30:00+00:00,0,0,0,0,True,Fulham,0.0,0.0,0.0,2.0,0.0,0.0,0.0,0.0,0.0,2.0,True,-0.5212912542207935,-0.3797625324065027,0.14152872181429077
661,Hugo Ekitiké,33,2026-04-19 13:00:00+00:00,0,0,0,0,False,Everton,0.0,-0.2202,-0.23178947368421052,2.0,0.5,0.0,-0.2202,-0.2202,0.0,2.0,True,-0.5212912542207935,-1.2763823989602026,-0.7550911447394091
661,Hugo Ekitiké,34,2026-04-25 14:00:00+00:00,0,0,0,0,True,Crystal Palace,0.0,,,,,,,,,,,-0.5212912542207935,,
661,Hugo Ekitiké,35,2026-05-03 14:30:00+00:00,0,0,0,0,False,Man Utd,0.0,,,,,,,,,,,-0.5212912542207935,,
661,Hugo Ekitiké,36,2026-05-09 11:30:00+00:00,0,0,0,0,True,Chelsea,0.0,,,,,,,,,,,-0.5212912542207935,,
661,Hugo Ekitiké,37,2026-05-15 19:00:00+00:00,0,0,0,0,False,Aston Villa,0.0,,,,,,,,,,,-0.5212912542207935,,
661,Hugo Ekitiké,38,2026-05-24 15:00:00+00:00,0,0,0,0,True,Brentford,0.0,0.3182,0.3182,1.0,0.0,1.0,0.3182,0.3182,0.0,1.0,True,-0.5212912542207935,0.9158979650384896,1.4371892192592832
686,Rio Ngumoha,1,2025-08-15 19:00:00+00:00,0,0,0,0,True,Bournemouth,0.0,,,,,,,,,,,-0.5212912542207935,,
686,Rio Ngumoha,2,2025-08-25 19:00:00+00:00,6,1,0,1,False,Newcastle,6.0,0.3846454545454545,0.5367032786885246,22.0,0.13636363636363635,0.6363636363636364,0.5995666666666667,0.35071052631578953,3.0,19.0,False,1.8321274242938375,1.186453435463764,-0.6456739888300735
686,Rio Ngumoha,3,2025-08-31 15:30:00+00:00,0,0,0,0,True,Arsenal,0.0,,,,,,,,,,,-0.5212912542207935,,
686,Rio Ngumoha,4,2025-09-14 13:00:00+00:00,1,0,0,3,False,Burnley,1.0,0.0822909090909091,-0.12111323529411766,11.0,0.2727272727272727,0.45454545454545453,-0.6369,0.15421,1.0,10.0,False,-0.12905480780168835,-0.044686856077376616,0.08436795172431173
686,Rio Ngumoha,5,2025-09-20 11:30:00+00:00,0,0,0,0,True,Everton,0.0,,,,,,,,,,,-0.5212912542207935,,
686,Rio Ngumoha,6,2025-09-27 14:00:00+00:00,1,0,0,6,False,Crystal Palace,1.0,-0.17409230769230769,-0.4401683257918552,13.0,0.5384615384615384,0.15384615384615385,-0.410425,-0.06905555555555555,4.0,9.0,False,-0.12905480780168835,-1.0886391068438441,-0.9595842990421558
686,Rio Ngumoha,7,2025-10-04 16:30:00+00:00,0,0,0,0,False,Chelsea,0.0,,,,,,,,,,,-0.5212912542207935,,
686,Rio Ngumoha,8,2025-10-19 15:30:00+00:00,0,0,0,0,True,Man Utd,0.0,,,,,,,,,,,-0.5212912542207935,,
686,Rio Ngumoha,9,2025-10-25 19:00:00+00:00,1,0,0,20,False,Brentford,4.5,0.09859,0.11758849557522123,10.0,0.2,0.3,0.09859,0.09859,0.0,10.0,False,-0.12905480780168835,0.02168048595648219,0.15073529375817055
686,Rio Ngumoha,10,2025-11-01 20:00:00+00:00,0,0,0,0,True,Aston Villa,0.0,,,,,,,,,,,-0.5212912542207935,,
686,Rio Ngumoha,11,2025-11-09 16:30:00+00:00,0,0,0,0,False,Man City,0.0,,,,,,,,,,,-0.5212912542207935,,
686,Rio Ngumoha,12,2025-11-22 15:00:00+00:00,1,0,0,12,True,Nott'm Forest,1.0,-0.2978909090909091,-0.4443345794392523,11.0,0.5454545454545454,0.09090909090909091,0.0,-0.32768,1.0,10.0,False,-0.12905480780168835,-1.5927275966964722,-1.4636727888947838
686,Rio Ngumoha,13,2025-11-30 14:05:00+00:00,0,0,0,0,False,West Ham,0.0,,,,,,,,,,,-0.5212912542207935,,
686,Rio Ngumoha,14,2025-12-03 20:15:00+00:00,0,0,0,0,True,Sunderland,0.0,,,,,,,,,,,-0.5212912542207935,,
686,Rio Ngumoha,15,2025-12-06 17:30:00+00:00,0,0,0,0,False,Leeds,0.0,,,,,,,,,,,-0.5212912542207935,,
686,Rio Ngumoha,16,2025-12-13 15:00:00+00:00,0,0,0,0,True,Brighton,0.0,,,,,,,,,,,-0.5212912542207935,,
686,Rio Ngumoha,17,2025-12-20 17:30:00+00:00,0,0,0,0,False,Spurs,0.0,,,,,,,,,,,-0.5212912542207935,,
686,Rio Ngumoha,18,2025-12-27 15:00:00+00:00,0,0,0,0,True,Wolves,0.0,,,,,,,,,,,-0.5212912542207935,,
686,Rio Ngumoha,19,2026-01-01 17:30:00+00:00,1,0,0,6,True,Leeds,1.0,0.00482500000000001,-0.3827505154639175,8.0,0.375,0.5,0.0,0.005514285714285726,1.0,7.0,False,-0.12905480780168835,-0.3601158890998651,-0.23106108129817673
686,Rio Ngumoha,20,2026-01-04 15:15:00+00:00,0,0,0,0,False,Fulham,0.0,0.0,0.0,1.0,0.0,0.0,0.0,0.0,1.0,0.0,True,-0.5212912542207935,-0.3797625324065027,0.14152872181429077
686,Rio Ngumoha,21,2026-01-08 20:00:00+00:00,0,0,0,0,False,Arsenal,0.0,,,,,,,,,,,-0.5212912542207935,,
686,Rio Ngumoha,22,2026-01-17 15:00:00+00:00,1,0,0,12,True,Burnley,1.0,0.16799333333333333,0.2388953947368421,15.0,0.06666666666666667,0.3333333333333333,0.4404,0.14853571428571427,1.0,14.0,False,-0.12905480780168835,0.3042799749288495,0.4333347827305378
686,Rio Ngumoha,23,2026-01-24 17:30:00+00:00,1,0,0,16,False,Bournemouth,5.625,-0.10907857142857143,-0.0730645569620253,14.0,0.42857142857142855,0.21428571428571427,-0.49074999999999996,0.04358999999999998,4.0,10.0,False,-0.12905480780168835,-0.8239133687287277,-0.6948585609270393
686,Rio Ngumoha,24,2026-01-31 20:00:00+00:00,0,0,0,0,True,Newcastle,0.0,,,,,,,,,,,-0.5212912542207935,,
686,Rio Ngumoha,25,2026-02-08 16:30:00+00:00,0,0,0,0,True,Man City,0.0,,,,,,,,,,,-0.5212912542207935,,
686,Rio Ngumoha,26,2026-02-11 20:15:00+00:00,0,0,0,0,False,Sunderland,0.0,0.0,0.0,1.0,0.0,0.0,0.0,0.0,0.0,1.0,True,-0.5212912542207935,-0.3797625324065027,0.14152872181429077
686,Rio Ngumoha,27,2026-02-22 14:00:00+00:00,1,0,0,13,False,Nott'm Forest,1.0,0.10301666666666666,-0.0745416267942584,12.0,0.3333333333333333,0.5,0.7642,-0.029219999999999996,2.0,10.0,False,-0.12905480780168835,0.039705178399463,0.16875998620115135
686,Rio Ngumoha,28,2026-02-28 15:00:00+00:00,1,0,0,14,True,West Ham,1.0,-0.11898333333333333,-0.32281885245901637,12.0,0.5,0.08333333333333333,0.0,-0.1298,1.0,11.0,False,-0.12905480780168835,-0.8642440058644851,-0.7351891980627968
686,Rio Ngumoha,29,2026-03-03 20:15:00+00:00,1,0,0,25,False,Wolves,3.5999999999999996,0.04595333333333333,0.11543552631578949,15.0,0.26666666666666666,0.3333333333333333,0.6696,0.001407142857142853,1.0,14.0,False,-0.12905480780168835,-0.19264776582598037,-0.06359295802429202
686,Rio Ngumoha,30,2026-03-15 16:30:00+00:00,3,0,0,63,True,Spurs,4.285714285714286,0.23257499999999998,0.1376688888888889,12.0,0.25,0.5,0.1591,0.24726999999999996,2.0,10.0,False,0.6554180850365219,0.5672463934051538,-0.08817169163136807
686,Rio Ngumoha,31,2026-03-21 12:45:00+00:00,1,0,0,27,False,Brighton,3.3333333333333335,-0.036960000000000014,-0.06911111111111112,15.0,0.4,0.3333333333333333,0.29295,-0.08771538461538461,2.0,13.0,False,-0.12905480780168835,-0.530257856056933,-0.40120304825524467
686,Rio Ngumoha,32,2026-04-11 16:30:00+00:00,11,1,0,68,True,Fulham,14.558823529411764,0.3959652173913043,0.5397726862302482,23.0,0.13043478260869565,0.6956521739130435,0.4010142857142857,0.39375625000000003,7.0,16.0,False,3.793309656389363,1.2325457345203732,-2.5607639218689897
686,Rio Ngumoha,33,2026-04-19 13:00:00+00:00,1,0,0,18,False,Everton,5.0,-0.12127142857142857,-0.33517089947089945,14.0,0.42857142857142855,0.35714285714285715,0.11387999999999998,-0.2519111111111111,5.0,9.0,False,-0.12905480780168835,-0.873560770837433,-0.7445059630357447
686,Rio Ngumoha,34,2026-04-25 14:00:00+00:00,0,0,0,0,True,Crystal Palace,0.0,,,,,,,,,,,-0.5212912542207935,,
686,Rio Ngumoha,35,2026-05-03 14:30:00+00:00,1,0,0,15,False,Man Utd,6.0,-0.04134666666666667,-0.1708634146341463,15.0,0.4666666666666667,0.26666666666666666,-0.023033333333333347,-0.045924999999999994,3.0,12.0,False,-0.12905480780168835,-0.5481196747730195,-0.41906486697133116
686,Rio Ngumoha,36,2026-05-09 11:30:00+00:00,6,0,1,66,True,Chelsea,8.181818181818182,0.51593,0.669385407725322,10.0,0.2,0.7,0.2563666666666667,0.6271714285714286,3.0,7.0,False,1.8321274242938375,1.7210235155092577,-0.11110390878457976
686,Rio Ngumoha,37,2026-05-15 19:00:00+00:00,2,0,0,90,False,Aston Villa,2.0,0.038464285714285715,-0.07142251655629141,14.0,0.35714285714285715,0.2857142857142857,0.2202,0.008174999999999988,2.0,12.0,False,0.2631816386174168,-0.22314199324107925,-0.48632363185849603
686,Rio Ngumoha,38,2026-05-24 15:00:00+00:00,2,0,0,72,True,Brentford,2.5,0.09311176470588235,0.16395648535564855,17.0,0.35294117647058826,0.47058823529411764,-0.2202,0.13488666666666668,2.0,15.0,False,0.2631816386174168,-0.000626029022453014,-0.2638076676398698
692,Giovanni Leoni,2,2025-08-25 19:00:00+00:00,0,0,0,0,False,Newcastle,0.0,,,,,,,,,,,-0.5212912542207935,,
692,Giovanni Leoni,3,2025-08-31 15:30:00+00:00,0,0,0,0,True,Arsenal,0.0,,,,,,,,,,,-0.5212912542207935,,
692,Giovanni Leoni,4,2025-09-14 13:00:00+00:00,0,0,0,0,False,Burnley,0.0,,,,,,,,,,,-0.5212912542207935,,
692,Giovanni Leoni,5,2025-09-20 11:30:00+00:00,0,0,0,0,True,Everton,0.0,,,,,,,,,,,-0.5212912542207935,,
692,Giovanni Leoni,6,2025-09-27 14:00:00+00:00,0,0,0,0,False,Crystal Palace,0.0,,,,,,,,,,,-0.5212912542207935,,
692,Giovanni Leoni,7,2025-10-04 16:30:00+00:00,0,0,0,0,False,Chelsea,0.0,0.1591,0.1591,2.0,0.0,0.5,0.0,0.3182,1.0,1.0,True,-0.5212912542207935,0.26806771631599347,0.7893589705367869
692,Giovanni Leoni,8,2025-10-19 15:30:00+00:00,0,0,0,0,True,Man Utd,0.0,,,,,,,,,,,-0.5212912542207935,,
692,Giovanni Leoni,9,2025-10-25 19:00:00+00:00,0,0,0,0,False,Brentford,0.0,,,,,,,,,,,-0.5212912542207935,,
692,Giovanni Leoni,10,2025-11-01 20:00:00+00:00,0,0,0,0,True,Aston Villa,0.0,,,,,,,,,,,-0.5212912542207935,,
692,Giovanni Leoni,11,2025-11-09 16:30:00+00:00,0,0,0,0,False,Man City,0.0,,,,,,,,,,,-0.5212912542207935,,
692,Giovanni Leoni,12,2025-11-22 15:00:00+00:00,0,0,0,0,True,Nott'm Forest,0.0,,,,,,,,,,,-0.5212912542207935,,
692,Giovanni Leoni,13,2025-11-30 14:05:00+00:00,0,0,0,0,False,West Ham,0.0,,,,,,,,,,,-0.5212912542207935,,
692,Giovanni Leoni,14,2025-12-03 20:15:00+00:00,0,0,0,0,True,Sunderland,0.0,,,,,,,,,,,-0.5212912542207935,,
692,Giovanni Leoni,15,2025-12-06 17:30:00+00:00,0,0,0,0,False,Leeds,0.0,,,,,,,,,,,-0.5212912542207935,,
692,Giovanni Leoni,16,2025-12-13 15:00:00+00:00,0,0,0,0,True,Brighton,0.0,,,,,,,,,,,-0.5212912542207935,,
692,Giovanni Leoni,17,2025-12-20 17:30:00+00:00,0,0,0,0,False,Spurs,0.0,,,,,,,,,,,-0.5212912542207935,,
692,Giovanni Leoni,18,2025-12-27 15:00:00+00:00,0,0,0,0,True,Wolves,0.0,,,,,,,,,,,-0.5212912542207935,,
692,Giovanni Leoni,19,2026-01-01 17:30:00+00:00,0,0,0,0,True,Leeds,0.0,,,,,,,,,,,-0.5212912542207935,,
692,Giovanni Leoni,20,2026-01-04 15:15:00+00:00,0,0,0,0,False,Fulham,0.0,,,,,,,,,,,-0.5212912542207935,,
692,Giovanni Leoni,21,2026-01-08 20:00:00+00:00,0,0,0,0,False,Arsenal,0.0,,,,,,,,,,,-0.5212912542207935,,
692,Giovanni Leoni,22,2026-01-17 15:00:00+00:00,0,0,0,0,True,Burnley,0.0,,,,,,,,,,,-0.5212912542207935,,
692,Giovanni Leoni,23,2026-01-24 17:30:00+00:00,0,0,0,0,False,Bournemouth,0.0,,,,,,,,,,,-0.5212912542207935,,
692,Giovanni Leoni,24,2026-01-31 20:00:00+00:00,0,0,0,0,True,Newcastle,0.0,-0.7906,-0.7906,1.0,1.0,0.0,-0.7906,-0.7906,0.0,1.0,True,-0.5212912542207935,-3.598961744474419,-3.0776704902536256
692,Giovanni Leoni,25,2026-02-08 16:30:00+00:00,0,0,0,0,True,Man City,0.0,,,,,,,,,,,-0.5212912542207935,,
692,Giovanni Leoni,26,2026-02-11 20:15:00+00:00,0,0,0,0,False,Sunderland,0.0,,,,,,,,,,,-0.5212912542207935,,
692,Giovanni Leoni,27,2026-02-22 14:00:00+00:00,0,0,0,0,False,Nott'm Forest,0.0,0.0,0.0,1.0,0.0,0.0,0.0,0.0,0.0,1.0,True,-0.5212912542207935,-0.3797625324065027,0.14152872181429077
692,Giovanni Leoni,28,2026-02-28 15:00:00+00:00,0,0,0,0,True,West Ham,0.0,,,,,,,,,,,-0.5212912542207935,,
692,Giovanni Leoni,29,2026-03-03 20:15:00+00:00,0,0,0,0,False,Wolves,0.0,0.6249,0.6249,1.0,0.0,1.0,0.6249,0.6249,0.0,1.0,True,-0.5212912542207935,2.164732266001341,2.6860235202221343
692,Giovanni Leoni,30,2026-03-15 16:30:00+00:00,0,0,0,0,True,Spurs,0.0,,,,,,,,,,,-0.5212912542207935,,
692,Giovanni Leoni,31,2026-03-21 12:45:00+00:00,0,0,0,0,False,Brighton,0.0,,,,,,,,,,,-0.5212912542207935,,
692,Giovanni Leoni,32,2026-04-11 16:30:00+00:00,0,0,0,0,True,Fulham,0.0,,,,,,,,,,,-0.5212912542207935,,
692,Giovanni Leoni,33,2026-04-19 13:00:00+00:00,0,0,0,0,False,Everton,0.0,0.0,0.0,1.0,0.0,0.0,0.0,0.0,1.0,0.0,True,-0.5212912542207935,-0.3797625324065027,0.14152872181429077
692,Giovanni Leoni,34,2026-04-25 14:00:00+00:00,0,0,0,0,True,Crystal Palace,0.0,0.6249,0.6249,1.0,0.0,1.0,0.6249,0.6249,0.0,1.0,True,-0.5212912542207935,2.164732266001341,2.6860235202221343
692,Giovanni Leoni,35,2026-05-03 14:30:00+00:00,0,0,0,0,False,Man Utd,0.0,,,,,,,,,,,-0.5212912542207935,,
692,Giovanni Leoni,36,2026-05-09 11:30:00+00:00,0,0,0,0,True,Chelsea,0.0,0.0,0.0,2.0,0.0,0.0,0.0,0.0,1.0,1.0,True,-0.5212912542207935,-0.3797625324065027,0.14152872181429077
692,Giovanni Leoni,37,2026-05-15 19:00:00+00:00,0,0,0,0,False,Aston Villa,0.0,,,,,,,,,,,-0.5212912542207935,,
692,Giovanni Leoni,38,2026-05-24 15:00:00+00:00,0,0,0,0,True,Brentford,0.0,,,,,,,,,,,-0.5212912542207935,,
746,Kieran Morrison,9,2025-10-25 19:00:00+00:00,0,0,0,0,False,Brentford,0.0,,,,,,,,,,,-0.5212912542207935,,
746,Kieran Morrison,10,2025-11-01 20:00:00+00:00,0,0,0,0,True,Aston Villa,0.0,,,,,,,,,,,-0.5212912542207935,,
746,Kieran Morrison,11,2025-11-09 16:30:00+00:00,0,0,0,0,False,Man City,0.0,,,,,,,,,,,-0.5212912542207935,,
746,Kieran Morrison,12,2025-11-22 15:00:00+00:00,0,0,0,0,True,Nott'm Forest,0.0,,,,,,,,,,,-0.5212912542207935,,
746,Kieran Morrison,13,2025-11-30 14:05:00+00:00,0,0,0,0,False,West Ham,0.0,0.0,0.0,1.0,0.0,0.0,0.0,0.0,1.0,0.0,True,-0.5212912542207935,-0.3797625324065027,0.14152872181429077
746,Kieran Morrison,14,2025-12-03 20:15:00+00:00,0,0,0,0,True,Sunderland,0.0,0.0,0.0,1.0,0.0,0.0,0.0,0.0,0.0,1.0,True,-0.5212912542207935,-0.3797625324065027,0.14152872181429077
746,Kieran Morrison,15,2025-12-06 17:30:00+00:00,0,0,0,0,False,Leeds,0.0,,,,,,,,,,,-0.5212912542207935,,
746,Kieran Morrison,16,2025-12-13 15:00:00+00:00,0,0,0,0,True,Brighton,0.0,,,,,,,,,,,-0.5212912542207935,,
746,Kieran Morrison,17,2025-12-20 17:30:00+00:00,0,0,0,0,False,Spurs,0.0,,,,,,,,,,,-0.5212912542207935,,
746,Kieran Morrison,18,2025-12-27 15:00:00+00:00,0,0,0,0,True,Wolves,0.0,,,,,,,,,,,-0.5212912542207935,,
746,Kieran Morrison,19,2026-01-01 17:30:00+00:00,0,0,0,0,True,Leeds,0.0,,,,,,,,,,,-0.5212912542207935,,
746,Kieran Morrison,20,2026-01-04 15:15:00+00:00,0,0,0,0,False,Fulham,0.0,,,,,,,,,,,-0.5212912542207935,,
746,Kieran Morrison,21,2026-01-08 20:00:00+00:00,0,0,0,0,False,Arsenal,0.0,,,,,,,,,,,-0.5212912542207935,,
746,Kieran Morrison,22,2026-01-17 15:00:00+00:00,0,0,0,0,True,Burnley,0.0,0.21075,0.12397058823529411,2.0,0.0,0.5,0.21075,0.21075,0.0,2.0,True,-0.5212912542207935,0.478378416168394,0.9996696703891874
746,Kieran Morrison,23,2026-01-24 17:30:00+00:00,0,0,0,0,False,Bournemouth,0.0,,,,,,,,,,,-0.5212912542207935,,
746,Kieran Morrison,24,2026-01-31 20:00:00+00:00,0,0,0,0,True,Newcastle,0.0,,,,,,,,,,,-0.5212912542207935,,
746,Kieran Morrison,25,2026-02-08 16:30:00+00:00,0,0,0,0,True,Man City,0.0,,,,,,,,,,,-0.5212912542207935,,
746,Kieran Morrison,26,2026-02-11 20:15:00+00:00,0,0,0,0,False,Sunderland,0.0,,,,,,,,,,,-0.5212912542207935,,
746,Kieran Morrison,27,2026-02-22 14:00:00+00:00,0,0,0,0,False,Nott'm Forest,0.0,0.21075,0.09726923076923076,2.0,0.0,0.5,0.21075,0.21075,0.0,2.0,True,-0.5212912542207935,0.478378416168394,0.9996696703891874
746,Kieran Morrison,28,2026-02-28 15:00:00+00:00,0,0,0,0,True,West Ham,0.0,,,,,,,,,,,-0.5212912542207935,,
746,Kieran Morrison,29,2026-03-03 20:15:00+00:00,0,0,0,0,False,Wolves,0.0,0.3182,0.3182,1.0,0.0,1.0,0.3182,0.3182,0.0,1.0,True,-0.5212912542207935,0.9158979650384896,1.4371892192592832
746,Kieran Morrison,30,2026-03-15 16:30:00+00:00,0,0,0,0,True,Spurs,0.0,,,,,,,,,,,-0.5212912542207935,,
746,Kieran Morrison,31,2026-03-21 12:45:00+00:00,0,0,0,0,False,Brighton,0.0,,,,,,,,,,,-0.5212912542207935,,
746,Kieran Morrison,32,2026-04-11 16:30:00+00:00,0,0,0,0,True,Fulham,0.0,,,,,,,,,,,-0.5212912542207935,,
746,Kieran Morrison,33,2026-04-19 13:00:00+00:00,0,0,0,0,False,Everton,0.0,,,,,,,,,,,-0.5212912542207935,,
746,Kieran Morrison,34,2026-04-25 14:00:00+00:00,0,0,0,0,True,Crystal Palace,0.0,,,,,,,,,,,-0.5212912542207935,,
746,Kieran Morrison,35,2026-05-03 14:30:00+00:00,0,0,0,0,False,Man Utd,0.0,0.3182,0.3182,2.0,0.0,1.0,0.3182,0.3182,0.0,2.0,True,-0.5212912542207935,0.9158979650384896,1.4371892192592832
746,Kieran Morrison,36,2026-05-09 11:30:00+00:00,0,0,0,0,True,Chelsea,0.0,,,,,,,,,,,-0.5212912542207935,,
746,Kieran Morrison,37,2026-05-15 19:00:00+00:00,0,0,0,0,False,Aston Villa,0.0,,,,,,,,,,,-0.5212912542207935,,
746,Kieran Morrison,38,2026-05-24 15:00:00+00:00,0,0,0,0,True,Brentford,0.0,0.6249,0.6249,1.0,0.0,1.0,0.6249,0.6249,0.0,1.0,True,-0.5212912542207935,2.164732266001341,2.6860235202221343
760,Wellity Lucky,16,2025-12-13 15:00:00+00:00,0,0,0,0,True,Brighton,0.0,,,,,,,,,,,-0.5212912542207935,,
760,Wellity Lucky,17,2025-12-20 17:30:00+00:00,0,0,0,0,False,Spurs,0.0,,,,,,,,,,,-0.5212912542207935,,
760,Wellity Lucky,18,2025-12-27 15:00:00+00:00,0,0,0,0,True,Wolves,0.0,,,,,,,,,,,-0.5212912542207935,,
760,Wellity Lucky,19,2026-01-01 17:30:00+00:00,0,0,0,0,True,Leeds,0.0,,,,,,,,,,,-0.5212912542207935,,
760,Wellity Lucky,20,2026-01-04 15:15:00+00:00,0,0,0,0,False,Fulham,0.0,,,,,,,,,,,-0.5212912542207935,,
760,Wellity Lucky,21,2026-01-08 20:00:00+00:00,0,0,0,0,False,Arsenal,0.0,0.1531,0.1531,1.0,0.0,1.0,0.1531,0.1531,1.0,0.0,True,-0.5212912542207935,0.24363665728183279,0.7649279115026263
760,Wellity Lucky,22,2026-01-17 15:00:00+00:00,0,0,0,0,True,Burnley,0.0,,,,,,,,,,,-0.5212912542207935,,
760,Wellity Lucky,23,2026-01-24 17:30:00+00:00,0,0,0,0,False,Bournemouth,0.0,,,,,,,,,,,-0.5212912542207935,,
760,Wellity Lucky,24,2026-01-31 20:00:00+00:00,0,0,0,0,True,Newcastle,0.0,0.4215,0.4215,1.0,0.0,1.0,0.4215,0.4215,0.0,1.0,True,-0.5212912542207935,1.3365193647432907,1.8578106189640842
760,Wellity Lucky,25,2026-02-08 16:30:00+00:00,0,0,0,0,True,Man City,0.0,,,,,,,,,,,-0.5212912542207935,,
760,Wellity Lucky,26,2026-02-11 20:15:00+00:00,0,0,0,0,False,Sunderland,0.0,,,,,,,,,,,-0.5212912542207935,,
760,Wellity Lucky,27,2026-02-22 14:00:00+00:00,0,0,0,0,False,Nott'm Forest,0.0,,,,,,,,,,,-0.5212912542207935,,
760,Wellity Lucky,28,2026-02-28 15:00:00+00:00,0,0,0,0,True,West Ham,0.0,,,,,,,,,,,-0.5212912542207935,,
760,Wellity Lucky,29,2026-03-03 20:15:00+00:00,0,0,0,0,False,Wolves,0.0,,,,,,,,,,,-0.5212912542207935,,
760,Wellity Lucky,30,2026-03-15 16:30:00+00:00,0,0,0,0,True,Spurs,0.0,,,,,,,,,,,-0.5212912542207935,,
760,Wellity Lucky,31,2026-03-21 12:45:00+00:00,0,0,0,0,False,Brighton,0.0,,,,,,,,,,,-0.5212912542207935,,
760,Wellity Lucky,32,2026-04-11 16:30:00+00:00,0,0,0,0,True,Fulham,0.0,0.4215,0.4215,2.0,0.0,1.0,0.4215,0.4215,0.0,2.0,True,-0.5212912542207935,1.3365193647432907,1.8578106189640842
760,Wellity Lucky,33,2026-04-19 13:00:00+00:00,0,0,0,0,False,Everton,0.0,,,,,,,,,,,-0.5212912542207935,,
760,Wellity Lucky,34,2026-04-25 14:00:00+00:00,0,0,0,0,True,Crystal Palace,0.0,,,,,,,,,,,-0.5212912542207935,,
760,Wellity Lucky,35,2026-05-03 14:30:00+00:00,0,0,0,0,False,Man Utd,0.0,0.59325,0.7147317073170733,2.0,0.0,1.0,0.59325,0.59325,0.0,2.0,True,-0.5212912542207935,2.035858429596143,2.5571496838169363
760,Wellity Lucky,36,2026-05-09 11:30:00+00:00,0,0,0,0,True,Chelsea,0.0,,,,,,,,,,,-0.5212912542207935,,
760,Wellity Lucky,37,2026-05-15 19:00:00+00:00,0,0,0,0,False,Aston Villa,0.0,,,,,,,,,,,-0.5212912542207935,,
760,Wellity Lucky,38,2026-05-24 15:00:00+00:00,0,0,0,0,True,Brentford,0.0,,,,,,,,,,,-0.5212912542207935,,
830,Will Wright,34,2026-04-25 14:00:00+00:00,0,0,0,0,True,Crystal Palace,0.0,0.0,0.0,1.0,0.0,0.0,0.0,0.0,0.0,1.0,True,-0.5212912542207935,-0.3797625324065027,0.14152872181429077
830,Will Wright,35,2026-05-03 14:30:00+00:00,0,0,0,0,False,Man Utd,0.0,,,,,,,,,,,-0.5212912542207935,,
830,Will Wright,36,2026-05-09 11:30:00+00:00,0,0,0,0,True,Chelsea,0.0,,,,,,,,,,,-0.5212912542207935,,
830,Will Wright,37,2026-05-15 19:00:00+00:00,0,0,0,0,False,Aston Villa,0.0,,,,,,,,,,,-0.5212912542207935,,
830,Will Wright,38,2026-05-24 15:00:00+00:00,0,0,0,0,True,Brentford,0.0,,,,,,,,,,,-0.5212912542207935,,
832,Talla Ndiaye,35,2026-05-03 14:30:00+00:00,0,0,0,0,False,Man Utd,0.0,,,,,,,,,,,-0.5212912542207935,,
832,Talla Ndiaye,36,2026-05-09 11:30:00+00:00,0,0,0,0,True,Chelsea,0.0,,,,,,,,,,,-0.5212912542207935,,
832,Talla Ndiaye,37,2026-05-15 19:00:00+00:00,0,0,0,0,False,Aston Villa,0.0,,,,,,,,,,,-0.5212912542207935,,
832,Talla Ndiaye,38,2026-05-24 15:00:00+00:00,0,0,0,0,True,Brentford,0.0,,,,,,,,,,,-0.5212912542207935,,
